sym,year_t,year_next,n_days_t,n_days_next,VR5,zstar,predictable,direction,pnl_bp,pnl_trend_bp,drift_bp
EURUSD,2008,2009,261,261,1.247294327314436,1.3878842968591771,False,1,-2.054136662197285,-2.054136662197285,0.9576707460300676
EURUSD,2009,2010,261,261,0.8811724617123663,-0.8600382743493321,False,-1,-3.2009444258971156,2.5546687533970194,-2.60869668975539
EURUSD,2010,2011,261,260,0.9634376775723518,-0.2553072374982944,False,-1,6.178558816205379,-6.828873209445345,-1.2481421358471494
EURUSD,2011,2012,260,261,0.9047590920266674,-0.6603841761773257,False,-1,2.5360209526446758,-3.1470003515745364,0.6947305697424323
EURUSD,2012,2013,261,261,1.0619639134552845,0.46275774210997794,False,1,3.6108676720051975,3.6108676720051975,1.5537805766795443
EURUSD,2013,2014,261,261,0.8741813603302765,-0.9769198326113464,False,-1,-0.48187604593055905,0.030938779861554577,-4.880344004895415
EURUSD,2014,2015,261,261,0.6974253927887146,-1.973799355433925,True,-1,-1.0712943666441417,0.4493409983177648,-4.147598390203414
EURUSD,2015,2016,261,260,1.039721791634201,0.26918991325623076,False,1,-0.9652100753157887,-0.9652100753157887,-1.2289214878037023
EURUSD,2016,2017,260,260,1.0353337419373223,0.2725074507233993,False,1,-1.900082158725418,-1.900082158725418,5.0761089546225815
EURUSD,2017,2018,260,261,0.7877479829063223,-1.6996199203937334,False,-1,0.8085123831342353,-1.4875387391376094,-1.7503201664303114
EURUSD,2018,2019,261,261,0.8949938812555519,-0.8171941584660055,False,-1,3.4427698507342765,-4.127086077843078,-0.8623052117583625
EURUSD,2019,2020,261,262,0.909859917481258,-0.635586308325114,False,-1,1.0086230103279874,-1.6492886633582133,3.2824008583710294
EURUSD,2020,2021,262,260,1.2705810946374407,1.5674231051143255,False,1,-3.1615223363786047,-3.1615223363786047,-2.7654997663486753
EURUSD,2021,2022,260,260,0.8606797448592346,-1.024656373883846,False,-1,-2.123078848224668,1.3204412276451298,-2.3154355986063027
EURUSD,2022,2023,260,260,1.0842403060609636,0.5883836865321121,False,1,-3.113050839687831,-3.113050839687831,1.1847232023756444
EURUSD,2023,2024,260,262,0.8320253389585562,-1.1774669797290254,False,-1,-0.08267236668807221,-0.5948145729406062,-2.4447255714853404
EURUSD,2024,2025,262,261,0.8699398195623007,-0.8625674564663807,False,-1,0.9353041788805869,-1.7327172885273583,4.83649397004657
EURUSD,2025,2026,261,129,0.8900901558837959,-0.6849153174191356,False,-1,0.0847280593848542,-0.6689440752914206,-2.2268134819183087
GBPUSD,2008,2009,261,261,1.1881507856743667,1.0527336199790367,False,1,-1.4716602958528437,-1.4716602958528437,3.8029214168001757
GBPUSD,2009,2010,261,261,0.9883288278352712,-0.08088430598438251,False,-1,-0.22282508818398977,-0.28653657174749514,-1.3477368540151375
GBPUSD,2010,2011,261,260,0.9202819183994927,-0.5892893033296775,False,-1,3.5899273899238833,-4.145760253421702,-0.1664469731161799
GBPUSD,2011,2012,260,261,0.854515217461057,-1.1307365197379549,False,-1,1.9491504184273176,-2.3748651076314644,1.6809697363166687
GBPUSD,2012,2013,261,261,0.9614493552350593,-0.295292542217947,False,-1,-2.274415005290785,1.7782642056207796,0.7273538417413132
GBPUSD,2013,2014,261,261,0.9735491276626951,-0.19203465767394817,False,-1,-0.9893445094748679,0.5039642260908835,-2.3334483648885618
GBPUSD,2014,2015,261,261,0.8496250785986891,-0.9654098680414037,False,-1,4.048723542179258,-4.662782829364829,-2.129422404301036
GBPUSD,2015,2016,261,260,1.0654768937441237,0.46036879685087495,False,1,-3.3512793245291204,-3.3512793245291204,-6.80772279095471
GBPUSD,2016,2017,260,260,1.1346092487282449,0.5479231976660213,False,1,-0.9023347121622156,-0.9023347121622156,3.439879609746577
GBPUSD,2017,2018,260,261,0.801517854909218,-1.2504350156215893,False,-1,-1.0142677671020435,0.4384324396602661,-2.1662686661386417
GBPUSD,2018,2019,261,261,0.963086525096376,-0.26834032686781106,False,-1,-1.2444756963356596,0.6412286939809613,1.48304842751536
GBPUSD,2019,2020,261,262,1.0358498178292352,0.20472609380935802,False,1,0.04452790048791622,0.04452790048791622,1.1545310310807422
GBPUSD,2020,2021,262,260,1.4467246132647114,2.2088279642642483,True,1,0.17803926447554663,0.17803926447554663,-0.4112119829421243
GBPUSD,2021,2022,260,260,0.789263402927051,-1.5659058027413384,False,-1,-0.45745236770424597,-0.21854339156911307,-4.2823110983485755
GBPUSD,2022,2023,260,260,1.0278839592439626,0.1646990145628801,False,1,0.0377659684769726,0.0377659684769726,1.970719910593061
GBPUSD,2023,2024,260,262,0.824386586613763,-1.2113820388905678,False,-1,-0.09137993532773485,-0.5075056439086629,-0.6608507163746951
GBPUSD,2024,2025,262,261,0.9599431516026488,-0.273592474355071,False,-1,1.9641441758778186,-2.5346738603616448,2.837504602352552
GBPUSD,2025,2026,261,129,0.9460392314867875,-0.3715419228775836,False,-1,2.0263747008296384,-2.8315176403937783,-1.2926965095579854
AUDUSD,2008,2009,260,260,0.8658311227503805,-0.5231923803842871,False,-1,4.554620636226663,-5.680433596336131,9.215444486638717
AUDUSD,2009,2010,260,261,0.8198350823344107,-1.2869362702217444,False,-1,-3.2144601184024206,2.4530234507247255,5.156190313087349
AUDUSD,2010,2011,261,260,1.1283005731979834,0.7997278537863367,False,1,0.7523692243276239,0.7523692243276239,-0.0816781279050136
AUDUSD,2011,2012,260,261,1.0745721381123907,0.4745657798432601,False,1,-0.22031903930410968,-0.22031903930410968,0.6859736522469864
AUDUSD,2012,2013,261,261,0.8774959469574023,-0.9491076198344081,False,-1,1.9526947045934353,-2.7803265547443634,-5.896018607396182
AUDUSD,2013,2014,261,261,0.9342029334476617,-0.4276129277725102,False,-1,-0.6214958928366308,-0.3364882626526823,-3.367208700356861
AUDUSD,2014,2015,261,261,0.8512756435017574,-1.0285628707042183,False,-1,-0.29895608908594945,-0.8018673834889719,-4.338958885655237
AUDUSD,2015,2016,261,260,0.930558395747926,-0.49924077627342833,False,-1,-5.312496756999322,4.485172395919005,-0.4443708138538742
AUDUSD,2016,2017,260,260,0.9117560028116536,-0.6582865805643358,False,-1,-0.03880796202417564,-0.9612361593913669,3.017766269707481
AUDUSD,2017,2018,260,261,1.0796274658116691,0.5841894258884271,False,1,-2.0731744902615854,-2.0731744902615854,-3.8767002234248755
AUDUSD,2018,2019,261,261,0.9343635930610931,-0.5318824969737811,False,-1,0.45775118919009133,-1.803934481337302,-0.16031972120775875
AUDUSD,2019,2020,261,262,0.9236266449102433,-0.4714767540685469,False,-1,-2.138698264193859,0.9899518171804047,3.539433904353987
AUDUSD,2020,2021,262,260,1.4969890128880217,2.6899667797054825,True,1,-4.915103314605076,-4.915103314605076,-2.2054007213301454
AUDUSD,2021,2022,260,260,0.7797445063027684,-1.5069232413002385,False,-1,4.284548243122501,-5.307973039618345,-2.468098805513398
AUDUSD,2022,2023,260,260,0.8318715428392963,-1.1886922260017663,False,-1,2.0733025561148266,-3.328610325820293,-0.027108659401804038
AUDUSD,2023,2024,260,262,0.8981831428897178,-0.7271588437117159,False,-1,-1.70718194158495,0.5265120772071723,-3.651419352282431
AUDUSD,2024,2025,262,261,0.8930042854678705,-0.7110089634668133,False,-1,6.227585448436289,-7.5630093041244795,2.896849136561231
AUDUSD,2025,2026,261,129,0.8500561492093495,-0.7088220704449701,False,-1,3.941130760990955,-5.439889125003278,2.7280287121019464
USDJPY,2008,2009,238,261,0.694599795536909,-1.6622757442049956,False,-1,-0.8291779593224964,0.0555379116048347,0.9869149462203962
USDJPY,2009,2010,261,261,0.8891248117583255,-0.7481741856772648,False,-1,-1.6744885501581368,0.8947648065981492,-5.237692948185647
USDJPY,2010,2011,261,260,0.8685183116477837,-0.9548576802279793,False,-1,-2.7692606387509984,1.815199876466259,-2.0537820008652865
USDJPY,2011,2012,260,261,1.0038204190777433,0.025519946818569735,False,1,2.0627384008282097,2.0627384008282097,4.595652774602926
USDJPY,2012,2013,261,261,0.9604945289203729,-0.25647594860263895,False,-1,1.445859571138574,-2.168175536691947,7.431362522993896
USDJPY,2013,2014,261,261,0.9193907776846009,-0.5527670202710557,False,-1,-2.332631551822277,1.5925641530364432,4.915283744678663
USDJPY,2014,2015,261,261,1.1341935561750205,0.7365631137246784,False,1,-5.793864441371393,-5.793864441371393,0.17983485268996036
USDJPY,2015,2016,261,260,0.859306888349767,-0.8202153992771806,False,-1,-1.9198103790529155,1.0968871134574474,-1.0707562306293337
USDJPY,2016,2017,260,260,1.1743436307807613,1.291862270456375,False,1,-5.746880786405728,-5.746880786405728,-1.4311627773538242
USDJPY,2017,2018,260,261,0.8085435302317759,-1.2896257892294025,False,-1,-0.5906004680226197,-0.10358153956289377,-1.069764242372994
USDJPY,2018,2019,261,261,0.9536345700489951,-0.35687846904920684,False,-1,1.219114053234789,-2.0352067630265256,-0.32486651685334283
USDJPY,2019,2020,261,262,0.8419422054814842,-1.0558999028208447,False,-1,3.207735893900157,-4.154915671963862,-1.9357413301875983
USDJPY,2020,2021,262,260,1.0188801886787782,0.07915530306996658,False,1,-1.3767925417634095,-1.3767925417634095,4.172412487781679
USDJPY,2021,2022,260,260,0.9661102953257141,-0.25160027704661325,False,-1,-5.904427802905562,5.316637589753078,5.00091041315694
USDJPY,2022,2023,260,260,0.9514373310808957,-0.3107320000813556,False,-1,-0.23820257605021858,-0.29790335725355593,2.8013761213966477
USDJPY,2023,2024,260,262,0.9090921331327385,-0.6185325787616283,False,-1,-6.415625064981377,5.992510034575266,4.15398946379087
USDJPY,2024,2025,262,261,1.0692804039281019,0.44875809557900237,False,1,-7.1466406720113325,-7.1466406720113325,-0.12842943630919976
USDJPY,2025,2026,261,129,0.7718299865429837,-1.515203572967438,False,-1,-2.3336012972577738,1.9410989886035102,2.902107906126963
USDCHF,2008,2009,261,261,1.109201269001794,0.6045529443825194,False,1,-11.813817669294373,-11.813817669294373,-1.218854838759206
USDCHF,2009,2010,261,261,0.7129957668009516,-2.039861754181772,True,-1,-7.397412313092253,6.726758284139353,-3.943737683067604
USDCHF,2010,2011,261,260,0.9401047071635982,-0.44517918252736627,False,-1,3.0745444918606677,-3.92394803804363,0.20747765085499248
USDCHF,2011,2012,260,261,1.0761317353815145,0.45882513610942066,False,1,-4.068882101273493,-4.068882101273493,-0.8627173398856121
USDCHF,2012,2013,261,261,1.020663368960907,0.14847892375177335,False,1,3.4929115355294207,3.4929115355294207,-1.0602883888155938
USDCHF,2013,2014,261,261,0.9159953814365034,-0.602871484164063,False,-1,-1.3871796982195566,0.6342685815495797,4.118130411967874
USDCHF,2014,2015,261,261,0.7534644996344848,-1.696594395873249,False,-1,3.249470039617315,-4.038000060909033,0.2906748298153302
USDCHF,2015,2016,261,260,0.9538451759705601,-0.3267300430724616,False,-1,-0.6464626293263016,-0.16426268479946945,0.6140811467605624
USDCHF,2016,2017,260,260,1.2478387220421019,1.9513057648394596,False,1,-0.9574631230140487,-0.9574631230140487,-1.6852464739943105
USDCHF,2017,2018,260,261,0.8516116012542958,-1.1017343925458445,False,-1,0.06719872265268059,-0.9740405011353176,0.2704430649706279
USDCHF,2018,2019,261,261,0.9957126514193977,-0.03090400841870639,False,-1,1.5118109790910235,-2.3463734966338015,-0.5523171657157171
USDCHF,2019,2020,261,262,1.0162493426066623,0.10723021378232457,False,1,-2.0570921881077577,-2.0570921881077577,-3.3939232865567663
USDCHF,2020,2021,262,260,1.1531099005744239,0.8537594358503103,False,1,-0.7562740142967095,-0.7562740142967095,1.1562712926546754
USDCHF,2021,2022,260,260,0.9588895128397744,-0.31229789558403287,False,-1,-1.9963570997439013,1.1203760494746124,0.5275071323064529
USDCHF,2022,2023,260,260,1.223829951954354,1.4560071191671173,False,1,1.7135259434389583,1.7135259434389583,-3.6271371940199244
USDCHF,2023,2024,260,262,0.8567300750989038,-0.971166729237137,False,-1,2.386522672238442,-3.4455429343899313,2.8879489797135864
USDCHF,2024,2025,262,261,0.9505978217977062,-0.36502173974572294,False,-1,3.4757253315350027,-4.626994202832589,-5.182811444050601
USDCHF,2025,2026,261,129,0.8809459434292665,-0.6299936556181737,False,-1,-0.11132608988029621,-0.796373379747986,1.5774287803466405
USDCAD,2008,2009,261,261,1.2454784581975886,1.1474936609622153,False,1,-2.2403988601384923,-2.2403988601384923,-5.802427057534435
USDCAD,2009,2010,261,261,0.9951104398584427,-0.03753264147928888,False,-1,2.05584376525959,-2.786592849222413,-2.018074751538067
USDCAD,2010,2011,261,260,0.8975736326827647,-0.7343820776280183,False,-1,1.7922411115027117,-2.7579431232503837,0.8854039757714626
USDCAD,2011,2012,260,261,0.9304820437278277,-0.45761131799000165,False,-1,1.7351467240930116,-2.4566152860359027,-1.0868945762626236
USDCAD,2012,2013,261,261,0.7454444688668995,-1.7427725740055005,False,-1,-3.255119609569859,2.5389977882935044,2.5971678820010653
USDCAD,2013,2014,261,261,1.1278995241052276,0.9273148458638779,False,1,1.0959712244286002,1.0959712244286002,3.439560168473673
USDCAD,2014,2015,261,261,0.9335881750876595,-0.49783963635758405,False,-1,3.0716047389838845,-3.755059840636175,6.693675500249822
USDCAD,2015,2016,261,260,1.0052817205044493,0.034641878197084836,False,1,-1.4039683447724893,-1.4039683447724893,-1.132606399042718
USDCAD,2016,2017,260,260,1.0456139550085932,0.3160684934371088,False,1,1.7391850753077318,1.7391850753077318,-2.5560878905803612
USDCAD,2017,2018,260,261,1.0980743721479078,0.7138299697203921,False,1,-2.135998723862309,-2.135998723862309,3.122449818786149
USDCAD,2018,2019,261,261,0.926837311006241,-0.5605011698102917,False,-1,3.233238005961193,-3.9357596085564275,-1.8697343075247528
USDCAD,2019,2020,261,262,1.0109035618878381,0.07935239610869503,False,1,1.1762111884506172,1.1762111884506172,-0.7821767405524194
USDCAD,2020,2021,262,260,1.0355021220650216,0.18881709179946135,False,1,-1.565519709328198,-1.565519709328198,-0.2617958067243094
USDCAD,2021,2022,260,260,0.7849634811609089,-1.562202600392622,False,-1,1.2040698812516757,-1.9384377689185202,2.675887459274275
USDCAD,2022,2023,260,260,0.849049823676126,-1.0399965689861417,False,-1,-0.8402397613542641,0.2824006091974905,-0.8610819734435247
USDCAD,2023,2024,260,262,0.9985484676447574,-0.010007914785803705,False,-1,-0.2673465438341584,-0.3569269880623917,3.131745423381238
USDCAD,2024,2025,262,261,0.8048538024852799,-1.3918121433022703,False,-1,-0.3663647764428995,-0.18994241921016108,-1.7854976283801263
USDCAD,2025,2026,261,129,0.8879243324541123,-0.6721232188257706,False,-1,-5.3030337222166155,5.031689816119512,2.684001645372443
EURJPY,2008,2009,261,261,0.8431149861936221,-0.7301990847676526,False,-1,-0.21493930820656182,-0.4433945546825212,1.9166978856094048
EURJPY,2009,2010,261,261,0.8567025710337993,-1.0012981225272457,False,-1,-0.8902585298097115,0.19143608569879775,-7.883560561536426
EURJPY,2010,2011,261,260,0.8324075166655399,-1.1146487226826645,False,-1,-0.2119312076132067,-0.5703829764745896,-3.287003315880527
EURJPY,2011,2012,260,261,0.9194150976498606,-0.5142789070692185,False,-1,-7.319464672922914,6.702817117200539,5.338550656474968
EURJPY,2012,2013,261,261,1.135799767624262,1.0366671560559448,False,1,-2.081112463472231,-2.081112463472231,8.955864380539408
EURJPY,2013,2014,261,261,0.887103110407823,-0.6939091920878057,False,-1,-2.242186595219315,1.6624962057545205,0.04051342318964356
EURJPY,2014,2015,261,261,0.9848299653320873,-0.09790281365893026,False,-1,-5.066247908421047,4.541017780539023,-3.9683173079013656
EURJPY,2015,2016,261,260,1.034137940270721,0.2284288086685531,False,1,1.932711209339581,1.932711209339581,-2.2478838135504065
EURJPY,2016,2017,260,260,0.8954312473732611,-0.6593520405634281,False,-1,1.1770717636596444,-1.807705775693391,3.5836982831541233
EURJPY,2017,2018,260,261,1.0144501308237555,0.10318338987193122,False,1,-1.7439197012982284,-1.7439197012982284,-2.7875595930950503
EURJPY,2018,2019,261,261,0.8945831051215579,-0.724445237303887,False,-1,-0.9031362061895142,0.2868036046519155,-1.185975753174268
EURJPY,2019,2020,261,262,0.7607628741071296,-1.317131320292006,False,-1,0.37003156460637093,-1.0668843361270823,1.3221281685334805
EURJPY,2020,2021,262,260,0.9186512162949096,-0.4923969882956427,False,-1,-1.9144278597707665,1.285556464533139,1.4169397792756713
EURJPY,2021,2022,260,260,0.9229423353200514,-0.5420793470810984,False,-1,-1.61011117614116,1.0752377335780063,2.6923116524582174
EURJPY,2022,2023,260,260,1.0199057601981256,0.15134005359157476,False,1,-5.7896429166697265,-5.7896429166697265,3.9763939736364105
EURJPY,2023,2024,260,262,0.7544658879318404,-1.569641204654078,False,-1,-5.567413187351855,5.211474300949965,1.709766827669027
EURJPY,2024,2025,262,261,1.0481704729987735,0.3255225468076066,False,1,-2.5876292991507177,-2.5876292991507177,4.703590406857736
GBPJPY,2008,2009,261,261,0.8503178448607542,-0.7070988043404625,False,-1,-4.40774311469937,3.809023132478944,4.813331086524394
GBPJPY,2009,2010,261,261,0.9433221391882639,-0.39298347614841306,False,-1,-3.9168147674532747,3.41384508853198,-6.576545381812359
GBPJPY,2010,2011,261,260,0.8529729102427863,-1.1145054599046669,False,-1,0.37448274768965506,-1.025192375513154,-2.223045060856575
GBPJPY,2011,2012,260,261,0.937350836219203,-0.37802092182106417,False,-1,-5.270103641787986,4.795891946625176,6.232051652841721
GBPJPY,2012,2013,261,261,0.9964572677425296,-0.025909830705982472,False,-1,1.918267763183412,-2.4012484407854986,8.213269507731988
GBPJPY,2013,2014,261,261,0.9241089161474404,-0.4699878040986564,False,-1,1.2231359080104205,-1.726139999667172,2.6181265526782784
GBPJPY,2014,2015,261,261,1.025602761242826,0.15458671318279776,False,1,2.030553159758019,2.030553159758019,-2.0037116322981054
GBPJPY,2015,2016,261,260,1.0906951120158999,0.557772524138422,False,1,7.556824505431568,7.556824505431568,-7.85511248286216
GBPJPY,2016,2017,260,260,1.1861923354940291,0.8703521029833908,False,1,-1.514668306698232,-1.514668306698232,1.9828882545710746
GBPJPY,2017,2018,260,261,1.0259239160223805,0.1859740684104317,False,1,0.4701377052304785,0.4701377052304785,-3.194062035410891
GBPJPY,2018,2019,261,261,0.9472967068125009,-0.40152885604906746,False,-1,-5.906713949655975,5.4351532962686555,1.145983421340913
GBPJPY,2019,2020,261,262,1.0219188277653988,0.11770036688150293,False,1,1.9209676488652248,1.9209676488652248,-0.7824929000961891
GBPJPY,2020,2021,262,260,1.044539209871373,0.2538119271737859,False,1,2.5422953786034252,2.5422953786034252,3.7296750093882522
GBPJPY,2021,2022,260,260,1.0446421442851483,0.3238140775345269,False,1,1.5581212904021666,1.5581212904021666,0.7442149604525634
GBPJPY,2022,2023,260,260,1.1584275992584345,1.0649278189974336,False,1,-5.378153430345564,-5.378153430345564,4.763158269919197
GBPJPY,2023,2024,260,262,0.6851943549558426,-2.075683819716313,True,-1,-4.865924558477889,4.461957001154469,3.486921362879474
GBPJPY,2024,2025,262,261,1.1432523120825209,0.8365202956866894,False,1,-6.408780534326394,-6.408780534326394,2.7069822484910238
GBPJPY,2025,2026,261,129,0.8249631461214517,-1.2027241087146812,False,-1,6.903102994900557,-7.385569961076356,1.60990701133433
XAUUSD,2008,2009,174,261,1.1391575434480636,0.9228172715689283,False,1,13.181050175669629,13.181050175669629,8.418110776917352
XAUUSD,2009,2010,261,261,0.9924397475992044,-0.05370665114622944,False,-1,1.4907735856641415,-3.468108296616732,9.889520837019907
XAUUSD,2010,2011,261,260,0.8630904178133368,-1.11108484345535,False,-1,-8.936051723319736,7.679301160991508,3.775056442570965
XAUUSD,2011,2012,260,261,1.0335802076888811,0.17082711532176384,False,1,-3.4332975365591025,-3.4332975365591025,2.592200736359756
XAUUSD,2012,2013,261,259,0.9053872208980387,-0.7544323919803871,False,-1,-1.894458277144278,0.14662883295990817,-12.697713693573844
XAUUSD,2013,2014,259,260,1.0310242304921529,0.14893635637888084,False,1,-0.286905708170989,-0.286905708170989,-0.6984493870389026
XAUUSD,2014,2015,260,259,0.8564293184484592,-1.0086071482064536,False,-1,-3.5806673629246006,1.4666845017328052,-4.229585937666505
XAUUSD,2015,2016,259,259,1.0767996933750492,0.5892829406086745,False,1,6.900971517529818,6.900971517529818,3.1248461361457682
XAUUSD,2016,2017,259,259,1.0823225214197818,0.6652496479743838,False,1,9.782231965432413,9.782231965432413,4.801001789932508
XAUUSD,2017,2018,259,260,1.1520696030741835,1.1899866414118094,False,1,-5.4951889547769985,-5.4951889547769985,-0.6082116317782998
XAUUSD,2018,2019,260,260,0.80353238504696,-1.5473813970855004,False,-1,1.7156136532149966,-3.491963367702892,6.465885126751279
XAUUSD,2019,2020,260,260,0.967005374515274,-0.2098840662592986,False,-1,14.315060019842804,-15.715846565626805,8.615315800972846
XAUUSD,2020,2021,260,258,1.0421955739305955,0.24623441991015182,False,1,-0.7576785333760059,-0.7576785333760059,-1.4292944867001602
XAUUSD,2021,2022,258,259,1.0524248224946524,0.37547990164108147,False,1,0.7090864683598064,0.7090864683598064,-0.11828725145572856
XAUUSD,2022,2023,259,259,1.005128557369867,0.03534683147753046,False,1,8.692620671050951,8.692620671050951,4.7595577674483724
XAUUSD,2023,2024,259,261,1.0112232139620054,0.07373601728248633,False,1,2.5983953770529706,2.5983953770529706,9.22555784101265
XAUUSD,2024,2025,261,260,0.9144984917180513,-0.6350517813383235,False,-1,-1.6332217473201147,1.0830084617830162,19.159712393013766
XAUUSD,2025,2026,260,128,0.9046348960500993,-0.5386705645842339,False,-1,-19.09179247888146,18.57733257964531,-5.881632550109406
XAGUSD,2008,2009,261,261,0.979399945383792,-0.10818437676909183,False,-1,-5.696188747724382,-3.049729514652664,15.043009759457139
XAGUSD,2009,2010,261,261,1.0317869519431866,0.2424901621647501,False,1,-13.046480257180066,-13.046480257180066,23.396216192305342
XAGUSD,2010,2011,261,260,1.0098945861708628,0.07422085935052493,False,1,35.19748699721795,35.19748699721795,-3.9849182693257577
XAGUSD,2011,2012,260,261,1.1712380830046603,0.8333069099031116,False,1,-3.0091209721912495,-3.0091209721912495,3.268964313378969
XAGUSD,2012,2013,261,259,0.9239364338443747,-0.5387338123778148,False,-1,0.9027742901190317,-8.41492301517714,-17.148232412618835
XAGUSD,2013,2014,259,260,0.932584256649222,-0.3673619016350707,False,-1,-6.106187575516551,-0.916747720009585,-8.259103628380744
XAGUSD,2014,2015,260,259,0.8726581677521592,-0.8043384651610269,False,-1,5.969261592077006,-18.876334283024818,-4.861142493267867
XAGUSD,2015,2016,259,259,1.005067219697211,0.037426605590919815,False,1,9.749724838560619,9.749724838560619,5.384792592445485
XAGUSD,2016,2017,259,259,1.2351233348907316,1.7911198673856947,False,1,11.201303453642673,11.201303453642673,2.484846633143633
XAGUSD,2017,2018,259,260,1.2774127259952262,2.1160983562012987,True,1,-18.20398541080684,-18.20398541080684,-3.530710328430681
XAGUSD,2018,2019,260,260,0.7163830312682582,-2.1298865732065577,True,-1,-0.05213853842132859,-11.537209037009399,5.4567349995882415
XAGUSD,2019,2020,260,260,0.9892727885719912,-0.06275355274128688,False,-1,3.177226399553713,-14.28973185298017,15.090562034836173
XAGUSD,2020,2021,260,258,1.1247682303893871,0.6276585160188145,False,1,-17.116628706695455,-17.116628706695455,-4.799091440678279
XAGUSD,2021,2022,258,259,0.8416451270873899,-0.9437248636090302,False,-1,-8.916019099520224,2.025072896613913,1.068846941199369
XAGUSD,2022,2023,259,259,1.0887221893322951,0.6924355140695483,False,1,12.260046874257299,12.260046874257299,-0.286367121135523
XAGUSD,2023,2024,259,261,1.2122806579745213,1.7023551550553875,False,1,-1.963413450136873,-1.963413450136873,7.460344765935152
XAGUSD,2024,2025,261,260,0.8985755172495061,-0.7551644981691115,False,-1,-5.488684601248812,0.7741567192195798,34.87781274781865
XAGUSD,2025,2026,260,128,0.9336190941905218,-0.333650363772489,False,-1,-28.87845888298893,27.177019253450855,-15.878236948716596
WTI,2012,2013,259,256,0.8321773358530011,-0.9891114358041472,False,-1,1.292176537003563,-3.4856363866585998,2.776600329245035
WTI,2013,2014,256,255,1.0085251463771743,0.05505430272953404,False,1,9.804701112363745,9.804701112363745,-24.415566835846853
WTI,2014,2015,255,258,1.0671356340733142,0.331299116771565,False,1,0.47973934482747044,0.47973934482747044,-13.325831518239452
WTI,2015,2016,258,258,0.9309250570611555,-0.41565211605504265,False,-1,-10.284415761018588,5.745993745338405,13.992232785692751
WTI,2016,2017,258,258,0.8831886478516511,-0.6699288905434516,False,-1,-15.294458145573882,11.446699848672285,4.266677634131024
WTI,2017,2018,258,260,1.059118426136065,0.4622523631203161,False,1,16.113309277911586,16.113309277911586,-10.417982828433836
WTI,2018,2019,260,260,1.0032368572502046,0.021189001575190318,False,1,-11.235952248501073,-11.235952248501073,11.128667456213986
WTI,2019,2020,260,260,0.8988641410928215,-0.6378640539334395,False,-1,-51.252245006729396,45.58239139821823,-9.01156849993385
WTI,2020,2021,260,258,0.9752549107062753,-0.08936655279576501,False,-1,2.465659071763425,-7.0321785528501355,17.17817899323189
WTI,2021,2022,258,259,0.82444656841241,-1.0417260037315033,False,-1,3.3773263792788266,-5.5356872676092115,2.5034526245161874
WTI,2022,2023,259,259,0.9741307413434696,-0.1709580128747354,False,-1,-15.25669567057909,12.8916034973762,-4.652811511277181
WTI,2023,2024,259,261,0.9863408260934704,-0.09722576838985132,False,-1,22.040628947959863,-25.958056234918164,0.28106378919467817
WTI,2024,2025,261,260,0.9238828360068937,-0.54610925651119,False,-1,0.3637879491345827,-4.2207608904203475,-8.636697072105996
WTI,2025,2026,260,128,0.9396083182465758,-0.3377217240344237,False,-1,-41.46397851694445,38.90377342624472,15.638648580358618
UKOIL,2011,2012,239,237,0.8197798866850976,-1.1552314386803606,False,-1,2.1821331877401313,-4.473171139347437,1.574603595611744
UKOIL,2012,2013,237,225,0.8736102019152978,-0.838595443361711,False,-1,8.821462729018835,-11.43463506607224,-0.07526444433569267
UKOIL,2013,2014,225,258,0.8923199706706749,-0.7707333821848914,False,-1,-13.568772878675611,10.797947101757797,-25.92786337877215
UKOIL,2014,2015,258,258,1.0234216550826567,0.11436477045532739,False,1,5.428568490300169,5.428568490300169,-15.896208790876386
UKOIL,2015,2016,258,258,0.8714255395780803,-0.7967292805882952,False,-1,-12.08771280901665,6.419579573406745,15.83818273726833
UKOIL,2016,2017,258,257,0.9518104832468993,-0.2783149353630963,False,-1,-10.270191249089352,6.328507551217095,6.24079165604955
UKOIL,2017,2018,257,258,0.9861713283359075,-0.10657084828288578,False,-1,-17.438199278376725,14.784298922129535,-8.281917940889358
UKOIL,2018,2019,258,258,0.8960162162822156,-0.5782765928898725,False,-1,7.0496236266176835,-11.047791279683292,7.9253028935053065
UKOIL,2019,2020,258,259,0.8414932987226933,-0.8627623086521208,False,-1,-53.41870829550166,47.414350070184916,-9.427022607503604
UKOIL,2020,2021,259,259,1.1876832581435315,0.7749876140302754,False,1,-14.453300605343518,-14.453300605343518,15.801622981923797
UKOIL,2021,2022,259,258,0.8239337454640169,-1.120219204945006,False,-1,7.702253556884708,-9.895843723821663,3.836880575500939
UKOIL,2022,2023,258,257,0.9076875364291556,-0.5554490629963943,False,-1,-14.883700352449138,12.757468692063314,-4.250741084348737
UKOIL,2023,2024,257,259,0.957892721591618,-0.302934959141169,False,-1,17.56133070318261,-20.76213430940899,-1.2450920224021784
UKOIL,2024,2025,259,258,0.9300720512250117,-0.480719707217284,False,-1,-3.086448326620886,-0.2973437226429699,-7.903115539448431
UKOIL,2025,2026,258,127,1.0989024529854554,0.5427978018450129,False,1,11.0175832716032,11.0175832716032,14.69673624864219
US500,2012,2013,248,256,0.5790138882802106,-5.0575392326280415,True,-1,1.2220268034048196,-3.6603844665213803,10.128010070905992
US500,2013,2014,256,258,0.8445520557539856,-1.0089046889775493,False,-1,0.07583978123852962,-2.1020035323300967,4.462568327104049
US500,2014,2015,258,259,1.1138734139545716,0.6434825807512646,False,1,-6.318717495568544,-6.318717495568544,-0.3044929202984175
US500,2015,2016,259,258,0.8300869352868165,-0.8206109680701266,False,-1,4.972262635610904,-7.591100620377606,3.2984554393546053
US500,2016,2017,258,257,0.863984183378932,-0.7304233778091122,False,-1,-0.35841119113691294,-1.3930536307077233,6.912887760595645
US500,2017,2018,257,259,0.6867880709952764,-2.268156519061095,True,-1,-8.18229560223359,6.7700457066468696,-2.508830734904276
US500,2018,2019,259,260,1.0813471272536923,0.44895391527261264,False,1,1.717689598563843,1.717689598563843,9.773340712328737
US500,2019,2020,260,260,0.7416560593768802,-1.2649918994986136,False,-1,-4.7832387211495035,3.6449863973533674,5.752735649091489
US500,2020,2021,260,259,0.8700843448410076,-0.40359667854421044,False,-1,10.22562016460619,-11.28614096698542,9.260401505656178
US500,2021,2022,259,259,0.7239921532001121,-1.5236363467026444,False,-1,-5.867610042891472,4.881565932574625,-8.34093316051485
US500,2022,2023,259,260,0.9450683101373547,-0.40840613881588494,False,-1,-2.1086262009719543,1.2283396380673604,8.266413337885185
US500,2023,2024,260,261,1.0652739930490425,0.46483117349595493,False,1,-5.335631238007584,-5.335631238007584,8.087727120612291
US500,2024,2025,261,260,1.0098745182272024,0.06423876019470877,False,1,-7.512908946393899,-7.512908946393899,5.822942765126488
US500,2025,2026,260,128,0.7298566248391503,-0.7804929799179843,False,-1,-7.344536656141484,6.899056212684767,6.936128033062345
USTECH,2012,2013,238,247,0.66033415056862,-3.798821705478736,True,-1,5.668211216650305,-10.933092912287178,12.126213076420207
USTECH,2013,2014,247,257,0.854210110683071,-0.9426795295668619,False,-1,0.20675300049937645,-3.1589142978364495,6.77152615753311
USTECH,2014,2015,257,258,0.9926547641060584,-0.04297220816699703,False,-1,1.3925555412389679,-4.322052037306212,3.139311758698497
USTECH,2015,2016,258,258,0.9650717466833146,-0.16849039693408333,False,-1,6.16542444624333,-9.087150682844761,1.8963932672350952
USTECH,2016,2017,258,257,0.8970757226028206,-0.5968333262744363,False,-1,0.10919902102997969,-1.7306527028959553,10.649708653023795
USTECH,2017,2018,257,259,0.8500206430887256,-1.0659725158320026,False,-1,-7.288950112491222,5.533489104012365,-0.35415766000603605
USTECH,2018,2019,259,260,0.9574501960882058,-0.2659545332564241,False,-1,-0.655945245638543,-0.8956312540560057,12.375641931908646
USTECH,2019,2020,260,260,0.7298912849487252,-1.4691820730225322,False,-1,8.887097556651295,-10.190575477919218,14.905550476341885
USTECH,2020,2021,260,259,0.7468216152262885,-0.8665082026757304,False,-1,1.8193536225355418,-2.6258596244074353,9.182428144975356
USTECH,2021,2022,259,259,0.7568835510405831,-1.4461245994579832,False,-1,-3.5288399637629446,2.629469047403085,-15.432179028719156
USTECH,2022,2023,259,260,0.8694867288449573,-0.9871802587606651,False,-1,-5.178982539763688,4.322452684738958,16.48761955245193
USTECH,2023,2024,260,261,0.9954112508767252,-0.03473237421964383,False,-1,5.381122294210846,-6.0509827378555725,8.55708649175087
USTECH,2024,2025,261,260,0.9607826300967859,-0.2647919200182986,False,-1,4.150271406470225,-4.573744225334812,7.0261427203386715
USTECH,2025,2026,260,128,0.7347654473293302,-0.883225946174739,False,-1,-8.072690696293222,7.601401189292134,14.13645671695845
BTCUSD,2017,2018,199,312,0.9828233538516653,-0.09514069812796225,False,-1,-55.69755931232857,37.83097003408673,-44.120646631878806
BTCUSD,2018,2019,312,313,1.078231747169741,0.5828081840487608,False,1,-13.985741012719302,-13.985741012719302,21.594363212402335
BTCUSD,2019,2020,313,334,0.9820976948382009,-0.10061808356509058,False,-1,-34.80595653974348,20.202063425248635,42.09608705946555
BTCUSD,2020,2021,334,365,0.8526485525727467,-0.8935557985630047,False,-1,-3.5969106577455037,-0.39104716063195455,13.508706238329221
BTCUSD,2021,2022,365,365,0.9297000009287151,-0.6139747210940749,False,-1,27.788161332367,-36.20690030751853,-28.878172016844015
BTCUSD,2022,2023,365,365,1.0203125217946463,0.1392301414179257,False,1,2.079816901060143,2.079816901060143,25.837845563926297
BTCUSD,2023,2024,365,366,1.1699920011995082,1.2649929038894137,False,1,-2.930587509808824,-2.930587509808824,22.1732364973774
BTCUSD,2024,2025,366,365,0.9689482202777581,-0.2463077284542705,False,-1,1.283638814532218,-3.100683210448905,-2.1325840454857756
BTCUSD,2025,2026,365,181,0.8514885036348169,-1.0114482816430852,False,-1,-14.832136032553324,13.068989750802727,-22.808772412838852
