era,corr_F,bmc_F,corr_H,bmc_H,corr_I,bmc_I
0587,0.0045588719591096,-0.0040453612157071,-0.0018584954454117,-0.0041336357778939,0.0131188320350965,-0.0014583627988659
0588,0.0076828844664642,-0.0086775817646498,-0.0023787648171519,-0.010593336076448,0.0334716211900921,0.0082932954836626
0589,0.0248301339251602,0.0056158429995259,0.0075235325632829,0.0001993269292401,0.0241997677085147,0.0016047956239035
0590,0.0097399340435646,-0.0069033181576912,0.0200498291700207,0.0098635302970099,0.0318331407119681,0.0016285829197868
0591,0.0163963784397226,0.0001241632848871,0.0055037660164918,-0.0043022161414242,0.027426192004363,0.0034421528121594
0592,0.0251304910479669,0.0062452186489476,0.0197679027106591,0.0065231319728167,0.0362179535329793,0.0018571730514025
0593,0.0393311313327793,0.0195391723554642,0.0113860801798718,0.0020702012479612,0.0423786030935109,0.0077516825212167
0594,0.0326192679851052,0.016676481823897,0.0130553543011239,0.0028563088220408,0.0297794099350423,0.0042221168862514
0595,0.0327284495400545,0.0161372141706301,-0.0023008716758103,-0.0125281991788999,0.0361350593150893,0.0069489309331134
0596,0.0408607128935232,0.0160493615264836,0.0029661331894598,-0.0020988835881,0.0348637911611238,0.0048328411455232
0597,0.0382571079155394,0.0164078168384569,-0.0042433705294308,-0.0064170685853762,0.0439497785257511,0.0126763157336823
0598,0.049398369370697,0.0258736585637806,-0.0057385811460965,-0.0074994806579775,0.0368615436969577,0.0071671286183991
0599,0.0504880429924457,0.0302619711969832,-0.0038933729702656,-0.0077229596809819,0.0316215069968975,0.0048382166507435
0600,0.0446410840196024,0.0223567102831719,-0.0084010404529476,-0.0118135879385094,0.0411510129856251,0.0081481022235054
0601,0.03717623969084,0.0144335658803578,0.0085090419980106,0.0024359628486534,0.0433225172728553,0.0067110624159427
0602,0.0401704289928233,0.015678421715778,0.0030912441818696,0.0010435595009585,0.0377665636686569,0.0057229123712176
0603,0.0332292972747063,0.0067560455439084,0.0204808994134543,0.0126010062474717,0.0400109920054439,-0.0011266673104894
0604,0.0250305277867189,0.0031580748151943,0.0207696247556138,0.0120307757087885,0.0317463064297883,0.0024972296540825
0605,0.0296323778733019,0.0134576278603777,0.0147795186470048,0.0053559821715233,0.0427265291893894,0.0135842467683702
0606,0.0172833828231618,0.0013412904987956,0.004325264722038,-0.0087177952511152,0.027137014906519,-0.0020854297080462
0607,0.0348979764775093,0.0121959950660431,-0.0084823750708711,-0.0149839859179937,0.0532539816402804,0.0084567837324986
0608,0.0342816384357416,0.0111740413753596,-0.0094398522952929,-0.0209283870622615,0.0584132348655435,0.0125700447032464
0609,0.0448462826452721,0.019270019211924,-0.0121047243049014,-0.0255614537197452,0.0559795809922058,0.0125685797122456
0610,0.0429406265338904,0.0182139675699152,-0.0034493961484944,-0.0154007829679177,0.0417899770253536,0.0043039145753119
0611,0.0568199119731719,0.0361486758788969,0.0058247041246332,-0.0042545440201093,0.0549012702904205,0.0104467052606556
0612,0.052074732723779,0.0244024852748255,0.0130359532198925,0.0030791237684975,0.0483508400315102,0.0062143751498318
0613,0.061171828230335,0.0355861517573918,-0.0013609687410895,-0.0089919597862923,0.0374560411156338,0.0030058425097263
0614,0.0587060038306346,0.0287599427132546,-0.0082985198006011,-0.0168879159119194,0.0378093694787231,-0.0009534109847064
0615,0.0579445120867879,0.0304502647554148,-0.0149307108307282,-0.0234696607651493,0.0324344132065436,-0.0030719813433319
0616,0.0415933795277832,0.0167505598757187,-0.013250697067123,-0.0186397481398873,0.0299924238140452,0.0001520572340226
0617,0.0236919055122903,0.0096548057166178,-0.0130535244537487,-0.0211308838623384,0.029297105253172,0.0074456555640879
0618,0.0198283834282654,0.0116460123159282,0.0008014271277263,-0.005772194401239,0.0150696676900691,0.0033221156570677
0619,0.0275805564985812,0.0113745157016453,0.0082629086385634,0.0018740369036146,0.0308996172282858,0.0105627930429463
0620,0.0232816488994272,0.0062535744513296,0.0191804041806375,0.0071670640424984,0.0271064735902717,-0.0001278324782179
0621,0.0175471665002056,0.0019316538342592,-0.0021135528218546,-0.0115544816354034,0.0213739580356767,-0.0028037972147782
0622,0.006201400255799,-0.0121891935851148,0.0111696852183995,0.0001625274836253,0.0207373677906897,-0.0014134136149317
0623,0.0043004824578183,-0.0113477406602083,-0.0179826058609727,-0.0218261967077887,0.025481125862397,0.0015144970259172
0624,0.0167242485348161,0.0041358824394399,0.0053094844432917,-0.0020556800429777,0.0199024406989088,0.0045519193560763
0625,0.0076062758005592,-0.0109013868796017,0.0092467732459749,0.0041157707538815,0.0199065140421993,-0.0023987437146138
0626,0.0261439403985606,0.0072913781937049,-0.0012886659426548,-0.0080484963182801,0.0230722246067956,-0.0024514987069461
0627,0.0260051728741976,0.0068993679776514,-0.0010488053677678,-0.0037783120259899,0.0248236140131535,-0.0022938294825329
0628,0.0120606377992152,-0.0090958835719292,0.0104206991398935,0.001236191483752,0.0245404186536202,-0.0066216666675179
0629,0.0375639262442486,0.0130271208928178,0.0285372936384712,0.0193368888314504,0.0446936909405523,0.0097398691289175
0630,0.034902501376562,0.0080326300617792,0.0319865613600048,0.0202755399850338,0.045015665201424,0.0102937083266003
0631,0.0245565776796149,0.004552538216146,0.0202817797951953,0.0111250388516866,0.0451785846102172,0.0169421674839424
0632,0.0290560623794089,0.008676566667867,0.0195308013828106,0.0053081151308428,0.0391571858565288,0.0091856560509703
0633,0.0386540320418016,0.012498225054795,0.0217978048030658,0.008950946069421,0.0347744543435397,0.0034238375308749
0634,0.0482769821797033,0.0164367211805582,0.0172548133063833,0.0076159251081351,0.0443774515723727,0.0086407861392578
0635,0.0322386528655501,0.0070374650744395,0.0324670818660275,0.0189852873236079,0.0419935263781278,0.0112561560779996
0636,0.0336506959860185,0.004657804936254,0.0121306238332588,0.0016773816029699,0.0340248227124155,0.0025626778698953
0637,0.0350556013583815,0.0079652266361372,0.0265625201086275,0.0098500925750285,0.032616848332714,-0.0021279044603395
0638,0.0230765206568291,-0.0090037302566933,0.0127533794906818,0.0029599452085472,0.0433819842202153,-0.0011557927892029
0639,0.0308787268312158,0.0051109367862331,0.0052007295953638,-0.0006611412376649,0.0253382491084306,-0.0062112745066547
0640,0.0181632974056666,-0.0076935416646388,0.0108444563057301,0.0036106172404789,0.037164790728486,-0.0015904389861755
0641,0.022844332436827,-0.0037548354053877,-0.0017999234767185,-0.0066797149272354,0.0364196263003217,-0.0042979926563523
0642,0.0345288713048409,0.0009973838472955,-0.0203566029155576,-0.0252174393841076,0.0249369352706856,-0.0148703463894539
0643,0.0225525048423557,0.0001039481064821,-0.0094934971983542,-0.0166968485617986,0.0252156429895811,-0.0146536407024651
0644,0.0149453267149711,-0.0069802282225434,0.0014785113547793,-0.0063496757938252,0.0339710427183356,-0.006745001586938
0645,0.0135160596861012,-0.0096079621490425,0.0028809969137498,-0.0070685186199908,0.0353143513352719,0.0034012485774501
0646,0.0115373089806468,-0.012267576310766,0.0040254227983511,-0.0107118376873892,0.045577025676189,0.0099298793372324
0647,0.0145544275614802,-0.0085173571384016,0.0092893663835648,-5.688571403874073e-05,0.0360736513123657,0.002245413539811
0648,0.0047042669109483,-0.01095685337371,-0.0023637109920687,-0.0068093358914068,0.0531377990550225,0.0157040466978683
0649,0.0006868295690265,-0.018892520220573,0.013861045963934,0.0049113303464962,0.0507915157685045,0.0077909486752832
0650,0.0304959854904059,0.0012064944488569,0.0302247697425003,0.0149619144419034,0.0632339426488115,0.0179756534659242
0651,0.022134378383158,0.006144716345858,0.0094716110701711,0.0014400237587797,0.0498028174495536,0.0175034213094495
0652,0.0078685734269313,-0.00545043061306,0.0094720394908849,-0.0007069573640593,0.0346554395008893,0.0039797031163042
0653,0.0232236183794295,-0.004369159806607,0.0089032157896308,-0.0090725990049269,0.0386866820447386,-0.0041384333801258
0654,0.0206876469978391,-0.0030033261189302,0.0135421563409839,0.0042297589197396,0.0459543876181903,0.0029479774369359
0655,0.0446587397776572,0.0178482328734975,0.0099129034710505,0.0034213248365758,0.0486326211826893,0.0066121947990543
0656,0.0213063046640785,0.0053028008083632,0.0119865992220372,0.0062629256872724,0.0289082217577249,0.002371079953755
0657,0.0235569293200336,0.0027121420062804,0.0054876828412903,0.0010322918748109,0.0281824504041038,0.0027326760147085
0658,0.0069114544363066,-0.0034802794447926,0.0176724518078571,0.0089853777295422,0.0220912332494538,-0.0009324845017435
0659,0.0132348974301595,-0.0044413282072091,0.0357007828067277,0.023761715283477,0.0193816867629979,-0.005299264573153
0660,0.037248417045614,0.0123258313991241,0.0341114086998509,0.0226710777851183,0.0278850516062113,-0.0070939154871836
0661,0.0227318868987274,-0.0044136933683494,0.0361221219449373,0.0231467143461668,0.0247942052050176,-0.0100825542426778
0662,0.0326410309957003,0.004906163856425,0.0225473648928043,0.0139383004761151,0.0353836939928112,0.0004189665625969
0663,0.0205938551341656,-0.0053407261592324,0.0161045774041693,0.0091503551571504,0.0228322288815205,-0.0020852862474177
0664,0.0226899683854037,-0.004958911698184,0.00935899939082,-0.0001748446937621,0.0276245825245071,-0.0083577743319067
0665,0.0305033126471379,-0.0055012067236074,0.0287906715670254,0.0128942111546925,0.0390282351556244,-0.0090762332931887
0666,0.0399359791145764,0.00870167659027,0.0196355869106812,0.0043719976996847,0.0275661669621872,-0.0076612071836993
0667,0.0352548432328301,0.0067745920435454,0.0173697133189519,0.0055530598950044,0.0356633422892002,-0.0032937520409509
0668,0.054760850645588,0.0267264086484304,0.0191531164061845,0.0062254999879308,0.053401341012749,0.0129859532523368
0669,0.0343965611452839,0.0154322249517454,0.0222316909204904,0.0121912474625619,0.0378113116912509,0.0038611738968781
0670,0.0357715686512637,0.0152382944152202,0.0088156180652512,-0.0006419323892822,0.0427594457588958,0.0013697575403652
0671,0.0132691256388079,-0.0018764010572758,-0.0077176593562221,-0.0123499384860783,0.0393962522611778,0.0127347187803281
0672,0.0025850583692327,-0.0095990912679374,-0.0121428936579806,-0.0175632811348885,0.0325837446060793,0.0071171473640213
0673,0.0030203281728106,-0.0067818947614626,-0.0219332791114679,-0.0232103906251423,0.0252220426141559,0.0083650011000499
0674,0.0214891897893443,0.0002046487153901,-0.018196370386293,-0.0158865962287811,0.0331699519680763,0.01000811132059
0675,0.0251224369922415,0.0049008892177387,-0.0033076963296004,-0.0081621456236002,0.0320213905767959,0.0066096148102296
0676,0.0248280370796105,0.0031905457608669,-0.0017726391314652,-0.0075304647877897,0.023402570337861,0.0024710613601471
0677,0.0476777105154526,0.0208194855855281,0.0072033454377782,-0.0031926964464618,0.0264623370376368,-0.0074432855001885
0678,0.0238414022396545,0.0054559501259435,0.0029141140912284,-0.0012606043974558,0.012131286349843,-0.0151691984774284
0679,0.0334795458271624,-5.088871886357856e-05,0.0097647075826408,0.0016063851244244,0.0221674256392284,-0.0141991074725407
0680,0.0169579581948839,-0.0050553243457095,0.0314114174528213,0.0216111919255154,0.0065724075248745,-0.0215555475235374
0681,0.0208516823428615,0.0029376954915995,0.0068757925987986,0.0079522258336154,0.0122361775615552,-0.0097179907198698
0682,0.0328291448134697,0.0147635925257177,0.0209463933734784,0.0181281345288451,0.0118126303893058,-0.0070522916015526
0683,0.040523778752322,0.0226005423132062,0.008628746104702,0.0060991160900834,0.017293515275866,-0.0022678192360082
0684,0.0296255389354947,0.012812226621705,0.0326489377775619,0.0218783510354103,0.0286209128833011,0.0056561489697384
0685,0.0189734354992955,0.0012197400124185,0.0172280552795771,0.0100404494784465,0.0146782405083062,-0.0106937213370473
0686,0.0160062295759947,-0.0060140137160825,0.0258770801621147,0.0117003557450578,0.0268804834224059,-0.0090887604531626
0687,0.0363106320574216,0.0083452000745411,0.0128874682695194,0.004930132223155,0.033822640179573,0.0027244456383399
0688,0.0353354750292155,0.0038352137832882,0.0255534905464369,0.0108559526139334,0.0502366252759469,0.0136317856184635
0689,0.0296438844874189,0.0025910998164633,0.0328508806230468,0.0187566355852815,0.0349231817441586,0.0041976864095463
0690,0.0290937850284042,-0.0007159855842619,0.0276415769062934,0.0156030554322534,0.0320807318916601,0.0017964480911173
0691,0.0136923135826355,-0.0167893686732861,0.0336394975635609,0.0201996408229146,0.035162940881024,0.0037138121241248
0692,0.0236490707091737,-0.0044678597031703,0.0160276362781198,0.0069202625014658,0.0217859529037643,-0.0011736454661611
0693,0.0009590081789668,-0.017810075378039,0.0148155472384766,0.0096612067795954,0.0166181401860141,-0.0017891596597164
0694,0.0046033933744232,-0.0119246265514794,0.004771822967717,0.0030217962335719,0.0138026345327623,-0.0015184320279207
0695,0.0026114947365824,-0.0155592692446535,0.0066820907229855,0.0041029508440699,0.0197171402034414,0.0021926145606258
0696,-0.0037299698578772,-0.0141651717610123,0.0186403236969959,0.0149033038615264,0.0228649076418685,0.0030769922071458
0697,0.0020721147140011,-0.0117712755517132,0.0267019486193615,0.019655837491536,0.0335640491443756,0.00850396455681
0698,0.0030726242393963,-0.0089386788054985,0.0307435131563422,0.0200986759854655,0.0345274070273182,0.0102482957140288
0699,0.0203023731539801,-0.0012872729525173,0.0151418687998773,0.0075211196494239,0.0468804462202276,0.0194743363471839
0700,0.0119053502191855,-0.0058102328680811,0.0222339722850686,0.014640489675914,0.0476270131708041,0.0185852063449461
0701,0.0110455984732708,-0.0068404801061147,0.0156437530534455,0.0111568293430882,0.0305023115656487,0.0070085644523347
0702,0.0111638998088205,-0.0059901783387303,0.024560727916691,0.0162045502349181,0.0257564193432077,0.0043534923001068
0703,0.025327158022741,0.0028627286181647,0.0229059596563487,0.0131241382614917,0.0415680129080177,0.0057879492689497
0704,0.0089475408880233,-0.003418383707161,0.0221491864511384,0.0188674421493424,0.020506957973839,0.0026160578155874
0705,0.0212471276480736,-0.0057279122962797,0.0286100800712257,0.0234534786499371,0.0389394097289411,0.005283458386748
0706,0.0081414929301898,-0.0086335751263902,0.0077995383601429,0.0096879197376453,0.0352445510736894,0.006846541112381
0707,0.0224310820916928,-0.0006381974884016,0.0100084326588183,0.0093970568242325,0.0440456029079606,0.0070464369036487
0708,0.0227762402621063,-0.0014159334447066,0.000714000456431,-0.0008772633205017,0.0468058690370729,0.00814412183661
0709,0.0172977605399541,-0.0089423875853796,0.011580416000394,0.007564368874836,0.0447681835245826,0.0043111944219667
0710,0.0080317666519026,-0.0180294934160042,-0.0064523999459997,-0.0070052814037714,0.0388700844160064,0.0012503226096191
0711,0.0223524028460691,-0.0070896355829241,-0.0062016716104706,-0.008255604505692,0.0553873084226133,0.0129241930739572
0712,0.0098436263486031,-0.0200554267710813,-0.0083301518556442,-0.0130516079747235,0.0374639110507677,-0.0013683860651622
0713,0.0287460415764881,0.0007274105245353,0.0110308896331254,0.0060447457439612,0.039342795173794,0.006761940041687
0714,0.0291107213027947,-0.0024410468703587,0.0070758209361989,-0.0014105844500531,0.0401584073530593,-0.0005057118407701
0715,0.0251748516629014,-0.0080096525681312,-0.003922016318751,-0.0078001182415267,0.0400405693992799,0.0028627683637578
0716,0.016122486281722,-0.0145282567038471,0.0097276598200211,0.002821330866318,0.0391943478627982,-0.0014562826078335
0717,0.0296041542646831,-0.0102318041539958,0.013791453835025,0.0078188507843263,0.0424370009657246,-0.0003544506424031
0718,0.0048017911656439,-0.0271528102838407,0.0156828070995271,0.0074371008264534,0.0414035711757343,-0.004099843291927
0719,0.0073122722004581,-0.019605160306939,0.0117867186967407,0.0080263478264156,0.0260181207766657,-0.0046802156938589
0720,0.0191401124309024,-0.0097128358749028,0.0167821527323423,0.0031131228762668,0.0208642726441525,-0.0138363913636416
0721,0.0244890265656343,-0.0056680265986223,0.016233098720326,0.0005913518895113,0.0200014043912723,-0.0145111768672549
0722,0.0134159596481813,-0.0124283777294843,0.0290994867575355,0.0235705804065496,0.0229463020826876,-0.0099768872826077
0723,0.004661435540261,-0.0171944239266662,0.011975523252616,0.0065613390255059,0.022370781710197,-0.0127211071755678
0724,0.0182442629104297,-0.0100562391578882,0.0279810251507185,0.0214023518193702,0.0367738672589042,-0.000243356399961
0725,0.0214071026549236,-0.0098253934109387,0.0209657435031494,0.0163132337938741,0.0220496856685137,-0.0113858111376162
0726,0.0224455144055204,-0.0053101653439602,0.0144039049783507,0.0059278116403364,0.0189984318672776,-0.0105547406624972
0727,0.0432896815560748,0.0058035991502315,0.0080108023311562,-0.0029681410317542,0.028866122080517,-0.0154838393196761
0728,0.0364116225872705,0.0004401979017022,0.0106856931830398,-0.0021888051133683,0.0427808500664378,-0.0021720124195499
0729,0.0386813352059483,0.0005394819520247,0.0211048242963603,0.0057743346628486,0.0364309603440828,-0.0058807381655205
0730,0.0474069701920477,0.0088678966713123,0.0143869577186656,-0.0011311645856855,0.0380782417213725,-0.0071805686007584
0731,0.0311277001992245,0.0012222136240334,0.0163089226614726,0.0042959927897785,0.0443673391444745,0.0012047899506071
0732,0.0439445082574605,0.0025792522907031,-0.0036767038530972,-0.018059802445861,0.0453844195134199,-0.0092023981198426
0733,0.0333113724885273,-0.0027417160086997,0.0050594584793515,-0.0169247375856123,0.0555180311709398,0.0019443345970447
0734,0.0428450176834228,0.0060855955427722,0.003586500859095,-0.0136833614589156,0.0500316816531055,0.001603073875086
0735,0.0184209515448054,-0.0141253109432399,-0.0027644536083706,-0.0165088590644062,0.0509291591613011,0.0053428958036572
0736,0.0267404839105423,-0.0007767167523413,-0.0071945676413892,-0.0170688310486332,0.0498479792676966,0.0140606709654062
0737,0.0466378149772076,0.0091007965596609,-0.0020649383927162,-0.0105356368696374,0.0525518080434889,0.0033497922524355
0738,0.0378110741640825,0.0053368919700216,0.0122938625801787,0.0003509352488328,0.0459173945195835,0.0022524442600793
0739,0.0404010217766264,0.0104217189977841,0.033390625144564,0.0196832975721344,0.0311867423784599,-0.0047296260537189
0740,0.0352590855031441,0.001903127689067,0.0325984576352131,0.0211025090783815,0.0250832485777265,-0.0138683584602227
0741,0.0394368411700378,0.004437260803414,0.0190428588051396,0.0098372713036804,0.0370863318991739,-0.0111778727294092
0742,0.0323181419373028,-0.0019122244780922,0.0148536989807254,0.0060953128071079,0.0390882323117739,-0.010407429685729
0743,0.0212736077464935,-0.0081936799927324,0.012615137599878,0.0002549434166432,0.0265200873494853,-0.0165717788624336
0744,0.0235396221050627,-0.00246841175028,0.0137811304513551,0.0073308876887102,0.0182505834559651,-0.014275638427479
0745,0.0207851962126169,-0.0080965662009418,0.001283137522587,-0.0073303653541213,0.0222286162179265,-0.0105132886202835
0746,0.0086132324594919,-0.0122725969106188,0.0254217454488936,0.0150278251393097,0.029052551545043,-0.0054413592180449
0747,0.0090416235339036,-0.0101649500732587,0.022725607005419,0.0095280244553032,0.0200313731216744,-0.0129733498063102
0748,0.0127666240810583,-0.0082210643267765,0.019967161559319,0.0117055528280157,0.0331960841633623,0.0039744281186028
0749,0.0174730038599618,-0.0037666471160763,0.0076384711260291,0.0026667969399071,0.0343930116828347,0.0044896747460927
0750,0.0270340823606,-0.0018090375318335,0.0150085130854735,0.0081764043893153,0.0407235522750157,0.0089265660919583
0751,0.0269998355385639,0.0005230161693554,0.0190642342078022,0.0066730843878978,0.0451757753405604,0.0084795385790146
0752,0.0358511836553197,0.0051094707706742,0.02127027682689,0.0059561914164598,0.0592169761402826,0.0181541545148242
0753,0.0229447037033584,-0.0026037858881748,0.0156142426010509,0.0058753300508777,0.0533123205106997,0.0234796856162375
0754,0.0392761551323335,0.0073868215012919,0.0256426740908497,0.0129348439976088,0.0578741182850003,0.0166072776263256
0755,0.036411523557418,0.0132033898399522,0.0210938936424755,0.0093731048994248,0.0515967028518673,0.0165431245185686
0756,0.0333942215399608,0.0076422118245004,0.0175095121190403,0.0076782515819132,0.0540917370375904,0.0108782037082515
0757,0.0340519537816927,0.0125553843789883,0.0160251317637938,0.0075159076922219,0.0557330888516683,0.0137911588258049
0758,0.0360621327357313,0.0057569407030468,0.0226444545917295,0.0135876452678371,0.0548861474838149,0.0093173563788607
0759,0.0446208216495026,0.0139936761181587,0.0076575057079581,-0.001338925673835,0.0488513137032532,0.0044867480436596
0760,0.0300488052155188,0.0087518217176823,0.0143285095538028,0.0029029733535119,0.0453958112098663,0.0079112259949825
0761,0.0345076450551609,0.0041138871665967,0.0098174702046777,0.0020035524372211,0.0394618640298377,0.000480847677818
0762,0.0349698178721929,0.0096202364439719,0.0210985048230707,0.0133674895065015,0.036929306612944,0.0039255226495469
0763,0.0351736065805659,0.0016260075456083,0.0188114870974823,0.0111218508600148,0.0314273322956817,-0.0071605263624236
0764,0.0391533869311138,0.0089314622595309,-0.0042054298471892,-0.0076582649518005,0.0390304372148114,-0.0005734887565276
0765,0.0374520632924581,0.0029903562946701,0.0043302125294336,0.0014853928917323,0.0339225004283115,-0.0096789480104677
0766,0.0333900565143229,-0.0047331784239562,0.0059493173139354,0.0023091562588138,0.0343871002858111,-0.0129114966924695
0767,0.0398876947543845,0.0061318631339342,0.0042673633268828,0.003109646838294,0.0207152251311274,-0.0123561114091386
0768,0.0213330111670561,-0.0087738751701637,0.0122020731933705,0.0031611249112412,0.0276604636175148,-0.0112367875929438
0769,0.0208035487515338,-0.0132456289186399,0.0059259173651342,0.001308765107317,0.0334042297257073,-0.0128093255261608
0770,0.0253287303013429,-0.0087462306551151,0.0028319710130746,-0.0020434616671664,0.0427482247697081,-0.0035842656632092
0771,0.0247140920892725,-0.0134746855508951,0.0124906068284631,0.0064373898782798,0.0455020426953319,-0.002056336258275
0772,0.02596004492605,-0.0036014644547063,0.0223182189905635,0.0139561984980778,0.0450601033744485,-7.953199862259164e-05
0773,0.0211137673752535,-0.0029739651399804,0.0152858221437108,0.0113276642303138,0.0346476533226264,0.0016685384970446
0774,0.0172446300874564,-0.0066014646650579,0.0144726739014194,0.0130428596315646,0.0401295866706158,0.0049167147897289
0775,0.022696532544683,-0.0079964818615566,-0.0004329783783986,-0.0068331666363543,0.0371282622713249,0.0003600312765603
0776,0.0129259033429792,-0.0104334618816155,0.0119379586497905,0.0053332818728312,0.0508207607839011,0.0165909790830113
0777,0.0036241858993157,-0.0154044133201671,0.0207615958832901,0.0125065248366354,0.0486827564190916,0.0194689829535687
0778,0.0159538939375164,-0.0015359211639088,0.0247126816551009,0.0136453459234968,0.0601418958799484,0.0280752538859492
0779,-0.0033522621798119,-0.0131825718143641,0.0198135898910429,0.0153986155417155,0.0473684325780876,0.0230450685960674
0780,0.0022278459428405,-0.0145141234032803,0.0126015162776867,0.0057767231536846,0.0472567471102453,0.0196764339346345
0781,0.0167290796571752,-0.0070290612942213,0.0214320996523643,0.0146092504135924,0.0426662312326707,0.0119867968285681
0782,0.0201333298622961,-0.0042825716479727,0.0227285502797825,0.0186185026364421,0.0456613229226095,0.0115437212841521
0783,0.0247527254773682,-0.003986707657316,0.0356900922617136,0.0249465843047643,0.0572132267513508,0.0190578327056453
0784,0.0295419773265293,0.009092429116894,0.0211842391882778,0.0155982009490566,0.0479204373838239,0.022521198956873
0785,0.0304341416663919,0.0110120062503097,0.0242310877525713,0.01526756804698,0.0451739289486598,0.0209740580727554
0786,0.0201906266846966,0.0011442856728207,0.00867458653376,0.0013534763807813,0.0454863621449436,0.0182248443623953
0787,0.0378063584495927,0.0172362907263166,-0.0045484214397651,-0.0092713667981139,0.0504890890307156,0.0254639915555994
0788,0.0287272606101645,0.0093595753974818,0.0112200256979068,0.005120159546846,0.0453735709972895,0.0196227685917944
0789,0.0248955743627106,0.0038547322084765,0.0080305252542659,0.0014248206041901,0.0421458494993495,0.0187454715044191
0790,0.0273397153091332,0.0042218934353767,0.0027899031852451,-0.0044187889837818,0.0360126898340534,0.0095574440687665
0791,0.0545249969247061,0.0230601870187205,0.0058099585252135,-0.0006236902845847,0.0356132331475459,0.0098117662780705
0792,0.0493284690972509,0.0204195904543857,0.0167280165985262,0.0069328455929894,0.0400547808042233,0.0160715211842044
0793,0.0356643982641306,0.0085045184160895,0.0290540406093642,0.013402020386287,0.0452292307892731,0.0180816675792787
0794,0.0367400827517286,0.0090308739863487,0.014623009781863,0.0050706351557403,0.0392096504052748,0.0116787943422141
0795,0.0304701026887017,0.0064038853497592,0.0117048506626711,0.0026322365496685,0.0287265911829051,0.0018558909873063
0796,0.0300884429901954,0.0032265591131114,0.014061555233319,0.0024070564613389,0.0328970445337976,0.001498542129911
0797,0.0196788882957356,-0.0042983035557618,0.0093202478380333,-0.0064676540734623,0.0365894424927976,0.0028964214624044
0798,0.0110409271417151,-0.01576788640796,0.0125268414218495,-0.0021866746993285,0.0394912357931461,0.0039349109800811
0799,0.0121521743664013,-0.0167276957182592,0.0136144938253922,-0.0010075589775284,0.0330889667541386,-0.0035623030376471
0800,0.0305224386672722,0.0030508507592519,0.0140775125772232,0.0064170305044779,0.0382560791974977,0.0005206445934403
0801,0.0225137167668447,0.0005742025793692,0.0118091783264945,0.0006651843205764,0.0309706981521655,-0.0009996515737855
0802,0.0110768649190208,-0.0115838371138305,0.0143175570670191,0.0037574006374714,0.0383763225040598,0.0055116426698054
0803,0.0210104944751456,-0.0108995311971796,0.0014890811506115,-0.0069258226001737,0.0376801984244068,0.0022521900947065
0804,0.0179714942108757,-0.007218648062204,-0.0049773645805163,-0.0120645172587167,0.0364958842290769,0.0032773147655607
0805,0.0201444812162067,-0.003198731371174,-0.0024976950098881,-0.0147837237668791,0.0247919625040343,-0.0025681549364787
0806,0.0144635620255209,-0.0046906989553576,-0.0120521934828628,-0.0208566591599494,0.0320922026912025,0.000299571850919
0807,0.0240741531112601,-0.0030959762336984,-0.0030934720572298,-0.0137293485587086,0.036381939093392,0.0015428557662171
0808,0.0223448211589,-0.0017064958446881,-0.0012982227805024,-0.0078034007459356,0.0324427660518663,0.0067297688414895
0809,0.0134581793377321,-0.0049182614481795,-0.0026074101209264,-0.0117779072516923,0.0263034571313365,-0.0017412952270296
0810,0.0192623530430186,-0.0032256388409917,0.0124278987494871,-0.0031945079118277,0.0289965288696619,0.000261148881637
0811,0.0133252852170517,-0.0027359188747097,0.0104814108500051,-0.0017322547142365,0.0246860757221008,0.002455860585678
0812,0.0155925903069994,-0.0090065781787926,-0.0030327576931686,-0.012707987578455,0.0286276435586377,0.0022519831220949
0813,0.0234890845462215,-0.0006451263371752,-0.003857919331589,-0.0159044435937241,0.0228446555759147,-0.0021839803455811
0814,0.002908930865783,-0.0095683272734145,-0.0040125107872033,-0.0080536293503885,0.0129501210561052,-0.0076947227952516
0815,0.009464782088497,-0.0037851051925503,0.022108489587262,0.0104452491788031,0.0113898778156693,-0.0125395536041449
0816,-0.0026294732067201,-0.0225967942407486,0.026148764878113,0.0104200802109844,0.0181590485829399,-0.0105120887981751
0817,0.005566743233428,-0.0131090721860362,0.0394447528838313,0.0195634626366451,0.0115933173177893,-0.015080991612405
0818,-0.0119610063281165,-0.0286494989313735,0.0292080675359255,0.0124179778071778,0.0146300271845684,-0.0133286214743709
0819,0.0078498881838611,-0.0121623542254604,0.0201653946857159,0.0081784330963555,0.0300629205104027,-0.0038214242685479
0820,0.0109847172817711,-0.0073267899242645,0.032586323499923,0.0104152001561551,0.0309819021798241,-0.0001988525553218
0821,0.0121209804422441,-0.0087390698349628,0.0337181212678308,0.0138809299640204,0.0305538693413625,-0.0015648543542054
0822,0.0031750626098117,-0.0133609155603244,0.0302491048496413,0.015392807850976,0.0423296943312841,0.0133647837159414
0823,0.0227827169589831,0.0008622482869622,0.0214558343802829,0.010123282534701,0.0430117591086338,0.0053332642140773
0824,0.017877712799734,-0.0038404082194377,0.0273382411585851,0.0152712031013385,0.0400346587045263,0.0030053057908307
0825,0.0253861084412788,0.0014657669248567,0.038842066079074,0.0257933389363888,0.026968245218647,-0.002364707636987
0826,0.0172331266474496,-0.0027635001780608,0.0398247360048595,0.0289075617231344,0.0343251544098735,0.0021176441587921
0827,0.0173555766279583,-0.0013606497725185,0.0366113882578391,0.0237856294730717,0.0439483635846157,0.0143086448038233
0828,0.0269005932080084,0.0047159945638751,0.0313256486178289,0.0222056437614214,0.0370482379981778,0.009174230738733
0829,0.0426931530935421,0.0112187769493548,0.0225283121374055,0.0114270347549595,0.0494486567068316,0.0128744102291939
0830,0.0361021667493258,0.014371061354062,0.015632760714547,0.0061484479419714,0.0454145038730415,0.0180896887636601
0831,0.0305950538568399,0.0117096361776184,0.0036371427065222,-0.0004014617467672,0.0296540815988768,0.008677427676318
0832,0.0429729911997812,0.0239486850176907,0.0085638026229497,0.0026284371550235,0.0161255151667427,-0.0031936992017622
0833,0.0414992826343302,0.0175929315892543,0.0047970623031787,-0.002430600565054,0.0322255969818774,0.0043290626686352
0834,0.0302206739592771,0.0097518947375248,0.0077295665386086,-0.0019852875645048,0.0372008731459731,0.0042196250332972
0835,0.0540757205203085,0.0288262932111357,0.0007248365560676,-0.0041638233054617,0.0425771391121854,0.0128300775519217
0836,0.0420386876310297,0.0160165784381881,-0.0102192851463277,-0.0174281724723118,0.033731519931001,0.0029638976045377
0837,0.0264588404288042,0.007495337883768,0.0047957326465884,-0.0045095575560454,0.0429553475410555,0.0139094799669251
0838,0.0245994824637394,0.0021976881949189,0.0006121050386937,-0.0057841791924962,0.0292029161666139,0.0025444493538345
0839,0.0208817981274647,0.0086719961199515,0.0201784634627623,0.0110209185150942,0.0299911022233754,0.0079305501557567
0840,0.0205307454424315,0.005208125449965,0.0134983023178742,0.0011893231566677,0.0329445461795865,0.0087668082893981
0841,0.0132867422228465,-0.0032770703533402,0.0061890288101538,-0.006208590660465,0.0315540741607487,0.0028359301491856
0842,0.0090591240761728,-0.012405779841027,0.0083455651068529,-0.0052910672418794,0.0277834781382439,-0.006269186632042
0843,0.0030495942940753,-0.0176858490136251,0.0189680055840501,0.0044634421558787,0.0304874871545181,-0.0025469998841481
0844,0.017844177424904,0.0032166835402131,0.0077396359106129,-0.0008399625624292,0.0375435775248558,0.0064412148261458
0845,0.0251033851531735,0.002702350005355,0.0059322388750475,-0.0036037488197274,0.0424142277551082,0.0038117169950681
0846,0.0212587572747262,-0.0058239904494481,0.0229298845275179,0.0078168726397632,0.0288305216773109,-0.0097843385897156
0847,0.0147994757455392,-0.0061634601456986,0.024011595837122,0.0118819698452919,0.0304369685290642,0.0058386097177666
0848,0.0225040375747168,-0.001502724208396,0.0207544516998561,0.0063726454951356,0.0357937442260626,0.0025348122114326
0849,0.020042878384277,-0.0075115996793195,0.0301599547063895,0.0127177420692248,0.0352715492579506,-0.0061091411377234
0850,0.0218172164821327,-0.0068173447692788,0.0218742653204713,0.0043087109087597,0.0402428564889848,-0.0059763553251406
0851,0.0068519155086534,-0.0212174083516627,0.0252520688037994,0.0077966058399637,0.0290587093196304,-0.0129246347841409
0852,0.0315878485764075,-0.0002870923214304,0.0218566681407921,0.0036930233022035,0.0415488435706313,-0.0040231585328462
0853,0.0191064506632425,-0.0086530386494156,0.0273973866136062,0.0137982138824643,0.032348017995476,-0.0030108118489119
0854,0.0109057760320969,-0.0162111235192247,0.0073813417464511,-0.0008262991468623,0.0217653484730398,-0.0123024364196711
0855,0.0252212906047666,0.001712528012189,-0.0016301614831755,-0.0132972458559447,0.0200880560693172,-0.0123266292113998
0856,0.0170808603766898,-0.0050539796872739,0.00667345019331,-0.0045823637319293,0.022235823217811,-0.0112559838044784
0857,0.0166737629820609,-0.0012426126697433,0.0076493221977397,-0.0027178938056645,0.0311628125414793,0.0005371036201866
0858,0.0175110041399227,-0.0063726512238034,-0.0052956404199167,-0.0154911477423875,0.0330771986314926,0.0022942813681102
0859,0.0165093320929517,-0.0079085351827787,-0.0104747397894205,-0.0229726828902253,0.042180115267978,0.0038461343821816
0860,0.018630990919164,-0.0054443539196377,0.0127529477286461,-0.0003687941767736,0.0464922337853804,0.0117702935374445
0861,0.0158510764606494,-0.0048631390098485,0.0143048005239343,0.0018217979224069,0.0269282239576282,-0.0060751406086285
0862,0.001877135660701,-0.012838806142765,0.0147061500284922,0.007108398649603,0.0143082539719099,-0.0065973771758981
0863,0.0012617608482547,-0.0171535242535392,0.0204773952050473,0.0088459727943021,0.0177775486592062,-0.0082083437458596
0864,-0.0005477034760541,-0.0134425645605977,-0.002476943398634,-0.0086905518609532,0.0098369130448915,-0.0106090341666502
0865,0.0024851739125097,-0.0097887603332437,-0.0075235313624424,-0.0137472668179782,0.0058066703222091,-0.0116501785461648
0866,0.0149136024577421,0.0047422539436081,0.0165791815537113,0.0077968620558467,0.0247555634037165,0.0055974903325312
0867,0.0109281472882127,-0.0012344002021933,0.0298529138138814,0.0187761712971214,0.0161448625846771,-0.0011228064005856
0868,0.0078703213630106,-0.0049214305870032,0.0239980135544117,0.016017882477963,0.0269294214992212,0.0087196159284744
0869,0.0033045475877852,-0.0106490595788607,0.0053443574820434,0.0006767430685574,0.0211689857271654,0.0032226598054524
0870,0.0145087252192533,-0.0027073481565652,0.0060390250780773,0.0051202932396093,0.0294080777906394,0.0025628873735854
0871,0.0143849637111831,-0.0068697414349489,-0.007843701608124,-0.0095064482345231,0.0102541338160645,-0.0098429643009217
0872,0.0030503037133953,-0.011134595092789,0.0053627907055623,0.0018099888063459,0.0150853081334712,-0.0024219581310182
0873,0.0070304168137567,-0.01256734504648,-0.0073540152618936,-0.0086697792864617,0.0294194413191537,0.0061163948713753
0874,0.020841690242073,0.0071824264101965,0.001523935092547,0.0032747848861086,0.007796479682018,-0.007524969064035
0875,0.0125575584831373,-0.0014426750884652,0.0080245057747412,0.0054661104117038,0.006161394771421,-0.0065726151789589
0876,0.0008600687608372,-0.0042465423723066,0.0004328259610683,0.0018635167089058,0.0078921768963385,-0.001790471780157
0877,0.0047782197736276,-0.0028992455682064,0.0027040199030245,0.0011749610959031,0.0128684296416506,-0.001817503662183
0878,0.0063054669675523,-0.0100912145441799,-0.0118154741678608,-0.0115612524449085,0.0182114045341105,-0.0046004644259742
0879,0.0024253853023039,-0.0095191542444304,-0.0039928350341064,-0.009825112389468,0.0145142935071573,-0.0035896024945074
0880,0.0164562556698337,-0.0002151509613641,-0.0084538597052318,-0.0157812019131367,0.0174458206414356,-0.0076393842990009
0881,0.0198069686180906,0.0046468818000466,0.0056677320009836,0.002225944376713,0.0192876435002228,-0.0039298475564565
0882,0.0233682470525085,0.001527821156909,-0.0197542569330432,-0.0213574606322627,0.014193306818611,-0.0097494661923083
0883,0.0103180800798336,0.0016514408188722,-0.0051166472381649,-0.0070898080093023,0.0119784955216244,-0.0007447279018717
0884,0.0169557373411708,0.0036597621488741,-0.0048963398266285,-0.0060657071671654,0.0210094711279956,0.0048607780149901
0885,0.0284681495524432,0.0165088724011829,-0.0012025916340848,-0.0045192252472055,0.0325529843459917,0.0152984806412852
0886,0.0105305205964078,0.0022065732513865,0.0117904307195874,0.008824882924798,0.0308185709165972,0.0231254333585394
0887,0.0173524418807085,0.0043276711447391,0.0240635454978508,0.0167276472238559,0.0431086530506321,0.025557378310067
0888,0.026271799554276,0.0099437970208646,0.0120056774146517,0.008347894040844,0.0388823759248397,0.016484784172057
0889,0.0230269931349142,0.0109342854363559,0.0219528458039479,0.0102521838891001,0.0406240521010816,0.020921363388186
0890,0.0181499524008393,0.0053117704757548,0.0126046308014148,0.0029481301386227,0.0262912147480219,0.0086338217956224
0891,0.0155823568436151,0.0031473075509055,0.0258501785197669,0.0146337699034959,0.0398060825332881,0.0167288110269055
0892,-0.0008321999516799,-0.00711793167555,0.0249503972363884,0.0173800001509878,0.0391341814277271,0.0165082901193119
0893,0.0117755618846526,-0.0001584133757435,0.0243450006383559,0.0129629146116464,0.0493162399894494,0.0259474436128577
0894,0.0035056039316186,-0.004603975320984,0.0208571384022655,0.016405210759156,0.0342274936321998,0.0158925128663144
0895,0.0010055671161916,-0.0130538479513993,0.0359236445835749,0.0198810198351872,0.0355550078242038,0.0126670392391424
0896,-0.0138145423006886,-0.0270364416114254,0.0411172412065218,0.0258647799228255,0.0420756254141379,0.0100485334590661
0897,0.0119917299498147,-0.0117889825606898,0.0362011729500005,0.0186659130609461,0.0410679050648982,0.0042037898007149
0898,0.004419243960132,-0.0101682011605965,0.0164828468138578,0.0067008134241289,0.0293805843959487,0.0099737249042442
0899,-0.011496005044973,-0.0122574594030987,0.026894701075596,0.0212247020866224,0.0182215850418593,0.0033453125488695
0900,0.0070406597011834,-0.0062218950671868,0.0336686800785214,0.0242180889988357,0.0195563196617967,0.001336895547811
0901,-0.0037128753805778,-0.0198944369228435,0.0054548091413782,-0.0082914453113611,0.0184065637092571,-0.0051302099739551
0902,-0.006753649050915,-0.0206417923372944,0.0225976109117601,0.0092496410559381,0.0258566572110332,0.0023979314199856
0903,-0.0028617205821959,-0.0173770014196057,0.0118428075719836,-0.0025635445396157,0.0266506459751998,0.0032910191721888
0904,-0.0072187453991445,-0.0162177098760181,0.0263068168598818,0.0142006355140799,0.0317348971201207,0.0064894277994836
0905,-0.0194929112187023,-0.0235924912840211,0.0087983615660548,0.0052278408263452,0.0247460212772629,0.0075652591358297
0906,0.0018203263114551,-0.0090995346416267,0.0220598788608438,0.0109087490124964,0.0187100549017922,0.00018970221106
0907,-0.0015126462700506,-0.0135254629547202,0.0170439493556043,0.0055921532082495,0.0267958204611175,0.0064719922797302
0908,-0.0048948109096895,-0.0180817270795674,0.0215075596472966,0.0121681714572136,0.023726533109909,0.0032021580126725
0909,-0.0074990050010578,-0.0135931466906741,0.0094695723193365,0.0011194093043609,0.0226063257551629,0.0058202730163994
0910,0.0104339421806029,-0.006539669049783,0.0171082364340408,0.0065517861678767,0.0242815019469464,0.0054299675132058
0911,0.0153613137559357,-0.0002487281417771,0.0116928533810717,0.0053198064818976,0.0216428911339167,-0.0009116727917982
0912,0.009402011430707,-0.001722897682275,0.0175988320687427,0.0098502696295186,0.0058477218123595,-0.0049895963651956
0913,0.0138220620175337,0.0014774072350465,0.0080650913023448,0.0014978053896947,0.019602237073484,-0.0002625963020879
0914,0.0043246804650837,-0.0116236803764557,-0.0085939244964614,-0.0157542874660508,0.0112464315351192,-0.0145170274952673
0915,0.0154487619916087,-0.0020277995775226,-0.0194067450532778,-0.0239846195219055,0.0248419326333778,-0.0018128605393511
0916,0.0168216629856431,0.0034037871024957,-0.016049799859833,-0.0233786478749954,0.0336647618749616,0.0074620933023799
0917,-0.0074406804684495,-0.0128616487676754,-0.0074849168228663,-0.0140113859446456,0.0152704284803223,-0.0015555199372028
0918,0.0083132822631449,-0.0061011923339225,-0.017077857775206,-0.0187992073257017,0.0196275696415882,-0.001412907975257
0919,0.0097116077563305,-0.0005052030163084,-0.0168179716594989,-0.0179950824344389,0.0202898015531573,-0.0012512461456115
0920,0.0067575485162049,-0.003412862771227,-0.0034182352330092,-0.0084259408105011,0.0248549349018976,0.0049852979027317
0921,0.0260081495364639,0.0075141699311774,-0.0031778416506257,-0.0090656179437634,0.0304482794771392,0.0053116831022228
0922,0.0043386015803807,-0.0085826079714974,-0.0190451493500446,-0.0212486508320684,0.0102981433802377,-0.0136440108576042
0923,-0.009513135207076,-0.0190916795758621,-0.0084701554594492,-0.0164984162593039,0.018044438990623,-0.0097489887855464
0924,-0.0040418634346846,-0.0193858347254673,0.0140708091482952,0.0045468696350988,0.0240638304835118,-0.0064075587194971
0925,-0.001663135445714,-0.016640908007517,0.0005187010627215,-0.0103581147384496,0.0241555294993012,-0.0079840412125138
0926,0.0060384572445768,-0.0102815282191934,0.0001345780771483,-0.010199210971058,0.0295526165769255,0.0018441267052718
0927,-0.0016847773448443,-0.0144974498960772,0.0211564561979261,0.008114028767519,0.0219202392319563,-0.0043695092859514
0928,0.0072615094025698,-0.0045394923922125,0.01041732643147,0.0004837574345864,0.0138340291210671,-0.0071025010759776
0929,0.0166554157485513,0.0016288776118561,0.0235025945177437,0.0105342454399832,0.0273212883459316,0.0054941443388639
0930,0.0164686437294242,0.0043974293269473,0.010064542719811,-0.0005244506919598,0.0192831305971527,0.0043094287058071
0931,0.0126958670468306,-0.0013596070724859,0.0186196038828919,0.0067091945377949,0.0176062045583797,-0.0021817125352898
0932,0.015147093638694,0.0068650012785512,0.0233239036530515,0.0111707729738038,0.0288850665750349,0.0074818612576308
0933,0.0266038905749897,0.0139251862968585,0.0091415295071742,0.0044872498451342,0.0255576619257064,0.0064360516326045
0934,0.0273110489828478,0.0167104715646118,0.0135874948278174,0.0051580817061515,0.0268600912721001,0.0076799727498107
0935,0.0254197731702264,0.0056619239556913,0.0010969947503586,-0.0046517079900167,0.0472624477924892,0.0175572814198602
0936,0.0184155149262935,0.0062961101451497,0.0052452929125086,-0.0004615688799059,0.0284330574282952,0.0070509805344481
0937,0.0139538125281024,-0.000877174662666,-0.0001093265978855,-0.0022505385423706,0.0093304035528967,-0.0063786838298009
0938,0.015012912744577,0.0010314758111801,0.0122272271765355,0.003065874209085,0.012138519801563,-0.0029229672244402
0939,0.0337583847141523,0.0122988628963053,-0.0034978602392879,-0.0098515411857827,0.019592006080906,-0.0036682580625071
0940,0.0347237923894312,0.0119574252362852,0.0146886310801029,-0.0020603284103273,0.0254109892278671,4.396577032464045e-05
0941,0.0305628254948781,0.0071524078215843,0.0025098827206009,-0.0118915661949101,0.0283969004039851,-0.001843262738766
0942,0.0224851492916011,0.0033951099331653,0.0131673786815634,0.0028052107744616,0.0404573579691645,0.0134103928131694
0943,0.0062354703861993,-0.0077579032753587,0.0050130303051545,-0.0057405342127574,0.0385301787117746,0.0118898813816892
0944,0.0129454805641819,-0.004671754280096,0.0105998384647261,-0.0034863535423004,0.0426223348716535,0.0106815228503772
0945,0.0098374416718169,-0.0075341575586124,0.0104330399452632,-0.0041556479035862,0.0372369056978618,0.0060561843220974
0946,0.0075903034363867,-0.0078121141828291,0.0118386136610371,0.002561926600603,0.0483884394219777,0.0122501721329264
0947,0.0205265855779505,0.0028163984735776,0.0161927794958176,0.0047986098621744,0.039910318839447,0.008026715121343
0948,0.0241790711656537,0.0061110490259385,0.0088527918101559,7.656837751447831e-05,0.0502575111610124,0.0162239031923988
0949,0.0309729866866718,0.0132860600277394,0.0035237079706261,-0.0047003558700778,0.0419228019946485,0.0070301638972713
0950,0.0528106901547933,0.0215053653506394,0.004165920655636,-0.0051146441793829,0.0451705254273362,0.011807080833926
0951,0.0330546096720402,0.0080800948100592,0.0049480622827875,-0.0024964981154955,0.0376192339963725,0.002430847651198
0952,0.03647240454452,0.0089465171215195,0.0103108045966467,-0.0024658023960519,0.0453132077591732,0.0066516355743954
0953,0.0388508062518731,0.0128064060254788,0.0113719035390461,-0.0001506364027825,0.0349472497342728,-0.0050693766090427
0954,0.0164910079628518,-0.003812606790657,0.0190750869767585,0.0072581096146605,0.0300725711342022,-0.0043610716155644
0955,0.0175554000251179,-0.002858135429943,0.0378140295883949,0.0217446599857687,0.0238991264282612,-0.0081356916710997
0956,0.0132788610690155,-7.86525282278313e-05,0.0216064690580151,0.0117206907239797,0.0293569555506772,-0.0008809033357675
0957,0.0298162260532257,0.0106097058094004,0.0196873366027843,0.0075454268671146,0.023015714425956,-0.0062414066625991
0958,0.0211922162262506,0.0051565133138074,0.0201874757132027,0.0069587221896122,0.0172327016357169,-0.0122294582307125
0959,0.0302117120242292,0.003821288766233,0.030260033584407,0.0139050493187939,0.021053800172785,-0.0121846011737294
0960,0.0339288919433471,0.0157492421216557,0.0306262037882247,0.0193982255699193,0.0302139378441026,0.0026720813909851
0961,0.0207260540788315,0.0040648997766832,0.0242795291588813,0.0145483704942605,0.0285671375475994,0.0026799128133037
0962,0.0395809651967428,0.0173339833278061,0.0353817482275525,0.0191890403812633,0.0237475286863843,-0.0088679986110877
0963,0.0288977374043334,0.0077306788039439,0.0205945960419859,0.0106105958454521,0.0246296429312881,-0.0064102010523485
0964,0.039633635209389,0.0198770495975175,0.0214586376789594,0.0144307256837344,0.0250537240920092,-0.002271019392659
0965,0.0344768017438695,0.0121427642906144,0.0261662706313315,0.0157279623368476,0.0268363979854187,-0.0053159135145965
0966,0.0379485380552782,0.0154130029781049,0.0202037183052985,0.0093282691843289,0.0310463347144254,0.0015306118213999
0967,0.0520862629572067,0.0262370427750648,0.0211238223704441,0.0047742678244742,0.0352636404622922,-0.0017663704645535
0968,0.0308749616958499,0.0089081942786721,0.018943318862758,0.0098105615953126,0.0366948853451709,0.0034487756918509
0969,0.0303964485126531,0.0066797958074404,0.0177694204905135,-0.0011491146689492,0.0252008145742696,-0.0106262176377995
0970,0.0166034808366089,-0.0002854001966864,0.0180214595991387,0.0063935043375131,0.0239219365285224,-0.00824444453047
0971,-0.0032882662126307,-0.0151323272357642,0.004419599830806,-0.0077804713318139,0.0076271051540577,-0.0185603664932269
0972,0.0053374177235246,-0.0096803437842519,-0.0053512844523299,-0.0148853056847434,0.0170497381837968,-0.0126699091475778
0973,0.0075414532472918,-0.0100669493518327,0.0058329857673739,-0.0055746687918078,0.0147039125696951,-0.01984779081327
0974,-0.0014973837588404,-0.0143629625319987,-0.0234898653008039,-0.0292259401149117,0.0075328427977473,-0.0162107635806053
0975,0.0031397138375143,-0.0098721078375967,-0.0098716679604188,-0.0120781370963039,0.0103970727888114,-0.0116113646518019
0976,-0.0046559150835399,-0.0169433011982946,0.0012186106484934,-0.0091569870140974,0.0060773956443316,-0.0210766669910031
0977,0.0110231246718977,-0.0050955465411459,0.00499497050031,-0.003812854455248,0.0156660756805289,-0.0140193851401466
0978,0.0133638063450698,-0.0008039995252988,-0.0004191178812207,-0.0097778842119568,0.0221706271874338,-0.0046119320176136
0979,0.0143368664127938,-0.0036766567886303,-0.019667816626739,-0.0262876978828493,0.0194854516664416,-0.0087054793984138
0980,0.0189292127220102,0.0101204364987601,-0.0243345797041346,-0.0250081184518464,0.0089595555844261,-0.006730608321223
0981,0.0166291036671671,0.0087535940157221,-0.0183047625851459,-0.0206840938145693,0.0122713099193028,0.0016446086344839
0982,0.0165018033335261,0.0084159455769391,-0.0103262200669915,-0.0092201302536563,0.0151209678180717,0.008228457144297
0983,0.0218622607646329,0.0188165993414869,0.0005117737840733,-0.0050774138772003,0.035964902860231,0.0233550432751957
0984,0.0240888197088604,0.0191950839595559,0.0030111151830998,-0.0025301548465427,0.0137356854002742,0.0056256027937039
0985,0.0350394949935893,0.0305416045743224,-0.0061203203835657,-0.0069507694882703,0.0263717331718337,0.0196545972764025
0986,0.022446782288404,0.0208766345886524,0.0022970808325679,0.0009587846198547,0.0296419554114624,0.0223582370499341
0987,0.02233720980355,0.015405316048109,-0.0123932514712685,-0.0091388836623542,0.0350418456719023,0.0235513193556931
0988,0.0405316348022513,0.0230245287296293,0.0116536989583258,0.0069596515264865,0.0313438870075031,0.0136606869824818
0989,0.0400545936639342,0.0186880805805789,0.0077397117482452,0.0042582764482875,0.0367354786525883,0.0125051646638728
0990,0.0470592871010686,0.0285726974267515,0.0042898958213069,-0.000980976819101,0.0321112627992532,0.0080894052667025
0991,0.0378597928143783,0.0238555000026932,0.0071185949969153,0.0017320632581997,0.0479787338637431,0.0221102618669248
0992,0.0337330915668399,0.0160457902590904,0.0089115754388452,0.0038374456803855,0.0469467666638018,0.0194150734951472
0993,0.0238782310401213,0.0085329365582371,0.0090915443445882,-0.0016544107946458,0.0401702723397506,0.0073214603371763
0994,0.0344870533451878,0.0137601265043645,0.0013155636634007,-0.0092475006807455,0.0353126095678189,0.0036694318956943
0995,0.0246286851906302,0.0054485706030569,0.0084829716528269,-0.0020001454211622,0.021062779724967,-0.0025416942636541
0996,0.0294186002991427,0.0150208026507657,-0.0022591080031114,-0.008691092780345,0.0154336918804808,-0.0061838141415645
0997,0.0259830143646417,0.0087186080120377,-0.0147421425584513,-0.0154189898036951,0.0046183418418958,-0.0140285371877972
0998,0.0350804515981759,0.0156669512090422,0.0004204749168368,-0.0025706724725543,0.0117954791962241,-0.0049221413611897
0999,0.0343187853587069,0.0219739066487799,0.0055792624707361,0.0025098333273867,0.008232985236948,-0.0099890359548568
1000,0.0284072005210101,0.0156125809815342,-0.0060973518743777,-0.0075301038731092,0.0007773256780211,-0.0046262237896779
1001,0.0111799488167826,0.003595033067469,0.0048611649739179,0.0040318739256458,0.0117150338660619,0.0018281731603989
1002,0.0207392517115869,0.0116815596316931,0.0162971719821671,0.0159133677057392,0.0203368214574198,0.0104959229872514
1003,0.0047300303485394,0.002267846692179,0.0026260987370618,0.0038746778700458,0.0100621305492975,0.0061387440968247
1004,0.0088153016931401,0.0035888939755782,0.0134445118759309,0.0100138942563178,0.0092246882815175,0.0014346590827539
1005,0.0131648151848495,0.0018188919364,0.0119589569934818,0.0094854182281829,0.0242402850383767,0.0121101287620206
1006,0.0184073789887031,0.0113574391228566,0.0049486736577814,0.001652715947949,0.0107532486849176,0.0027947989963766
1007,0.0126995844917036,0.0033836114656819,-0.0049002030215228,-0.0078226211841307,0.0131512343319355,-0.0030344195657318
1008,0.004521931754558,-0.0055269910946788,-0.0041701232952845,-0.0051915948021704,0.010327719538518,-0.006778578135951
1009,0.0130011440660766,0.0028877755396956,-0.0026705852431382,-0.0006336477508594,0.015932806550144,-0.0025344127016706
1010,0.017578056013228,0.0068001309425603,0.0137873922828245,0.0094497060603518,0.007763445479929,-0.0174943589600693
1011,-0.0015626160774666,-0.014039255889399,0.0128717882565953,0.0090058206588821,0.0021180412962316,-0.0221119195920275
1012,0.0001634303666557,-0.0152996022502148,0.008744164581939,0.0057298253030939,0.0252977395324246,-0.0022322592339802
1013,0.0066187774956406,-0.0061156403457019,0.011150006780225,0.006955187520805,0.0296696595451543,0.0033065907810651
1014,0.0144073198885409,-0.0064117543441852,0.0132322103579003,0.0066192501901948,0.0224600137605049,-0.0024209514753411
1015,0.0200097476873271,-0.0057094518201909,0.0003154611335759,-0.0015671415285799,0.020880931318751,-0.0101128800671413
1016,0.0161100073228444,-0.00831561733408,-0.0024664407373377,-0.0057628032331422,0.027660595774906,-0.0022177074211575
1017,0.0076362274765725,-0.0105359948133305,-0.0004356436758688,-0.0047295343571239,0.0182177992103303,-0.0028659161562008
1018,0.0203840096910459,-0.0039854381763469,-0.0157215047374245,-0.0188824904252667,0.0281889341932177,0.0009267537746932
1019,0.0168256698181968,-0.0049270232751417,-0.0104000125305269,-0.0158694565607958,0.0294246364444588,0.0054139262897778
1020,0.0105167295601196,-0.008010419029746,-0.0112448933060737,-0.0134955273585164,0.0192901463438806,-0.0011292440514643
1021,0.0078215050571664,-0.0098222247663614,0.0017802905049863,-0.004661164508646,0.018801696224955,-0.0034737341984525
1022,0.0030025780426266,-0.0041247380767545,0.0040085301404283,-0.0022940274620545,0.0178858299464027,0.0043382619241968
1023,-0.000694464435626,-0.0125757504495253,0.0082458405861353,0.0067123371092075,0.0211207272933314,0.006554488794036
1024,0.0027376930023015,-0.0137197492249619,-0.004014063722661,-0.0092042140313383,0.0272833639050638,0.011889497780091
1025,-0.0041764689282398,-0.0228824741629629,0.0005552496811446,-0.0060091890243616,0.0210141207120121,-0.0024058228485299
1026,0.0101150389310395,-0.0082471149295867,-0.0031281797124939,-0.0098285670621416,0.0393280503745964,0.0108511195322012
1027,0.0189045304666584,-0.0021808356726697,-0.0077332890566526,-0.0138283877501875,0.0198109761372229,-0.005420020188901
1028,0.0341400899635251,0.0142282702161133,0.0020044718821453,-0.004459338003965,0.0238161242220814,-0.0021670075876741
1029,0.0288942312252129,0.0109678245632138,-0.0060589883904148,-0.005038843533148,0.0173526224343032,-0.0036734650117326
1030,0.0261169806885467,0.0059003555785395,-0.0112525465484762,-0.0164984067140752,0.0149662408503816,-0.0083768393769214
1031,0.038770171154972,0.0195021530179906,-0.0072084730770826,-0.0162170820679759,0.010316840393077,-0.0078218770878693
1032,0.0142599280202829,-0.0039640876206671,-0.0088486167745812,-0.02034178598133,0.0247231809955599,0.0008009153810856
1033,0.0152799773982942,0.0039041976019786,-0.0170627553088394,-0.0211723901270884,0.018239270621722,0.0041945491690318
1034,0.0337067885961317,0.0189208700872182,0.0079382162813434,-0.0082807052482301,0.010831494235429,-0.007862924932186
1035,0.0228210588708155,0.0060628906478915,-0.000254649002482,-0.0121977700761039,0.0177182593148353,-0.0036447092898104
1036,0.0159031733015028,-0.001162867972555,0.0092244605551555,-0.0063128638285361,0.0394520825898341,0.0094828420253153
1037,0.0222976731176967,0.0110165493912854,0.0029491786400503,-0.0046960878111122,0.0411183243837462,0.0160206682896099
1038,0.0332595989363528,0.0198276410125911,0.0175213556154503,0.0101205400420821,0.0381196564261487,0.0151610576837001
1039,0.0315361350256626,0.0177420566425596,0.0263988473966048,0.0201756360514938,0.0373317684342979,0.0132829452275278
1040,0.0189432280531536,0.0105560597499809,0.0099380147931917,0.000322879053541,0.0337144959956471,0.018644520635093
1041,0.0152017726673569,0.0065242159310999,-0.0048594071710901,-0.0074092282111835,0.0274271772332519,0.0099018849022051
1042,0.0183543432781752,0.0094804218428085,-0.0072309949818336,-0.0091847827234771,0.0210964449587309,0.0079650017139704
1043,0.0146423999320449,0.0032924217598613,-0.005883796183801,-0.0092252956383536,0.0198161662788959,0.0018687510896277
1044,0.0228440439113334,0.0080987471851979,0.0028495648616204,-0.003829211985956,0.027916095239968,0.0042846621782428
1045,0.0153226232467917,-0.0023642815042917,0.0081965836602682,-0.0047094540850285,0.0299333002525937,0.0092620565246731
1046,0.0105803222237126,-0.0056957978277661,0.0158409208925264,0.00286894114518,0.0294385419183627,0.0111989102324226
1047,0.0078690178343746,-0.0081678198195384,0.0155792165307887,0.0032274994402578,0.024642449058867,0.0014274242691974
1048,0.0206803692348302,-0.0002500961256413,-0.0033116253091239,-0.0106286563173214,0.0288093767237276,0.0045253676779396
1049,0.0206813654514637,0.0006656770968125,0.0075392549380137,-0.0041801561813273,0.0420233464509,0.0125359430372714
1050,0.0289871843926284,0.0057289787140559,0.0011804847783078,-0.0029950921999921,0.0315500921547936,0.0054630052108413
1051,0.0239475314350521,-0.0031560657642419,-0.0173859962418247,-0.0204661559263346,0.0238613688651714,-0.0022655739854028
1052,0.0158059016559959,-0.0088336194851449,-0.0134147650111825,-0.012384667565784,0.0175063893870437,-0.0011506300689411
1053,-0.0008331651160018,-0.0203004700356718,-0.0194021162464483,-0.0164186757938427,0.0075474890584961,-0.010335902578522
1054,0.0018510291912458,-0.0136899420997802,-0.0173510744505794,-0.017398686237318,-0.0053092233820133,-0.0197783506310822
1055,0.0047742919769063,-0.0079345528955245,-0.0002410082832979,0.0033286820781653,-0.0073051801261449,-0.0181757175154905
1056,-0.0059001418731734,-0.0199024414622664,-0.0077518189342876,-0.0109941485689236,-0.0047293981038669,-0.0225516412464125
1057,0.0093033866457956,-0.0042517382545657,-0.0145073468206108,-0.0124492963614118,-0.003719707854553,-0.0228433025654629
1058,2.252807256654754e-05,-0.0143960014467118,-0.0017707683404137,-0.004878027285875,-0.0091724676981091,-0.0281351134825146
1059,0.0043995491343532,-0.0064682692163184,-0.008697780927148,-0.0105564270230737,-0.0133901226443593,-0.0236272146365363
1060,0.0119197227655798,-0.0004802150917991,-0.0021187226814622,-0.0046381293612214,-0.0073179669572861,-0.0199870808153552
1061,0.0012981886087891,-0.0073646115019104,0.0342197227802333,0.0242791180838307,0.0062071037195597,-0.0124946353917981
1062,0.0072303151684235,-0.006596184151784,0.0322680799928712,0.0209451907147832,0.0082537529767298,-0.01095128966299
1063,-0.0020292539378427,-0.0115736716817253,0.041473281513511,0.0294421286852807,0.0120198190306614,-0.0141710445926136
1064,0.0048506261908288,-0.004129325282057,0.0464689709141062,0.0334670610486677,0.006874348792065,-0.0103541599595232
1065,0.0167860483062661,0.0119495484987589,0.0358470714916508,0.023488566839395,0.0230371378219885,0.0072932320618105
1066,0.009363677790449,0.0015127188256278,0.0223836903717514,0.015247377346029,0.0158303097166908,-0.0008038843332192
1067,0.010439608055611,0.0053999558266147,0.0174198572283726,0.01451458706376,0.0161019337570217,0.0039231461150873
1068,0.010395432028473,0.0030828345397199,0.0171047652767219,0.0118999700231431,0.0154085569544559,0.004480278149434
1069,0.0053192967313325,0.0019830060387889,0.012883098176448,0.0108296082151921,0.0156199220451909,0.0038741076886936
1070,0.0084080233359015,0.0040558125271337,-0.0025049614430674,-0.0007324373472962,0.0111956634649669,0.001553486307619
1071,0.0088982024389678,-0.0011551765362727,0.0074781442196156,0.0050487665853387,0.0155099708286807,0.0031843962357869
1072,0.0150571184916821,0.0102228773563155,0.0166449410734832,0.0147735762580253,0.0239019506331494,0.0154592449409479
1073,0.022539436414436,0.0120412983301366,-0.0039374668795619,-0.0036148772866237,0.0182880389409566,0.0087625855755347
1074,0.0201873646570833,0.0089240680388205,0.0061479139677669,0.0011519528566184,0.0227480139279232,0.0146042615564698
1075,0.0220617867212821,0.0069780397376377,0.0034302212197736,-0.0010914507540175,0.0127372621024652,0.0030839274017831
1076,0.0088447138735809,0.0013964456917332,0.0167660574916383,0.011798520527747,0.0192007069728088,0.0024643026549572
1077,0.024682128106005,0.00323011978245,0.0163489873200519,0.0077767112745212,0.0085633250908379,-0.0171439575158684
1078,0.0234477235107426,-0.0009474398964241,0.0171718641154128,0.0089809617253929,0.0184256934434098,-0.0087924049979421
1079,0.0162680155753316,0.0024835565163025,0.0105700135352247,0.0042050046846073,0.0254656624062758,0.0032486634675618
1080,0.0070395756733716,-0.0067738715879458,0.0017258799695829,0.0007537074887532,0.0196179999112918,-0.0014043640739612
1081,0.0151812333965708,-0.0042428429814687,0.004336224101481,0.0005713648027054,0.0195032178579254,-0.0046627255066292
1082,0.0102569346076596,-0.0054910103907689,0.0219853982619516,0.0103519490708095,0.0274069531971193,0.002265743583128
1083,-0.0039107081800562,-0.0135701972340369,0.0253326231944617,0.0161087367016935,0.0091546557172417,-0.004823582724389
1084,-0.0017756148449163,-0.0123123048974596,0.0120014250342618,0.0002383705078835,0.0073113906361212,-0.009812164677257
1085,-0.0133428593967504,-0.0222666847067293,0.0129077079383326,0.0027324991292892,0.0122991287380497,-0.0013959026815428
1086,0.0083067739137387,-0.0032939287070673,0.0139856427757373,0.0102935927691693,0.013030091027649,-0.001892683819381
1087,0.0364842929288334,0.0266662080221988,0.0051314273655197,-0.0004575544047813,0.0243228731075487,0.0099689566442488
1088,0.0433856672171961,0.0306072177955112,0.0012364923985834,-0.0033474784405338,0.0252588844866873,0.0105879108890535
1089,0.041533252345804,0.0272903404116379,-0.0086277755269316,-0.0109549273737931,0.0188861999423605,0.0044939377333914
1090,0.0137274320899397,0.0039900143727675,-0.0071700203068577,-0.0095307505078805,0.0209144235755924,0.0009059867476214
1091,0.0209130035960104,0.0123697668327182,0.0023764658185966,-0.0031602161858254,0.0199747823562933,0.0016867914074583
1092,0.0152559151130502,0.0029751694704567,-0.0049635542764424,-0.0105143867592518,0.0110410916943828,-0.0102699150198328
1093,0.0167131629138372,0.0044175262953676,-0.0087179268880405,-0.0137775853394993,-7.174614806679355e-05,-0.0175035807936648
1094,0.0148557877361942,0.003658004753118,-0.006974225816398,-0.0140152372981613,0.0065337561739403,-0.0091990948340422
1095,0.0193603559090034,0.0041994730047341,-0.0029915155113406,-0.0075243763164868,0.0073389039606172,-0.0078268151897995
1096,0.01703836131467,0.006822135616866,0.0032942170049442,0.0020534455432336,0.013616186935005,-0.0032650386936806
1097,0.0393496008341857,0.0175926652310823,0.0052074237593067,-0.0008125524306612,0.0126036478697633,-0.0098875107882824
1098,0.0251034520959743,0.0132305035563813,0.0092721521425839,0.000169615365725,0.0194568550171338,-0.0010855033173947
1099,0.0228112801010544,0.0098999994102081,-0.0002377597367594,0.0007097761033547,0.0226626617780333,0.0016177815430114
1100,0.0119674100820854,0.0050925296621023,-0.0068706574333885,-0.0074085717014477,0.0086762913267134,-0.0018007967645347
1101,0.0268650599841917,0.0117425477475489,-0.002151481089707,-0.0048991375582026,0.0228176172033834,0.0040904549677208
1102,0.0293982776771414,0.0106133323262292,0.0050614372523059,-0.0071654438248294,0.0203248010151649,0.0009126468737781
1103,0.0137902955367943,-0.0003580936233989,0.0098335577520775,0.0022446644747449,0.0236108029590315,0.0071384826817301
1104,0.0170878739638193,0.0003807659934785,0.0187922220805863,0.0106891708464757,0.021601380810653,0.0016144175304762
1105,0.023753016989084,0.0057647405560345,0.0275186772645281,0.0174368573701118,0.0212865316216238,0.0009904775365988
1106,0.0372685599243909,0.0140527090269564,0.0198784257034507,0.0122797210250924,0.022098484888125,0.0008988476132863
1107,0.0213189587623285,0.0043693290338207,0.010255455057716,0.005274521182929,0.0174237306830548,0.0003564953993146
1108,0.0223599058263165,0.0023093780674939,0.0023314621423431,-0.0069147361402539,0.00789415570105,-0.0101781113203014
1109,0.0234011792010178,0.0109194324009571,-0.0056814687295816,-0.0089556689135356,0.0089821906241948,-0.006951970715351
1110,0.030438646170855,0.0177300807936639,-0.0145246533875253,-0.015116584124327,0.0199078137717191,0.0022118937333677
1111,0.0147799521748441,0.0058241589789219,-0.0107717127863844,-0.0103000689233695,-0.0008545656782247,-0.0061542121272448
1112,0.0178326741220419,0.0079558041701105,-0.0043568456466497,-0.0113144046505322,0.0128924429727366,0.0045122465519276
1113,0.0153367983310503,0.0069249217797151,0.005023718948782,-0.0020799705946791,0.0087711185473468,0.0025400471352625
1114,0.0112625736187647,0.0048428631497056,-0.0093512251854368,-0.0163020181102327,0.0108188261638082,0.0001908684536867
1115,0.0122435730251875,0.0040075015125413,0.0114403151424163,0.0047257823596548,0.0030180496152307,-0.0045750494057493
1116,0.0174327149033874,0.0151312006814527,-0.0016895189932608,-0.005583980775755,0.024013874846032,0.0138425466519561
1117,0.0143609284535757,0.0046712040863866,-0.0073823893760076,-0.0104850601387717,0.0215393025352489,0.0065033462077182
1118,0.0087813114937803,0.002347971344206,-0.0014213136329473,-0.0039346499922052,0.0286285516258473,0.0130986498938481
1119,0.0233586553790225,0.0084319816362785,0.0166464268382863,0.006599512080186,0.0308422093941348,0.0086792054760095
1120,0.010234924823586,-0.0001989352711505,0.0092126005917979,0.0048198980509736,0.0335809481789039,0.0176179148431991
1121,0.0047315035836956,-0.0001787173742034,0.0106064216389046,0.0049290602867194,0.0220727023104721,0.0096515494207722
1122,0.0220036889803814,0.0128795510772281,0.0127745036913929,0.0032785806519646,0.0396846577064148,0.0188423991987721
1123,0.021798349722566,0.0030830095924974,0.0066477939863059,-4.9866798871025856e-05,0.0349854010921162,0.0131016037624501
1124,0.0102534192476952,-0.0017682363706353,-0.0023714575845988,-0.0076788685087907,0.0382535020999788,0.0133712673756521
1125,0.0162811897498359,0.0051576557394261,-0.0038882915276348,-0.0072368972649943,0.0251512778643073,0.008305372265218
1126,0.0236965370049449,0.0084377462399182,0.0073345413562204,-0.0026770601980679,0.0304528440250775,0.0098801207450735
1127,0.0149291575949995,0.0017088975860806,0.0125549471902288,0.0025992377468755,0.0275681415479941,0.0068785745154845
1128,0.0104412542249733,-0.0022301609688988,0.0037979745025222,-0.0090797951927873,0.0147587448757275,-0.0064784498103491
1129,0.0007699997408934,-0.0090083700092463,0.0036815131842499,-0.0034121368966193,0.0037969072400934,-0.010025402345428
1130,0.0204722910105102,0.0037971508216321,-0.0034567756571867,-0.013971594133305,0.0229833772570259,-0.0013249131393075
1131,0.0099621512046118,-0.0063195858613937,0.0034330403727999,-0.0065512294089909,0.0174184166363437,-6.837518501943703e-06
1132,0.0029282699513975,-0.0098452391982754,0.0016283827562648,-0.0084580645777366,0.0115670337401336,-0.0079997579021418
1133,0.0093174151106983,-0.0112364478789863,-0.0070643102658176,-0.0167135611158694,0.0275589325033766,-0.0012493867711971
1134,0.0025532630524615,-0.0111432116914029,-0.007623499282889,-0.0120897090951901,0.0336241422554308,0.006496109368465
1135,-0.0052830659388476,-0.0146332485860773,-0.0156558723164813,-0.018019929725256,0.0233158509781383,0.003080212640411
1136,-0.0067705030415712,-0.0168464679806016,-0.0051018811466871,-0.0061466670470699,0.0347196081389014,0.0150745392822965
1137,-0.0074663747813744,-0.0126646492101581,-0.0200498701503179,-0.0241453923204994,0.0324947227894771,0.0102198099595362
1138,-0.0084731545556694,-0.0115118225756091,-0.0029956759056883,-0.0019668664868137,0.0326935760746617,0.0124404288510401
1139,-0.0003083408591353,-0.0066485743300601,0.0015448496690214,-0.0010509391727984,0.0272783842816506,0.0076556882835572
1140,0.0133252410256768,0.0055930991857006,-0.0023264489413654,-0.0030755836987052,0.0329095478436691,0.0150451743923282
1141,0.0145228291777479,-0.0036616847865488,0.010921961261561,0.0020069554234488,0.0372128957906906,0.0180239873309524
1142,0.0097649371687866,-0.0057205052020365,0.0128913679780394,0.0054997420981746,0.0358340567850996,0.0146644515843014
1143,0.0059949196944353,-0.0116257132255119,0.0096990156475378,0.0035830244273474,0.036876448432273,0.0171162164318613
1144,0.0110017538249803,-0.0066522958465832,0.0044809644433063,-0.0027381654766198,0.0503728849862313,0.0225509260161968
1145,0.0045281815968353,-0.0107491185694883,0.0015583908987172,-0.0013842338273626,0.0449464279922613,0.0147440691406334
1146,-0.0027194181789987,-0.0175016433343107,-0.0054921713763873,-0.0058789911322151,0.024584811885546,0.0011885283581653
1147,0.0148032022582797,-0.0050999732232661,0.0044796418319832,-0.0010339999429823,0.038443764779239,0.0105365290928816
1148,0.0049102325998882,-0.007738922365547,-0.0027011904572337,-0.0033495591805236,0.029501555052465,0.0070172556571695
1149,-0.0012983099168855,-0.0150774407207806,0.0045062745261258,0.0010521668690621,0.0355847307691489,0.0071679350273499
1150,0.0022784289151802,-0.0140760763603037,-0.0060682525431425,-0.0094934719333446,0.0379399464808523,0.0125377451886975
1151,-0.0025257872893437,-0.0179012106517972,-0.0109204155061816,-0.0147944111572706,0.0315867398272071,0.014272791915461
1152,3.612760026948466e-05,-0.012405756969858,-0.0128353759802408,-0.0163765712446449,0.0311958485900526,0.0143703701819157
1153,0.008551191228823,-0.0026799623770258,-0.0012448182134466,-0.005164717268662,0.0209080386486983,0.0053759309604256
1154,0.0236996594606086,0.0046726007468726,-0.0049173736435809,-0.0102433224134784,0.0272076782327769,0.0030196558663517
1155,0.0142107142841275,0.004364328808864,-0.0071098392615981,-0.010810394513337,0.0138799548694797,-0.0059936196705762
1156,0.0303592468089245,0.0164524469111515,-0.0053032317486799,-0.0135760825228694,0.0204125477078105,-0.0020355827816864
1157,0.0260393736569825,0.0150207641845956,-0.0024909186292101,-0.0083803873413567,0.0337656778369415,0.006879500666068
1158,0.0173436192029602,0.0075995934260666,-0.0106937800516559,-0.0162623789749596,0.0303137834496797,0.0060522079028917
1159,0.0241871676396928,0.0083855308659562,0.028297316717547,0.0138380979630539,0.0185314875948459,-0.005184642936912
1160,0.0205748325753998,0.0086829046939883,0.0129699356186589,0.0018873072554039,0.0261626596691737,0.000522298854239
1161,0.0265843693196508,0.012956476280689,0.0148415099855499,0.0120736494011923,0.0092918288757812,-0.0079113183444895
1162,0.021492603422245,0.0083412250689475,0.0230712376897449,0.0176519206234986,-0.0006880371860735,-0.0176269999746522
1163,0.0276626611718685,0.0100014807118156,0.0285598543453134,0.0195233896660993,0.0140487020493594,-0.0064379401565935
1164,0.0322074819133763,0.0151491534083126,0.029770676790046,0.0173549166350508,0.0096243442162031,-0.0139098813433324
1165,0.0146736326083647,0.0040211927150064,0.0064852114271452,0.0022370529224112,0.0046784298347481,-0.0121330604506759
1166,0.012472630653985,-0.0023385399013304,0.0149923107609629,0.0095318405949562,0.0113115901942912,-0.0021670939876659
1167,0.0011563397162169,-0.0021792629191931,0.0069668677506728,0.0039580869596668,0.004118918064551,-0.0035871400090123
1168,0.0058003958078818,0.0027035429146171,0.0013295855441302,0.0002196033953175,0.0088034578794167,-0.0010440407366475
1169,5.130848249476984e-05,-0.0026677187586867,-0.0029598713448089,-0.012756306678843,0.0124559837838778,-0.0091103546529781
1170,-0.0058985426360247,-0.0076377240920327,-0.0022412665402125,-0.0061851498245063,-0.0010666529369616,-0.0112634013784613
1171,0.0006247582119982,-0.0028574684149214,0.000370594482004,-0.0007085309470389,0.0070402598442046,-0.0002258290137106
1172,0.0018697116257181,-0.0055945161312918,0.0002619096002772,-0.0059730748630457,0.0055881781521362,-0.0084772587354526
1173,0.0026963921301549,-0.0087576281498692,0.0027446402824472,-0.0044693024220354,0.0045347464622568,-0.0089075262617776
1174,0.0036193200996249,0.000141477287683,0.0208932924511431,0.0117360300218405,-0.0009823549657849,-0.0050957270958043
1175,0.0100981286667639,0.0073166050586008,0.0102378580718421,0.0061350819040751,-0.004030983577653,-0.01281468438004
1176,0.0020742731600354,0.0016581964011038,0.0266698690886912,0.0235972818875877,0.0012314266584921,-0.0110859231312451
1177,0.0184675727724828,0.0119240344907036,0.0167200800057917,0.0117961929980951,0.00680110953638,-0.0097590981719217
1178,-0.0084320401698921,-0.009975348892455,0.0047917419932032,0.0016617423967929,-0.0068695648904549,-0.0185760964950857
1179,-0.0100078949284184,-0.008835833412468,0.0064009950830398,0.0049412706064324,-0.0037874756093634,-0.0141540522088247
1180,-0.0123264012735887,-0.0132328756425146,0.0147458398409408,0.0097838361798497,-0.0128923669037925,-0.0166900729090205
1181,-0.0117711929194117,-0.0118325069114216,0.0231917085470557,0.0178500780594934,-0.0084520374153815,-0.0115070039555214
1182,0.0088962620424765,0.0094525320191883,0.0257922067519274,0.0170819374611891,-0.0153783400516912,-0.0159018534918122
1183,0.023848027297812,0.0205771973529546,0.0162873414212223,0.0121807827198949,-0.0088115619653772,-0.0134810875515765
1184,0.0062867335438656,0.0097373914759756,0.0102644154151275,0.0075864291670529,-0.0156722544246039,-0.0096385349160991
1185,0.0010479900941879,0.0027757883783717,0.011160412563451,0.005396900897489,0.0030031803219006,-0.003421954795969
1186,-0.0011126856413918,0.0002513890097528,0.0145115994470524,0.0092951793055948,0.008634544148716,0.0049691428078309
1187,0.0002843422516042,-0.0054100496911108,0.0114815228264124,0.0096944888200338,-0.0020090258356523,-0.0047806773266877
1188,0.0070991838672592,-0.001364667612261,0.0150386130493155,0.0080355611177155,0.0032984213536618,0.000433391031993
1189,-0.0019234635388343,-0.0061733957876795,0.0119619193856857,0.0076723680909484,-0.0043297976273737,-0.0019463482931486
1190,-0.0058780259755365,-0.0058857534964809,0.0336305598430982,0.0291553619211039,-0.0068283262827809,-0.0061348212832362
1191,-0.0110375885735407,-0.0117961725814132,0.0156177022062447,0.0134561072201483,-0.010581881549055,-0.010721457583464
1192,-0.0100189174599985,-0.0147320526065086,0.0177951215675346,0.0108113451442799,-0.0042715319158273,-0.0062913966532675
1193,0.0012209640389653,-0.004575189431489,-0.0022778501255821,-0.0043405417272923,-0.0098636488497691,-0.0134416846972119
1194,-0.0103910807978311,-0.0087688948644004,-0.0064863178006903,-0.0104438373155539,0.0019048765114704,-1.4282249448450196e-05
1195,-0.0046117654048355,-0.0083741757851346,-0.0091581561431668,-0.0078307886915307,8.24310992883953e-05,-0.0007888621624012
1196,-0.0042097649678924,-0.0072788636806071,-0.0038043273227167,-0.0091654691864381,-0.0099215482365805,-0.0165993196217616
1197,0.0062393321637198,0.0011684078512007,0.0088843304575093,0.0033954412841943,-0.0219998203492328,-0.0246407975838
1198,-0.0033652553937415,-0.0047039607988813,0.021604828844578,0.015084296283661,-0.0165032104363428,-0.0199229686619223
1199,0.000935624784673,-0.004086411780459,0.0153370571839493,0.011110019920614,-0.0115192101683349,-0.0175242475448508
1200,-0.0083895683656411,-0.0108228205540225,0.0080693545879032,0.0070999787729279,-0.0026464922468182,-0.0111692405164264
1201,-0.0043953772554227,-0.0078266517641154,0.0050112029232184,0.0055126814143497,-0.0005124597883623,-0.0094297297159478
1202,0.0031938614108241,-0.0061032493494853,-0.000967729863239,-0.0036886587540886,0.0107870100500827,-0.0043487498755303
1203,0.0087025983416118,0.0003126959658582,-0.0185795116795946,-0.016329829055613,0.0120441221799903,-0.0038889372089084
1204,-0.0037565395149222,-0.0068728157973246,-0.0015351180199847,-0.0012790987397351,0.0115098586239335,-0.0028406428620322
1205,-0.0042787507242548,-0.0090414809983415,0.0036750473588621,0.0056965630602363,0.0163790976346187,-0.0016130178867572
1206,0.0137784431110355,0.0033575506678113,0.0050846197044958,0.0022707317191797,0.0291382505984817,0.0082525799432467
1207,0.0074810038095644,-0.006120545151432,0.0201737816221978,0.0180842350509476,0.0271753809969677,0.0088863241961197
1208,0.01135693580984,-0.0053774481623062,0.0198987687142063,0.0094638364494674,0.0284985212282986,0.005521459476855
1209,0.0075114780605123,-0.0014407147906084,0.0095472248814728,0.0042249410522608,0.0246896716613118,0.006089162538385
1210,0.0121856084749351,0.0046427457586224,0.0107747087051012,0.0020393539945477,0.0177047902176407,0.0070951635629422
1211,0.0036622072904432,-0.0044690769024971,-0.0046189639674102,-0.0110447425497656,0.012465909912898,0.0060211216211045
1212,0.0066365169430034,-0.0045464578123717,-0.0009463051974329,-0.0068901208397694,0.0116195960104929,0.0008512764048575
1213,-0.0039968183497699,-0.0064656493330967,0.0054175848132241,0.0029397992175501,-0.0087439315230354,-0.0079941206929203
1214,-0.0090276381874397,-0.0109617694488423,-0.0009126041359856,-0.0041612273590469,-0.005270036374339,-0.0057543743543388
1215,-0.0041725836523675,-0.0057053210867228,0.0165385461595355,0.0075322147537091,0.0086003709482129,0.0080705213563013
1216,-0.0002691540783623,-0.0046364416910647,0.0364267685528909,0.0275747387291386,0.0083172877381208,0.0015583834181126
1217,0.0134936671782558,0.0080337184018394,0.0315001551192407,0.0230678710986798,0.013150526886172,0.0030154402428692
1218,0.0207104278007062,0.0129140523739908,0.0268973062069547,0.014987292693343,0.0168511353100322,0.0028631255149932
1219,0.0349215489963335,0.0236889044898797,0.0371292129141848,0.0247574752239646,0.0329758040540258,0.0136429562992803
1220,0.0342958281676661,0.0202514962702066,0.0194182974091388,0.0119964982316239,0.0319599603731063,0.0101227751267267
1221,0.0195754494662226,0.0072553203974568,0.0344320936559499,0.0241715503548175,0.0358173512403209,0.0162718271606445
1222,0.0167956431766722,0.006242276569798,0.0170031671310456,0.0098137777509323,0.0428813453372373,0.0216011405244106
1223,0.0230765705783646,0.0077234348897316,0.0239134760269998,0.0173179324505722,0.0392239593986797,0.0142887170413638
1224,0.0292229731865331,0.0076596113682183,0.021531258540485,0.0135566395126404,0.0368658899669247,0.0159925139064826
1225,0.0203739311009197,-0.001552147671979,0.0160309469767987,0.0083904125516467,0.0378519926589166,0.0201716454801929
1226,0.0160377874466372,-0.0011138437297586,0.0189447907501795,0.0112679762949253,0.0304901072186912,0.0089546461444263
