inst,period,d_pip,N,n_touch_round,n_touch_ctrl,reach_round,reach_ctrl,z_reach,n_hit_round,n_hit_ctrl,hunt_round,hunt_ctrl,hunt_diff,z_hunt
EURUSD,2015-2020,1,1,10710,11050,0.8821,0.8768,1.19,9447,9689,0.4344,0.4391,-0.0046,-0.65
EURUSD,2015-2020,1,3,10710,11050,0.8821,0.8768,1.19,9323,9584,0.6614,0.6653,-0.0039,-0.57
EURUSD,2015-2020,1,6,10710,11050,0.8821,0.8768,1.19,9110,9341,0.7509,0.7557,-0.0048,-0.75
EURUSD,2015-2020,2,1,10710,11050,0.7908,0.7726,3.26,8470,8537,0.3884,0.3883,0.0001,0.02
EURUSD,2015-2020,2,3,10710,11050,0.7908,0.7726,3.26,8363,8447,0.6291,0.6287,0.0003,0.05
EURUSD,2015-2020,2,6,10710,11050,0.7908,0.7726,3.26,8178,8231,0.7267,0.728,-0.0013,-0.18
EURUSD,2015-2020,3,1,10710,11050,0.7081,0.6791,4.65,7584,7504,0.348,0.34,0.008,1.04
EURUSD,2015-2020,3,3,10710,11050,0.7081,0.6791,4.65,7493,7427,0.5987,0.5938,0.0049,0.61
EURUSD,2015-2020,3,6,10710,11050,0.7081,0.6791,4.65,7323,7246,0.7015,0.7012,0.0003,0.04
EURUSD,2021-2026H1,1,1,8662,9615,0.8734,0.8574,3.16,7565,8244,0.4134,0.4427,-0.0294,-3.73
EURUSD,2021-2026H1,1,3,8662,9615,0.8734,0.8574,3.16,7477,8156,0.6551,0.6648,-0.0097,-1.28
EURUSD,2021-2026H1,1,6,8662,9615,0.8734,0.8574,3.16,7292,7965,0.744,0.7587,-0.0147,-2.1
EURUSD,2021-2026H1,2,1,8662,9615,0.7729,0.7421,4.87,6695,7135,0.3622,0.3843,-0.0221,-2.69
EURUSD,2021-2026H1,2,3,8662,9615,0.7729,0.7421,4.87,6622,7068,0.6207,0.6237,-0.003,-0.36
EURUSD,2021-2026H1,2,6,8662,9615,0.7729,0.7421,4.87,6458,6910,0.7172,0.7289,-0.0117,-1.51
EURUSD,2021-2026H1,3,1,8662,9615,0.6847,0.6373,6.77,5931,6128,0.3187,0.3309,-0.0123,-1.44
EURUSD,2021-2026H1,3,3,8662,9615,0.6847,0.6373,6.77,5881,6078,0.5875,0.5811,0.0064,0.71
EURUSD,2021-2026H1,3,6,8662,9615,0.6847,0.6373,6.77,5743,5944,0.6906,0.6972,-0.0066,-0.77
EURUSD,通し,1,1,19372,20668,0.8782,0.8678,3.11,17012,17936,0.4251,0.4408,-0.0157,-2.97
EURUSD,通し,1,3,19372,20668,0.8782,0.8678,3.11,16800,17742,0.6586,0.665,-0.0065,-1.27
EURUSD,通し,1,6,19372,20668,0.8782,0.8678,3.11,16402,17307,0.7478,0.7571,-0.0093,-1.97
EURUSD,通し,2,1,19372,20668,0.7828,0.7584,5.81,15165,15675,0.3769,0.3865,-0.0097,-1.75
EURUSD,通し,2,3,19372,20668,0.7828,0.7584,5.81,14985,15517,0.6254,0.6264,-0.0011,-0.19
EURUSD,通し,2,6,19372,20668,0.7828,0.7584,5.81,14636,15142,0.7225,0.7284,-0.0059,-1.14
EURUSD,通し,3,1,19372,20668,0.6977,0.6597,8.15,13515,13634,0.3351,0.3359,-0.0008,-0.14
EURUSD,通し,3,3,19372,20668,0.6977,0.6597,8.15,13374,13507,0.5938,0.5881,0.0057,0.95
EURUSD,通し,3,6,19372,20668,0.6977,0.6597,8.15,13066,13191,0.6967,0.6994,-0.0027,-0.48
GBPUSD,2015-2020,1,1,14223,14957,0.9108,0.9114,-0.19,12954,13632,0.4476,0.4595,-0.0119,-1.95
GBPUSD,2015-2020,1,3,14223,14957,0.9108,0.9114,-0.19,12789,13442,0.6712,0.6806,-0.0094,-1.63
GBPUSD,2015-2020,1,6,14223,14957,0.9108,0.9114,-0.19,12466,13118,0.7548,0.7634,-0.0086,-1.61
GBPUSD,2015-2020,2,1,14223,14957,0.8344,0.829,1.21,11867,12400,0.4081,0.4181,-0.01,-1.59
GBPUSD,2015-2020,2,3,14223,14957,0.8344,0.829,1.21,11724,12236,0.6449,0.6532,-0.0083,-1.35
GBPUSD,2015-2020,2,6,14223,14957,0.8344,0.829,1.21,11442,11945,0.7354,0.7424,-0.007,-1.21
GBPUSD,2015-2020,3,1,14223,14957,0.766,0.7497,3.26,10895,11213,0.3726,0.3779,-0.0053,-0.82
GBPUSD,2015-2020,3,3,14223,14957,0.766,0.7497,3.26,10766,11070,0.6201,0.6253,-0.0052,-0.79
GBPUSD,2015-2020,3,6,14223,14957,0.766,0.7497,3.26,10512,10812,0.7159,0.7203,-0.0044,-0.71
GBPUSD,2021-2026H1,1,1,11314,12088,0.8975,0.8985,-0.26,10154,10861,0.4381,0.4547,-0.0167,-2.43
GBPUSD,2021-2026H1,1,3,11314,12088,0.8975,0.8985,-0.26,10038,10737,0.6674,0.6777,-0.0104,-1.59
GBPUSD,2021-2026H1,1,6,11314,12088,0.8975,0.8985,-0.26,9791,10477,0.7514,0.7674,-0.016,-2.66
GBPUSD,2021-2026H1,2,1,11314,12088,0.8078,0.7982,1.85,9140,9649,0.3915,0.403,-0.0116,-1.62
GBPUSD,2021-2026H1,2,3,11314,12088,0.8078,0.7982,1.85,9044,9547,0.6352,0.6439,-0.0086,-1.23
GBPUSD,2021-2026H1,2,6,11314,12088,0.8078,0.7982,1.85,8829,9322,0.7273,0.7427,-0.0154,-2.35
GBPUSD,2021-2026H1,3,1,11314,12088,0.7283,0.7148,2.31,8240,8640,0.3518,0.3586,-0.0067,-0.92
GBPUSD,2021-2026H1,3,3,11314,12088,0.7283,0.7148,2.31,8162,8558,0.6062,0.6126,-0.0064,-0.85
GBPUSD,2021-2026H1,3,6,11314,12088,0.7283,0.7148,2.31,7960,8365,0.7044,0.7186,-0.0142,-2.0
GBPUSD,通し,1,1,25540,27049,0.9048,0.9056,-0.31,23109,24496,0.4434,0.4574,-0.014,-3.07
GBPUSD,通し,1,3,25540,27049,0.9048,0.9056,-0.31,22828,24181,0.6695,0.6794,-0.0098,-2.28
GBPUSD,通し,1,6,25540,27049,0.9048,0.9056,-0.31,22258,23596,0.7533,0.7652,-0.0119,-2.97
GBPUSD,通し,2,1,25540,27049,0.8226,0.8152,2.18,21008,22051,0.4009,0.4115,-0.0107,-2.25
GBPUSD,通し,2,3,25540,27049,0.8226,0.8152,2.18,20769,21784,0.6407,0.6491,-0.0084,-1.82
GBPUSD,通し,2,6,25540,27049,0.8226,0.8152,2.18,20272,21267,0.7319,0.7425,-0.0106,-2.46
GBPUSD,通し,3,1,25540,27049,0.7493,0.734,3.99,19136,19855,0.3637,0.3695,-0.0058,-1.19
GBPUSD,通し,3,3,25540,27049,0.7493,0.734,3.99,18929,19629,0.6141,0.6198,-0.0057,-1.14
GBPUSD,通し,3,6,25540,27049,0.7493,0.734,3.99,18473,19177,0.711,0.7196,-0.0086,-1.84
USDJPY,2015-2020,1,1,10874,11032,0.8781,0.8671,2.45,9549,9566,0.4243,0.4488,-0.0244,-3.41
USDJPY,2015-2020,1,3,10874,11032,0.8781,0.8671,2.45,9424,9442,0.6582,0.6657,-0.0075,-1.09
USDJPY,2015-2020,1,6,10874,11032,0.8781,0.8671,2.45,9215,9204,0.7481,0.7518,-0.0037,-0.58
USDJPY,2015-2020,2,1,10874,11032,0.7884,0.7588,5.24,8573,8371,0.3756,0.3903,-0.0147,-1.97
USDJPY,2015-2020,2,3,10874,11032,0.7884,0.7588,5.24,8466,8264,0.6264,0.6258,0.0005,0.07
USDJPY,2015-2020,2,6,10874,11032,0.7884,0.7588,5.24,8275,8061,0.7236,0.7222,0.0014,0.2
USDJPY,2015-2020,3,1,10874,11032,0.7113,0.6648,7.44,7735,7334,0.3354,0.3439,-0.0085,-1.1
USDJPY,2015-2020,3,3,10874,11032,0.7113,0.6648,7.44,7644,7249,0.599,0.5902,0.0089,1.1
USDJPY,2015-2020,3,6,10874,11032,0.7113,0.6648,7.44,7469,7074,0.7018,0.6937,0.0082,1.07
USDJPY,2021-2026H1,1,1,12358,13457,0.9151,0.8985,4.6,11309,12091,0.442,0.4567,-0.0147,-2.25
USDJPY,2021-2026H1,1,3,12358,13457,0.9151,0.8985,4.6,11215,11959,0.6554,0.6719,-0.0165,-2.66
USDJPY,2021-2026H1,1,6,12358,13457,0.9151,0.8985,4.6,11014,11709,0.7436,0.7569,-0.0133,-2.32
USDJPY,2021-2026H1,2,1,12358,13457,0.8483,0.8159,6.98,10483,10979,0.4066,0.4154,-0.0089,-1.32
USDJPY,2021-2026H1,2,3,12358,13457,0.8483,0.8159,6.98,10400,10871,0.6318,0.6447,-0.0128,-1.95
USDJPY,2021-2026H1,2,6,12358,13457,0.8483,0.8159,6.98,10220,10648,0.7258,0.7363,-0.0105,-1.7
USDJPY,2021-2026H1,3,1,12358,13457,0.7818,0.7427,7.39,9661,9994,0.373,0.3768,-0.0038,-0.55
USDJPY,2021-2026H1,3,3,12358,13457,0.7818,0.7427,7.39,9589,9903,0.6074,0.6189,-0.0115,-1.65
USDJPY,2021-2026H1,3,6,12358,13457,0.7818,0.7427,7.39,9430,9710,0.7067,0.7169,-0.0102,-1.56
USDJPY,通し,1,1,23232,24495,0.8978,0.8843,4.74,20858,21661,0.4339,0.4533,-0.0193,-4.01
USDJPY,通し,1,3,23232,24495,0.8978,0.8843,4.74,20639,21404,0.6567,0.6692,-0.0125,-2.71
USDJPY,通し,1,6,23232,24495,0.8978,0.8843,4.74,20229,20914,0.7457,0.7547,-0.009,-2.12
USDJPY,通し,2,1,23232,24495,0.8202,0.79,8.34,19056,19352,0.3926,0.4046,-0.0119,-2.39
USDJPY,通し,2,3,23232,24495,0.8202,0.79,8.34,18866,19136,0.6294,0.6365,-0.0071,-1.44
USDJPY,通し,2,6,23232,24495,0.8202,0.79,8.34,18495,18709,0.7248,0.7302,-0.0054,-1.17
USDJPY,通し,3,1,23232,24495,0.7488,0.7075,10.15,17396,17330,0.3563,0.3629,-0.0066,-1.28
USDJPY,通し,3,3,23232,24495,0.7488,0.7075,10.15,17233,17153,0.6037,0.6067,-0.003,-0.58
USDJPY,通し,3,6,23232,24495,0.7488,0.7075,10.15,16899,16784,0.7045,0.7071,-0.0026,-0.52
USDCHF,2015-2020,1,1,9813,9854,0.8622,0.8646,-0.49,8461,8520,0.4332,0.4425,-0.0093,-1.22
USDCHF,2015-2020,1,3,9813,9854,0.8622,0.8646,-0.49,8343,8391,0.6668,0.6781,-0.0113,-1.56
USDCHF,2015-2020,1,6,9813,9854,0.8622,0.8646,-0.49,8093,8149,0.7573,0.7656,-0.0083,-1.24
USDCHF,2015-2020,2,1,9813,9854,0.7398,0.7463,-1.04,7260,7354,0.3744,0.3875,-0.0132,-1.64
USDCHF,2015-2020,2,3,9813,9854,0.7398,0.7463,-1.04,7164,7239,0.626,0.64,-0.014,-1.74
USDCHF,2015-2020,2,6,9813,9854,0.7398,0.7463,-1.04,6954,7034,0.7272,0.7363,-0.0091,-1.21
USDCHF,2015-2020,3,1,9813,9854,0.6338,0.6425,-1.27,6219,6331,0.3211,0.3409,-0.0197,-2.35
USDCHF,2015-2020,3,3,9813,9854,0.6338,0.6425,-1.27,6138,6238,0.5849,0.6031,-0.0182,-2.06
USDCHF,2015-2020,3,6,9813,9854,0.6338,0.6425,-1.27,5964,6063,0.6953,0.7077,-0.0124,-1.49
USDCHF,2021-2026H1,1,1,7914,8254,0.8469,0.8549,-1.43,6702,7056,0.4248,0.4334,-0.0086,-1.02
USDCHF,2021-2026H1,1,3,7914,8254,0.8469,0.8549,-1.43,6622,6979,0.6592,0.6699,-0.0107,-1.32
USDCHF,2021-2026H1,1,6,7914,8254,0.8469,0.8549,-1.43,6482,6823,0.7504,0.7567,-0.0063,-0.85
USDCHF,2021-2026H1,2,1,7914,8254,0.7257,0.7289,-0.45,5743,6016,0.3629,0.3712,-0.0083,-0.93
USDCHF,2021-2026H1,2,3,7914,8254,0.7257,0.7289,-0.45,5683,5949,0.6168,0.6272,-0.0104,-1.16
USDCHF,2021-2026H1,2,6,7914,8254,0.7257,0.7289,-0.45,5565,5819,0.7181,0.724,-0.0059,-0.71
USDCHF,2021-2026H1,3,1,7914,8254,0.6222,0.6185,0.48,4924,5105,0.3146,0.3187,-0.0041,-0.44
USDCHF,2021-2026H1,3,3,7914,8254,0.6222,0.6185,0.48,4878,5051,0.5783,0.5898,-0.0115,-1.16
USDCHF,2021-2026H1,3,6,7914,8254,0.6222,0.6185,0.48,4780,4939,0.6885,0.6949,-0.0064,-0.68
USDCHF,通し,1,1,17732,18108,0.8554,0.8602,-1.29,15168,15576,0.4295,0.4384,-0.0088,-1.56
USDCHF,通し,1,3,17732,18108,0.8554,0.8602,-1.29,14968,15370,0.6634,0.6744,-0.011,-2.03
USDCHF,通し,1,6,17732,18108,0.8554,0.8602,-1.29,14576,14972,0.7543,0.7616,-0.0073,-1.46
USDCHF,通し,2,1,17732,18108,0.7335,0.7383,-1.05,13006,13370,0.3693,0.3802,-0.0109,-1.83
USDCHF,通し,2,3,17732,18108,0.7335,0.7383,-1.05,12849,13188,0.6219,0.6342,-0.0123,-2.05
USDCHF,通し,2,6,17732,18108,0.7335,0.7383,-1.05,12519,12853,0.7231,0.7307,-0.0076,-1.36
USDCHF,通し,3,1,17732,18108,0.6285,0.6315,-0.6,11144,11436,0.3182,0.331,-0.0128,-2.05
USDCHF,通し,3,3,17732,18108,0.6285,0.6315,-0.6,11016,11289,0.582,0.5971,-0.0152,-2.3
USDCHF,通し,3,6,17732,18108,0.6285,0.6315,-0.6,10744,11002,0.6923,0.702,-0.0097,-1.55
AUDUSD,2015-2020,1,1,9288,10207,0.8704,0.8553,3.06,8084,8730,0.4274,0.4436,-0.0163,-2.12
AUDUSD,2015-2020,1,3,9288,10207,0.8704,0.8553,3.06,7993,8629,0.6581,0.6715,-0.0134,-1.83
AUDUSD,2015-2020,1,6,9288,10207,0.8704,0.8553,3.06,7836,8440,0.748,0.7592,-0.0113,-1.67
AUDUSD,2015-2020,2,1,9288,10207,0.7575,0.7282,4.68,7036,7433,0.3702,0.3815,-0.0113,-1.4
AUDUSD,2015-2020,2,3,9288,10207,0.7575,0.7282,4.68,6957,7351,0.6197,0.6275,-0.0079,-0.97
AUDUSD,2015-2020,2,6,9288,10207,0.7575,0.7282,4.68,6824,7194,0.7194,0.7262,-0.0068,-0.9
AUDUSD,2015-2020,3,1,9288,10207,0.6629,0.6187,6.44,6157,6315,0.3224,0.3284,-0.006,-0.72
AUDUSD,2015-2020,3,3,9288,10207,0.6629,0.6187,6.44,6094,6250,0.5822,0.5853,-0.0031,-0.35
AUDUSD,2015-2020,3,6,9288,10207,0.6629,0.6187,6.44,5982,6119,0.6899,0.6939,-0.004,-0.48
AUDUSD,2021-2026H1,1,1,8286,8416,0.8514,0.8462,0.94,7055,7122,0.4238,0.4437,-0.0199,-2.39
AUDUSD,2021-2026H1,1,3,8286,8416,0.8514,0.8462,0.94,6982,7058,0.6551,0.6648,-0.0097,-1.21
AUDUSD,2021-2026H1,1,6,8286,8416,0.8514,0.8462,0.94,6832,6915,0.7443,0.752,-0.0077,-1.04
AUDUSD,2021-2026H1,2,1,8286,8416,0.7346,0.7203,2.08,6087,6062,0.3662,0.3746,-0.0084,-0.96
AUDUSD,2021-2026H1,2,3,8286,8416,0.7346,0.7203,2.08,6025,6006,0.6153,0.617,-0.0018,-0.2
AUDUSD,2021-2026H1,2,6,8286,8416,0.7346,0.7203,2.08,5904,5892,0.7136,0.7164,-0.0028,-0.34
AUDUSD,2021-2026H1,3,1,8286,8416,0.6284,0.6118,2.21,5207,5149,0.3107,0.3173,-0.0066,-0.72
AUDUSD,2021-2026H1,3,3,8286,8416,0.6284,0.6118,2.21,5165,5107,0.5731,0.5765,-0.0034,-0.35
AUDUSD,2021-2026H1,3,6,8286,8416,0.6284,0.6118,2.21,5066,5013,0.6828,0.6856,-0.0028,-0.31
AUDUSD,通し,1,1,17578,18623,0.8615,0.8512,2.79,15143,15852,0.4257,0.4437,-0.018,-3.19
AUDUSD,通し,1,3,17578,18623,0.8615,0.8512,2.79,14978,15687,0.6568,0.6685,-0.0117,-2.16
AUDUSD,通し,1,6,17578,18623,0.8615,0.8512,2.79,14668,15355,0.7463,0.756,-0.0097,-1.95
AUDUSD,通し,2,1,17578,18623,0.7468,0.7246,4.78,13127,13495,0.3683,0.3784,-0.0101,-1.71
AUDUSD,通し,2,3,17578,18623,0.7468,0.7246,4.78,12985,13357,0.6177,0.6228,-0.0051,-0.85
AUDUSD,通し,2,6,17578,18623,0.7468,0.7246,4.78,12728,13086,0.7167,0.7218,-0.0051,-0.91
AUDUSD,通し,3,1,17578,18623,0.6467,0.6156,6.14,11368,11464,0.317,0.3234,-0.0064,-1.04
AUDUSD,通し,3,3,17578,18623,0.6467,0.6156,6.14,11262,11357,0.5781,0.5813,-0.0032,-0.48
AUDUSD,通し,3,6,17578,18623,0.6467,0.6156,6.14,11048,11132,0.6866,0.6902,-0.0035,-0.57
USDCAD,2015-2020,1,1,11782,12757,0.8928,0.8872,1.4,10519,11318,0.4358,0.4355,0.0003,0.04
USDCAD,2015-2020,1,3,11782,12757,0.8928,0.8872,1.4,10365,11121,0.6594,0.6725,-0.0131,-2.03
USDCAD,2015-2020,1,6,11782,12757,0.8928,0.8872,1.4,10089,10787,0.7501,0.7631,-0.013,-2.19
USDCAD,2015-2020,2,1,11782,12757,0.8101,0.7909,3.76,9545,10090,0.3928,0.389,0.0038,0.54
USDCAD,2015-2020,2,3,11782,12757,0.8101,0.7909,3.76,9411,9919,0.6296,0.641,-0.0114,-1.65
USDCAD,2015-2020,2,6,11782,12757,0.8101,0.7909,3.76,9164,9615,0.7278,0.7386,-0.0108,-1.67
USDCAD,2015-2020,3,1,11782,12757,0.7328,0.7032,5.15,8634,8971,0.3534,0.3464,0.0069,0.96
USDCAD,2015-2020,3,3,11782,12757,0.7328,0.7032,5.15,8520,8818,0.6014,0.609,-0.0076,-1.02
USDCAD,2015-2020,3,6,11782,12757,0.7328,0.7032,5.15,8299,8544,0.7064,0.7145,-0.0082,-1.17
USDCAD,2021-2026H1,1,1,9416,10212,0.8691,0.8749,-1.21,8183,8934,0.4319,0.4429,-0.011,-1.46
USDCAD,2021-2026H1,1,3,9416,10212,0.8691,0.8749,-1.21,8072,8786,0.6603,0.6747,-0.0144,-1.98
USDCAD,2021-2026H1,1,6,9416,10212,0.8691,0.8749,-1.21,7848,8527,0.7482,0.7624,-0.0142,-2.11
USDCAD,2021-2026H1,2,1,9416,10212,0.7675,0.7635,0.66,7227,7797,0.3818,0.3867,-0.0049,-0.62
USDCAD,2021-2026H1,2,3,9416,10212,0.7675,0.7635,0.66,7135,7667,0.6255,0.6378,-0.0123,-1.55
USDCAD,2021-2026H1,2,6,9416,10212,0.7675,0.7635,0.66,6939,7439,0.7217,0.7341,-0.0124,-1.67
USDCAD,2021-2026H1,3,1,9416,10212,0.6729,0.6676,0.78,6336,6818,0.3354,0.3388,-0.0034,-0.42
USDCAD,2021-2026H1,3,3,9416,10212,0.6729,0.6676,0.78,6259,6704,0.5905,0.604,-0.0135,-1.56
USDCAD,2021-2026H1,3,6,9416,10212,0.6729,0.6676,0.78,6075,6511,0.6935,0.7073,-0.0138,-1.68
USDCAD,通し,1,1,21200,22971,0.8823,0.8817,0.18,18704,20254,0.434,0.4388,-0.0048,-0.95
USDCAD,通し,1,3,21200,22971,0.8823,0.8817,0.18,18439,19907,0.6597,0.6735,-0.0137,-2.85
USDCAD,通し,1,6,21200,22971,0.8823,0.8817,0.18,17938,19314,0.7493,0.7628,-0.0135,-3.03
USDCAD,通し,2,1,21200,22971,0.7912,0.7788,3.19,16774,17889,0.388,0.388,-0.0,-0.0
USDCAD,通し,2,3,21200,22971,0.7912,0.7788,3.19,16548,17586,0.6277,0.6396,-0.0119,-2.27
USDCAD,通し,2,6,21200,22971,0.7912,0.7788,3.19,16104,17054,0.7252,0.7367,-0.0114,-2.35
USDCAD,通し,3,1,21200,22971,0.7062,0.6874,4.3,14972,15791,0.3457,0.3432,0.0025,0.47
USDCAD,通し,3,3,21200,22971,0.7062,0.6874,4.3,14781,15522,0.5967,0.6068,-0.0101,-1.8
USDCAD,通し,3,6,21200,22971,0.7062,0.6874,4.3,14375,15055,0.7009,0.7114,-0.0105,-1.97
EURJPY,2015-2020,1,1,13884,14337,0.8995,0.9016,-0.58,12489,12926,0.458,0.4619,-0.0039,-0.62
EURJPY,2015-2020,1,3,13884,14337,0.8995,0.9016,-0.58,12332,12744,0.6807,0.6842,-0.0036,-0.61
EURJPY,2015-2020,1,6,13884,14337,0.8995,0.9016,-0.58,12086,12455,0.763,0.7721,-0.0091,-1.69
EURJPY,2015-2020,2,1,13884,14337,0.8159,0.8151,0.18,11328,11686,0.4133,0.4161,-0.0028,-0.44
EURJPY,2015-2020,2,3,13884,14337,0.8159,0.8151,0.18,11194,11525,0.6519,0.6548,-0.0029,-0.46
EURJPY,2015-2020,2,6,13884,14337,0.8159,0.8151,0.18,10971,11265,0.7411,0.7501,-0.009,-1.54
EURJPY,2015-2020,3,1,13884,14337,0.7358,0.7323,0.67,10216,10499,0.3717,0.3722,-0.0006,-0.08
EURJPY,2015-2020,3,3,13884,14337,0.7358,0.7323,0.67,10091,10357,0.6214,0.6251,-0.0036,-0.54
EURJPY,2015-2020,3,6,13884,14337,0.7358,0.7323,0.67,9896,10127,0.7176,0.7274,-0.0098,-1.55
EURJPY,2021-2026H1,1,1,13677,14087,0.9165,0.915,0.46,12535,12889,0.4644,0.4641,0.0003,0.04
EURJPY,2021-2026H1,1,3,13677,14087,0.9165,0.915,0.46,12398,12755,0.6786,0.6764,0.0022,0.38
EURJPY,2021-2026H1,1,6,13677,14087,0.9165,0.915,0.46,12150,12506,0.7631,0.7637,-0.0006,-0.11
EURJPY,2021-2026H1,2,1,13677,14087,0.8391,0.8364,0.61,11476,11782,0.4257,0.4229,0.0027,0.42
EURJPY,2021-2026H1,2,3,13677,14087,0.8391,0.8364,0.61,11359,11660,0.6534,0.6488,0.0046,0.73
EURJPY,2021-2026H1,2,6,13677,14087,0.8391,0.8364,0.61,11146,11444,0.7445,0.7434,0.0011,0.19
EURJPY,2021-2026H1,3,1,13677,14087,0.7655,0.7662,-0.13,10470,10793,0.386,0.3858,0.0002,0.02
EURJPY,2021-2026H1,3,3,13677,14087,0.7655,0.7662,-0.13,10369,10690,0.6274,0.6228,0.0046,0.69
EURJPY,2021-2026H1,3,6,13677,14087,0.7655,0.7662,-0.13,10181,10493,0.7249,0.724,0.0009,0.14
EURJPY,通し,1,1,27561,28428,0.9079,0.9082,-0.1,25024,25818,0.4612,0.4629,-0.0017,-0.39
EURJPY,通し,1,3,27561,28428,0.9079,0.9082,-0.1,24730,25502,0.6796,0.6803,-0.0007,-0.16
EURJPY,通し,1,6,27561,28428,0.9079,0.9082,-0.1,24236,24962,0.7631,0.7679,-0.0048,-1.27
EURJPY,通し,2,1,27561,28428,0.8274,0.8256,0.55,22804,23471,0.4195,0.4195,0.0,0.01
EURJPY,通し,2,3,27561,28428,0.8274,0.8256,0.55,22553,23188,0.6526,0.6518,0.0009,0.2
EURJPY,通し,2,6,27561,28428,0.8274,0.8256,0.55,22117,22710,0.7428,0.7467,-0.0039,-0.95
EURJPY,通し,3,1,27561,28428,0.7506,0.7491,0.4,20686,21295,0.3789,0.3791,-0.0002,-0.03
EURJPY,通し,3,3,27561,28428,0.7506,0.7491,0.4,20460,21050,0.6245,0.6239,0.0005,0.11
EURJPY,通し,3,6,27561,28428,0.7506,0.7491,0.4,20077,20621,0.7213,0.7257,-0.0044,-0.99
GBPJPY,2015-2020,1,1,18697,19067,0.9305,0.9377,-2.81,17398,17879,0.4618,0.4621,-0.0003,-0.06
GBPJPY,2015-2020,1,3,18697,19067,0.9305,0.9377,-2.81,17127,17662,0.6816,0.685,-0.0034,-0.68
GBPJPY,2015-2020,1,6,18697,19067,0.9305,0.9377,-2.81,16711,17277,0.768,0.7702,-0.0022,-0.49
GBPJPY,2015-2020,2,1,18697,19067,0.8654,0.8762,-3.11,16181,16706,0.4268,0.4306,-0.0038,-0.7
GBPJPY,2015-2020,2,3,18697,19067,0.8654,0.8762,-3.11,15934,16505,0.6593,0.6656,-0.0062,-1.18
GBPJPY,2015-2020,2,6,18697,19067,0.8654,0.8762,-3.11,15556,16149,0.7515,0.7558,-0.0044,-0.9
GBPJPY,2015-2020,3,1,18697,19067,0.8036,0.8143,-2.64,15025,15526,0.3927,0.3972,-0.0045,-0.8
GBPJPY,2015-2020,3,3,18697,19067,0.8036,0.8143,-2.64,14796,15345,0.637,0.6438,-0.0068,-1.23
GBPJPY,2015-2020,3,6,18697,19067,0.8036,0.8143,-2.64,14456,15020,0.7349,0.7397,-0.0048,-0.94
GBPJPY,2021-2026H1,1,1,17571,17444,0.9327,0.9328,-0.03,16388,16271,0.4653,0.4638,0.0016,0.28
GBPJPY,2021-2026H1,1,3,17571,17444,0.9327,0.9328,-0.03,16173,16104,0.6782,0.6829,-0.0048,-0.92
GBPJPY,2021-2026H1,1,6,17571,17444,0.9327,0.9328,-0.03,15813,15744,0.7653,0.7662,-0.0009,-0.2
GBPJPY,2021-2026H1,2,1,17571,17444,0.8684,0.8711,-0.74,15259,15195,0.4327,0.4313,0.0014,0.25
GBPJPY,2021-2026H1,2,3,17571,17444,0.8684,0.8711,-0.74,15066,15043,0.6568,0.6629,-0.0061,-1.11
GBPJPY,2021-2026H1,2,6,17571,17444,0.8684,0.8711,-0.74,14745,14706,0.7495,0.7514,-0.0019,-0.37
GBPJPY,2021-2026H1,3,1,17571,17444,0.8054,0.8125,-1.7,14151,14173,0.3994,0.4005,-0.0011,-0.18
GBPJPY,2021-2026H1,3,3,17571,17444,0.8054,0.8125,-1.7,13980,14031,0.6338,0.6419,-0.008,-1.4
GBPJPY,2021-2026H1,3,6,17571,17444,0.8054,0.8125,-1.7,13683,13717,0.7321,0.7354,-0.0032,-0.6
GBPJPY,通し,1,1,36272,36511,0.9316,0.9353,-2.04,33790,34150,0.4635,0.4629,0.0006,0.16
GBPJPY,通し,1,3,36272,36511,0.9316,0.9353,-2.04,33304,33766,0.6799,0.684,-0.0041,-1.14
GBPJPY,通し,1,6,36272,36511,0.9316,0.9353,-2.04,32525,33021,0.7667,0.7683,-0.0016,-0.49
GBPJPY,通し,2,1,36272,36511,0.8669,0.8737,-2.75,31444,31901,0.4297,0.431,-0.0013,-0.32
GBPJPY,通し,2,3,36272,36511,0.8669,0.8737,-2.75,31004,31548,0.6581,0.6643,-0.0061,-1.62
GBPJPY,通し,2,6,36272,36511,0.8669,0.8737,-2.75,30302,30855,0.7505,0.7537,-0.0032,-0.91
GBPJPY,通し,3,1,36272,36511,0.8045,0.8134,-3.07,29180,29699,0.396,0.3988,-0.0028,-0.69
GBPJPY,通し,3,3,36272,36511,0.8045,0.8134,-3.07,28780,29376,0.6355,0.6429,-0.0074,-1.86
GBPJPY,通し,3,6,36272,36511,0.8045,0.8134,-3.07,28140,28737,0.7335,0.7376,-0.0041,-1.1
XAUUSD,2015-2020,1,1,9850,10859,0.9405,0.9358,1.4,9264,10162,0.4797,0.4946,-0.0149,-2.07
XAUUSD,2015-2020,1,3,9850,10859,0.9405,0.9358,1.4,8633,9470,0.6761,0.6996,-0.0235,-3.4
XAUUSD,2015-2020,1,6,9850,10859,0.9405,0.9358,1.4,7352,8035,0.7565,0.7775,-0.0209,-3.07
XAUUSD,2015-2020,2,1,9850,10859,0.8836,0.8779,1.26,8703,9533,0.4513,0.466,-0.0146,-1.98
XAUUSD,2015-2020,2,3,9850,10859,0.8836,0.8779,1.26,8120,8905,0.6568,0.6818,-0.025,-3.46
XAUUSD,2015-2020,2,6,9850,10859,0.8836,0.8779,1.26,6921,7562,0.7418,0.7646,-0.0228,-3.18
XAUUSD,2015-2020,3,1,9850,10859,0.8355,0.821,2.78,8230,8915,0.4269,0.4377,-0.0108,-1.43
XAUUSD,2015-2020,3,3,9850,10859,0.8355,0.821,2.78,7682,8339,0.639,0.6625,-0.0235,-3.12
XAUUSD,2015-2020,3,6,9850,10859,0.8355,0.821,2.78,6564,7082,0.7296,0.7505,-0.0209,-2.78
XAUUSD,2021-2026H1,1,1,14975,15881,0.9683,0.9674,0.42,14500,15364,0.4299,0.4461,-0.0162,-2.82
XAUUSD,2021-2026H1,1,3,14975,15881,0.9683,0.9674,0.42,13464,14327,0.6539,0.6657,-0.0118,-2.08
XAUUSD,2021-2026H1,1,6,14975,15881,0.9683,0.9674,0.42,11534,12337,0.7411,0.7522,-0.0111,-1.97
XAUUSD,2021-2026H1,2,1,14975,15881,0.9382,0.9358,0.86,14049,14861,0.4133,0.4288,-0.0155,-2.67
XAUUSD,2021-2026H1,2,3,14975,15881,0.9382,0.9358,0.86,13056,13863,0.6435,0.6551,-0.0115,-1.98
XAUUSD,2021-2026H1,2,6,14975,15881,0.9382,0.9358,0.86,11196,11949,0.7334,0.7444,-0.011,-1.91
XAUUSD,2021-2026H1,3,1,14975,15881,0.9081,0.9093,-0.35,13599,14440,0.3964,0.414,-0.0176,-3.01
XAUUSD,2021-2026H1,3,3,14975,15881,0.9081,0.9093,-0.35,12653,13483,0.6331,0.6459,-0.0128,-2.15
XAUUSD,2021-2026H1,3,6,14975,15881,0.9081,0.9093,-0.35,10864,11631,0.7257,0.7378,-0.0121,-2.04
XAUUSD,通し,1,1,24828,26743,0.9573,0.9546,1.47,23767,25529,0.4493,0.4654,-0.0161,-3.58
XAUUSD,通し,1,3,24828,26743,0.9573,0.9546,1.47,22098,23800,0.6626,0.6792,-0.0166,-3.78
XAUUSD,通し,1,6,24828,26743,0.9573,0.9546,1.47,18887,20373,0.7471,0.7622,-0.0151,-3.46
XAUUSD,通し,2,1,24828,26743,0.9165,0.9123,1.72,22755,24397,0.4279,0.4433,-0.0155,-3.39
XAUUSD,通し,2,3,24828,26743,0.9165,0.9123,1.72,21177,22771,0.6486,0.6655,-0.0169,-3.72
XAUUSD,通し,2,6,24828,26743,0.9165,0.9123,1.72,18118,19512,0.7366,0.7523,-0.0156,-3.47
XAUUSD,通し,3,1,24828,26743,0.8793,0.8734,2.02,21831,23358,0.4078,0.423,-0.0152,-3.28
XAUUSD,通し,3,3,24828,26743,0.8793,0.8734,2.02,20335,21825,0.6353,0.6522,-0.0169,-3.63
XAUUSD,通し,3,6,24828,26743,0.8793,0.8734,2.02,17428,18714,0.7272,0.7426,-0.0154,-3.32
