inst,period,d_pip,N,接近_キリ,接近_対照,到達_キリ,到達_対照,z到達,刺さり_キリ,刺さり_対照,狩られ_キリ,狩られ_対照,狩られ差,z狩られ,ヒゲ狩り_キリ,ヒゲ狩り_対照,zヒゲ狩り
USDJPY,通し,1,1,19902,22528,0.836549090543664,0.8146306818181818,5.9492609879980565,16649,18352,0.4008649168118205,0.41079991281604183,-0.00993499600422132,-1.8905955298870545,0.33534318158979,0.3346502130681818,0.15092032308364675
USDJPY,通し,1,2,19902,22528,0.836549090543664,0.8146306818181818,5.9492609879980565,16387,18048,0.5579422713126259,0.5755762411347518,-0.01763396982212595,-3.298138524391447,0.46697992747331324,0.46909008805599456,-0.4311014926004542
USDJPY,通し,1,4,19902,22528,0.836549090543664,0.8146306818181818,5.9492609879980565,15857,17532,0.6745916629879548,0.6943874058863791,-0.01979574289842434,-3.886157133321883,0.5641580085438531,0.5661798902427682,-0.4093934785141371
USDJPY,通し,2,1,19902,22528,0.7147020399959803,0.6739612926136364,9.110061707477982,14224,15183,0.3451912260967379,0.3437397088849371,0.0014515172118008124,0.2617636218743851,0.24670887348005224,0.23166725852272727,3.6227394910517567
USDJPY,通し,2,2,19902,22528,0.7147020399959803,0.6739612926136364,9.110061707477982,14000,14938,0.5105,0.5198821796759941,-0.009382179675994196,-1.5959724235877697,0.36503396496245977,0.35068864303454506,3.0500626864353526
USDJPY,通し,2,4,19902,22528,0.7147020399959803,0.6739612926136364,9.110061707477982,13553,14528,0.6366118202611968,0.6504680616740088,-0.013856241412812054,-2.4224045169334576,0.4550392911766257,0.4394940005580876,3.1383878199553177
USDJPY,通し,3,1,19902,22528,0.6089337754999498,0.5589932528409091,10.434180986133056,12119,12593,0.2963115768627775,0.2900817914714524,0.006229785391325071,1.0754063333678257,0.18043412722339464,0.16215376420454544,4.98248585902957
USDJPY,通し,3,2,19902,22528,0.6089337754999498,0.5589932528409091,10.434180986133056,11925,12396,0.46314465408805033,0.4707163601161665,-0.007571706028116187,-1.1832368960613628,0.2820879513764748,0.26349062993903816,4.254583058983439
USDJPY,通し,3,4,19902,22528,0.6089337754999498,0.5589932528409091,10.434180986133056,11557,12055,0.5976464480401489,0.611281625881377,-0.013635177841228141,-2.1420879166732236,0.3642740361795264,0.3427123058320156,4.526572759663898
USDJPY,通し,5,1,19902,22528,0.43241885237664557,0.3870294744318182,9.492682936595086,8606,8719,0.2228677666744132,0.21676797797912606,0.006099788695287128,0.9693493955711425,0.09637222389709577,0.08389559659090909,4.470990990836702
USDJPY,通し,5,2,19902,22528,0.43241885237664557,0.3870294744318182,9.492682936595086,8467,8584,0.385614739577182,0.39363932898415654,-0.008024589406974536,-1.0743742489357344,0.16676030440778386,0.15258523368706253,3.941188762394293
USDJPY,通し,5,4,19902,22528,0.43241885237664557,0.3870294744318182,9.492682936595086,8219,8347,0.5326682078111692,0.5411525098837906,-0.008484302072621408,-1.094995085998435,0.23089499498971575,0.21007348153660124,5.037644249185522
USDJPY,前半2021-23,1,1,9822,11240,0.814701690083486,0.7973309608540925,3.184927061281774,8002,8962,0.3937765558610347,0.40694041508591833,-0.013163859224883612,-1.7472571507352168,0.32081042557523926,0.3244661921708185,-0.5662265037234622
USDJPY,前半2021-23,1,2,9822,11240,0.814701690083486,0.7973309608540925,3.184927061281774,7883,8805,0.5497906888240518,0.5747870528109029,-0.024996363986851122,-3.249926419550025,0.44842214174857736,0.4586731919521479,-1.478169044738257
USDJPY,前半2021-23,1,4,9822,11240,0.814701690083486,0.7973309608540925,3.184927061281774,7633,8540,0.6661862963448185,0.6916861826697892,-0.02549988632497069,-3.4667013264471582,0.542921204356182,0.5520560747663551,-1.2969751658017863
USDJPY,前半2021-23,2,1,9822,11240,0.687029118305844,0.6517793594306049,5.433716935861172,6748,7326,0.3375815056312982,0.34125034125034126,-0.003668835619043076,-0.4592371485551986,0.2319283241702301,0.22241992882562278,1.6422236764747322
USDJPY,前半2021-23,2,2,9822,11240,0.687029118305844,0.6517793594306049,5.433716935861172,6646,7200,0.5003009328919651,0.5191666666666667,-0.018865733774701576,-2.218917751664343,0.3440248318675634,0.3387710712343665,0.7951965192495246
USDJPY,前半2021-23,2,4,9822,11240,0.687029118305844,0.6517793594306049,5.433716935861172,6437,6993,0.6246698772720212,0.6462176462176462,-0.021547768945625045,-2.591865990813976,0.4293188127268845,0.42233644859813085,0.9978913051240237
USDJPY,前半2021-23,3,1,9822,11240,0.5778863775198534,0.5322953736654804,6.65121816264594,5676,5983,0.2878787878787879,0.2848069530335952,0.003071834845192689,0.36672798972397186,0.166361229892079,0.1516014234875445,2.919286323954314
USDJPY,前半2021-23,3,2,9822,11240,0.5778863775198534,0.5322953736654804,6.65121816264594,5585,5881,0.45085049239033126,0.4664172759734739,-0.015566783583142618,-1.6723186209705083,0.2605276771857217,0.2485952510422331,1.9653431801104546
USDJPY,前半2021-23,3,4,9822,11240,0.5778863775198534,0.5322953736654804,6.65121816264594,5421,5713,0.5843940232429441,0.603710834937861,-0.019316811694916947,-2.074795943194243,0.3382447149263293,0.3223364485981308,2.3897697532024944
USDJPY,前半2021-23,5,1,9822,11240,0.4054164121360212,0.36023131672597863,6.732339432995255,3982,4049,0.22099447513812154,0.20992837737713016,0.011066097760991378,1.2060015683656076,0.08959478721238037,0.07562277580071175,3.6662233482459454
USDJPY,前半2021-23,5,2,9822,11240,0.4054164121360212,0.36023131672597863,6.732339432995255,3924,3979,0.3748725790010194,0.3860266398592611,-0.011154060858241721,-1.0212658398769943,0.152198654940507,0.13920609026644915,2.640539640802673
USDJPY,前半2021-23,5,4,9822,11240,0.4054164121360212,0.36023131672597863,6.732339432995255,3808,3869,0.5212710084033614,0.5303696045489791,-0.009098596145617699,-0.798275314689446,0.21193679265428145,0.19177570093457944,3.546416051163382
USDJPY,後半2024-26H1,1,1,10080,11288,0.8578373015873015,0.8318568391211907,5.249961992802744,8647,9390,0.40742454030299524,0.4144834930777423,-0.0070589527747470515,-0.9626908396545759,0.34950396825396823,0.3447909284195606,0.722369997045313
USDJPY,後半2024-26H1,1,2,10080,11288,0.8578373015873015,0.8318568391211907,5.249961992802744,8504,9243,0.5654985888993415,0.5763280320242345,-0.01082944312489309,-1.4561354999067946,0.4850716158967117,0.4794347943479435,0.8165316048153359
USDJPY,後半2024-26H1,1,4,10080,11288,0.8578373015873015,0.8318568391211907,5.249961992802744,8224,8992,0.6823929961089494,0.696952846975089,-0.014559850866139534,-2.06232860681366,0.5848879624804586,0.5801703388261433,0.6819748408107013
USDJPY,後半2024-26H1,2,1,10080,11288,0.7416666666666667,0.6960489014883061,7.424630795696453,7476,7857,0.352059925093633,0.3460608374697722,0.00599908762386081,0.7789348312012485,0.2611111111111111,0.24087526576895818,3.4040320696653388
USDJPY,後半2024-26H1,2,2,10080,11288,0.7416666666666667,0.6960489014883061,7.424630795696453,7354,7738,0.5197171607288551,0.5205479452054794,-0.0008307844766243244,-0.10211117359451645,0.3855154327214041,0.36252362523625237,3.4391272040521437
USDJPY,後半2024-26H1,2,4,10080,11288,0.7416666666666667,0.6960489014883061,7.424630795696453,7116,7535,0.6474142776840922,0.6544127405441275,-0.006998462860035248,-0.8881438220867568,0.4801459093277749,0.45648953897426403,3.38007625694867
USDJPY,後半2024-26H1,3,1,10080,11288,0.6391865079365079,0.5855776045357902,8.04732607142575,6443,6610,0.30374049355890115,0.29485627836611195,0.008884215192789202,1.1081199151316816,0.1941468253968254,0.17266123316796597,4.047680477760784
USDJPY,後半2024-26H1,3,2,10080,11288,0.6391865079365079,0.5855776045357902,8.04732607142575,6340,6515,0.47397476340694006,0.4745970836531082,-0.000622320246168151,-0.07064559418587416,0.3031067177728465,0.27828278282782826,3.955662597000958
USDJPY,後半2024-26H1,3,4,10080,11288,0.6391865079365079,0.5855776045357902,8.04732607142575,6136,6342,0.609354628422425,0.6181015452538632,-0.008746916831438134,-1.003243173388195,0.3896821261073476,0.3628957600444362,3.9412802021378095
USDJPY,後半2024-26H1,5,1,10080,11288,0.4587301587301587,0.4137136782423813,6.6286449108759715,4624,4670,0.22448096885813149,0.22269807280513917,0.001782896052992311,0.20626168849794352,0.10297619047619047,0.09213323883770376,2.663388134429643
USDJPY,後半2024-26H1,5,2,10080,11288,0.4587301587301587,0.4137136782423813,6.6286449108759715,4543,4605,0.3948932423508695,0.4002171552660152,-0.005323912915145723,-0.5202432784182996,0.1809562235222917,0.16587165871658716,2.8816506395584245
USDJPY,後半2024-26H1,5,4,10080,11288,0.4587301587301587,0.4137136782423813,6.6286449108759715,4411,4478,0.542507367943777,0.5504689593568557,-0.007961591413078728,-0.7538948099735177,0.24940072954663886,0.22819848176263655,3.542827006075616
EURUSD,通し,1,1,15200,17175,0.76125,0.7406113537117904,4.290198915725447,11571,12720,0.3623714458560194,0.37059748427672956,-0.00822603842071018,-1.329091988628708,0.2758552631578947,0.27446870451237265,0.27878451184188574
EURUSD,通し,1,2,15200,17175,0.76125,0.7406113537117904,4.290198915725447,11511,12653,0.5340109460516028,0.5467478068442266,-0.012736860792623816,-1.984249781492327,0.4066014023018918,0.4050825623609322,0.27697459637424976
EURUSD,通し,1,4,15200,17175,0.76125,0.7406113537117904,4.290198915725447,11419,12544,0.6633680707592609,0.6757015306122449,-0.012333459852984063,-2.026926195660871,0.5058768532122345,0.5010937038131835,0.8525989780913403
EURUSD,通し,2,1,15200,17175,0.5932236842105263,0.5503930131004366,7.78304802199458,9017,9453,0.2840190750804037,0.2855178250290913,-0.0014987499486875944,-0.22560620857712474,0.16848684210526316,0.15714701601164482,2.7560781897282944
EURUSD,通し,2,2,15200,17175,0.5932236842105263,0.5503930131004366,7.78304802199458,8966,9405,0.46308275708231095,0.46921850079744815,-0.0061357437151371985,-0.833334992425673,0.2746395025797063,0.25840262325799274,3.287188599067831
EURUSD,通し,2,4,15200,17175,0.5932236842105263,0.5503930131004366,7.78304802199458,8901,9333,0.6076845298281092,0.6128790313939784,-0.005194501565869203,-0.7189292443796153,0.3612261252838253,0.33816139521135086,4.309783504353869
EURUSD,通し,3,1,15200,17175,0.4617763157894737,0.4120524017467249,9.009946226606308,7019,7077,0.22937740418863087,0.2301822806273845,-0.0008048764387536267,-0.1135746431072392,0.10592105263157894,0.0948471615720524,3.304683201877045
EURUSD,通し,3,2,15200,17175,0.4617763157894737,0.4120524017467249,9.009946226606308,6983,7037,0.41214377774595445,0.4112547960778741,0.0008889816680803797,0.1069408806992123,0.1903690964413282,0.16945778194167935,4.870191449662467
EURUSD,通し,3,4,15200,17175,0.4617763157894737,0.4120524017467249,9.009946226606308,6938,6984,0.563995387719804,0.5657216494845361,-0.0017262617647321177,-0.20541887517483606,0.26131962067583814,0.2335796630209873,5.725406349401499
EURUSD,通し,5,1,15200,17175,0.2845394736842105,0.23790393013100436,9.529456078129506,4325,4086,0.16439306358381503,0.15810083210964268,0.0062922314741723495,0.7844648153860566,0.04677631578947369,0.03761280931586609,4.081327707137257
EURUSD,通し,5,2,15200,17175,0.2845394736842105,0.23790393013100436,9.529456078129506,4297,4063,0.3323248778217361,0.32143736155550084,0.010887516266235242,1.0608947230605197,0.0944569387485117,0.07647265487762032,5.746855031840136
EURUSD,通し,5,4,15200,17175,0.2845394736842105,0.23790393013100436,9.529456078129506,4274,4028,0.4908750584932148,0.4843594836146971,0.0065155748785176715,0.5936054596926709,0.14010952317350073,0.11534141294708838,6.601133108974156
EURUSD,前半2021-23,1,1,8038,9340,0.7748196068673799,0.7497858672376874,3.8723639986923875,6228,7003,0.3702633269107258,0.3691275167785235,0.001135810132202264,0.13508922932034348,0.2868872853943767,0.2767665952890792,1.4780934757850805
EURUSD,前半2021-23,1,2,8038,9340,0.7748196068673799,0.7497858672376874,3.8723639986923875,6180,6948,0.5396440129449838,0.5519573978123201,-0.012313384867336352,-1.4143807652667,0.4182342613493855,0.41387869630908697,0.5784666412783198
EURUSD,前半2021-23,1,4,8038,9340,0.7748196068673799,0.7497858672376874,3.8723639986923875,6106,6854,0.6657386177530298,0.6784359498103297,-0.012697332057299948,-1.5366817326835955,0.5172413793103449,0.5091984231274639,1.0458650712133055
EURUSD,前半2021-23,2,1,8038,9340,0.6138342871361036,0.5591006423982869,7.321758879201635,4934,5222,0.2914471017430077,0.28207583301417083,0.009371268728836868,1.0436152229639493,0.17890022393630256,0.15770877944325482,3.7173735573153457
EURUSD,前半2021-23,2,2,8038,9340,0.6138342871361036,0.5591006423982869,7.321758879201635,4890,5182,0.46932515337423314,0.47356233114627555,-0.004237177772042411,-0.42576345535032833,0.2878103837471783,0.264839197064537,3.360799320804007
EURUSD,前半2021-23,2,4,8038,9340,0.6138342871361036,0.5591006423982869,7.321758879201635,4839,5119,0.6110766687332093,0.6128150029302598,-0.001738334197050495,-0.17791419912587267,0.3762565211859015,0.34351730179588263,4.432438370355097
EURUSD,前半2021-23,3,1,8038,9340,0.48793232147300325,0.42398286937901497,8.453122940458274,3922,3960,0.2350841407445181,0.22752525252525252,0.0075588882192655915,0.795751090579965,0.11470515053495894,0.09646680942184155,3.8914812022004956
EURUSD,前半2021-23,3,2,8038,9340,0.48793232147300325,0.42398286937901497,8.453122940458274,3890,3928,0.41825192802056554,0.414969450101833,0.0032824779187325404,0.29435492075264025,0.20403812390268372,0.17591193611051154,4.686913474699372
EURUSD,前半2021-23,3,4,8038,9340,0.48793232147300325,0.42398286937901497,8.453122940458274,3852,3881,0.5703530633437176,0.5650605514042772,0.005292511939440359,0.4697415082227148,0.27955210586588625,0.24014454664914586,5.835182342097693
EURUSD,前半2021-23,5,1,8038,9340,0.3097785518785768,0.2536402569593148,8.200045478487992,2490,2369,0.1678714859437751,0.1490080202617138,0.018863465682061292,1.8016154817111112,0.0520029858173675,0.03779443254817987,4.487134991173813
EURUSD,前半2021-23,5,2,8038,9340,0.3097785518785768,0.2536402569593148,8.200045478487992,2466,2350,0.33252230332522303,0.31617021276595747,0.016352090559265564,1.212073078343241,0.10283421118635566,0.08018562486509821,5.124972311413723
EURUSD,前半2021-23,5,4,8038,9340,0.3097785518785768,0.2536402569593148,8.200045478487992,2444,2317,0.49754500818330605,0.47993094518774276,0.017614062995563284,1.2154477034852662,0.15472706451202442,0.12176960140166447,6.189558313193052
EURUSD,後半2024-26H1,1,1,7162,7835,0.7460206646188215,0.7296745373324824,2.274888478309717,5343,5717,0.3531723750701853,0.3723981108973238,-0.01922573582713849,-2.1022532599499435,0.26347388997486737,0.2717294192724952,-1.1409736377487252
EURUSD,後半2024-26H1,1,2,7162,7835,0.7460206646188215,0.7296745373324824,2.274888478309717,5331,5705,0.5274807728381167,0.5404031551270815,-0.012922382288964807,-1.3599574999396777,0.39361702127659576,0.39464925755248337,-0.12903806285154804
EURUSD,後半2024-26H1,1,4,7162,7835,0.7460206646188215,0.7296745373324824,2.274888478309717,5313,5690,0.6606437041219649,0.6724077328646749,-0.011764028742709987,-1.3078416395514265,0.4933239634574842,0.4915842220223564,0.21215891951077775
EURUSD,後半2024-26H1,2,1,7162,7835,0.5700921530298799,0.5400127632418634,3.704643671160659,4083,4231,0.27504286064168504,0.28976601276294023,-0.01472315212125519,-1.491250397666647,0.15679977659871544,0.1564773452456924,0.054263448823367345
EURUSD,後半2024-26H1,2,2,7162,7835,0.5700921530298799,0.5400127632418634,3.704643671160659,4076,4223,0.4555937193326791,0.46388823111532085,-0.008294511782641734,-0.7579981785345525,0.2599384098544233,0.25076804915514594,1.2843822438434112
EURUSD,後半2024-26H1,2,4,7162,7835,0.5700921530298799,0.5400127632418634,3.704643671160659,4062,4214,0.603643525356967,0.6129568106312292,-0.009313285274262229,-0.8677150072272388,0.34462403373155304,0.3318771681870744,1.6424193354386807
EURUSD,後半2024-26H1,3,1,7162,7835,0.43242111142139067,0.39783024888321633,4.29560688399852,3097,3117,0.22215046819502746,0.23355790824510747,-0.011407440050080014,-1.0720521147522548,0.09606255235967606,0.09291640076579451,0.6577133523205654
EURUSD,後半2024-26H1,3,2,7162,7835,0.43242111142139067,0.39783024888321633,4.29560688399852,3093,3109,0.40446168768186225,0.4065615953682856,-0.0020999076864233746,-0.1684080149740302,0.17511198208286674,0.16180235535074244,2.1711317745414247
EURUSD,後半2024-26H1,3,4,7162,7835,0.43242111142139067,0.39783024888321633,4.29560688399852,3086,3103,0.5560596241088788,0.5665485014502095,-0.010488877341330749,-0.8314754159024431,0.24118060435699226,0.22587691121675446,2.2045724292170417
EURUSD,後半2024-26H1,5,1,7162,7835,0.2562133482267523,0.21914486279514997,5.325539955144094,1835,1717,0.15967302452316076,0.17064647641234712,-0.010973451889186359,-0.87985557536117,0.04091036023457135,0.037396298659859606,1.1072129314517327
EURUSD,後半2024-26H1,5,2,7162,7835,0.2562133482267523,0.21914486279514997,5.325539955144094,1831,1713,0.3320589841616603,0.3286631640396964,0.0033958201219638773,0.21479667391534726,0.0851063829787234,0.07206861239119304,2.955534641622186
EURUSD,後半2024-26H1,5,4,7162,7835,0.2562133482267523,0.21914486279514997,5.325539955144094,1830,1711,0.4819672131147541,0.49035651665692576,-0.008389303542171656,-0.49913932476927153,0.12396345748418834,0.10779904920981627,3.0756984164999546
