combo,sym,period,n_days,n_high,n_stable,pnl_high,pnl_stable,pnl_diff,pnl_diff_half_t,hit_high,hit_stable,hit_diff,hit_diff_half_t
TSMOM60|vol10,XAUUSD,前半,2184,746,1438,-5.20818819304967,1.0511601131676394,-6.259348306217309,-1.1854029447052008,0.467828418230563,0.5097357440890126,-0.041907325858449584,-1.3493107571800045
TSMOM60|vol10,XAUUSD,後半,2464,1005,1459,3.4411443674635946,4.752297173206951,-1.3111528057433568,-2.379846858598039,0.5084577114427861,0.532235939643347,-0.02377822820056097,-3.870623241011413
TSMOM60|vol10,XAUUSD,全期間,4648,1751,2897,-0.24383683764371128,2.9151431889692816,-3.158980026612993,-1.925695757949291,0.49114791547687037,0.5210635359116023,-0.029915620434731893,-3.021215193852473
TSMOM60|vol10,XAGUSD,前半,2271,738,1533,-3.102005790150534,1.5043822838246619,-4.606388073975196,0.002821314907250055,0.505420054200542,0.5104438642297651,-0.00502381002922303,0.315113210014097
TSMOM60|vol10,XAGUSD,後半,2464,1063,1401,-0.538735984474412,-1.982901836009792,1.4441658515353801,-0.398259362800699,0.49576669802445905,0.4928571428571429,0.002909555167316169,0.16555194443722754
TSMOM60|vol10,XAGUSD,全期間,4735,1801,2934,-1.5890930730857276,-0.16081371204720812,-1.4282793610385194,-0.2804707073170217,0.4997223764575236,0.5020463847203275,-0.0023240082628038783,0.32988497392858634
TSMOM60|vol10,WTI,前半,1253,825,428,6.984777468411703,-0.6905383788801718,7.675315847291875,0.9994827023199122,0.508495145631068,0.5081967213114754,0.00029842431959259397,1.2319493100750682
TSMOM60|vol10,WTI,後半,2463,1526,937,-6.427838307681076,2.526146398591058,-8.953984706272134,-0.6770970800085748,0.48817345597897505,0.5214132762312634,-0.03323982025228839,-1.1084312076830083
TSMOM60|vol10,WTI,全期間,3716,2351,1365,-1.7211568890181512,1.5175448712960502,-3.2387017603142016,0.047471253782693956,0.49531116794543906,0.5172667156502572,-0.021955547704818112,-0.16612865579603991
TSMOM60|vol10,UKOIL,前半,1425,771,654,-4.70697118240688,-3.460930239634158,-1.246040942772722,-0.4797292555934241,0.503242542153048,0.5030581039755352,0.00018443817751279123,-0.2170828427987427
TSMOM60|vol10,UKOIL,後半,2450,1424,1026,-2.759634588421782,1.3815262661124341,-4.141160854534216,-0.3003036006687323,0.4929676511954993,0.530791788856305,-0.03782413766080567,-1.7702930036024107
TSMOM60|vol10,UKOIL,全期間,3875,2195,1680,-3.4436421118671166,-0.5035728736246323,-2.9400692382424842,-0.5290985150083104,0.49658002735978113,0.5199761478831246,-0.0233961205233435,-1.2575755380828046
TSMOM60|vol10,US500,前半,1212,596,616,-1.1368310974043963,-1.2721134854049125,0.13528238800051628,0.5802964516389427,0.5050335570469798,0.5324675324675324,-0.027433975420552592,-0.06656138567115187
TSMOM60|vol10,US500,後半,2463,1375,1088,1.6983929731600511,3.6778885126719025,-1.9794955395118514,0.981779138592054,0.517090909090909,0.5625,-0.045409090909090954,-1.6156591027295364
TSMOM60|vol10,US500,全期間,3675,1971,1704,0.8410649437047434,1.8884511706441334,-1.0473862269393899,1.1574406192101723,0.5134449518011162,0.5516431924882629,-0.03819824068714672,-1.3369583871736017
TSMOM60|vol10,USTECH,前半,1191,574,617,-0.8893510540427987,-2.245396226065285,1.3560451720224864,1.4081469369491428,0.5069686411149826,0.5121555915721232,-0.005186950457140571,0.9038656432120799
TSMOM60|vol10,USTECH,後半,2463,1584,879,1.3873803128666378,6.0209657077618415,-4.633585394895204,-0.34772585812848533,0.5195707070707071,0.5676905574516496,-0.048119850380942575,-1.413280017811119
TSMOM60|vol10,USTECH,全期間,3654,2158,1496,0.7817993098054621,2.611643974358541,-1.8298446645530788,0.44095147778822785,0.5162187210379982,0.5447860962566845,-0.028567375218686353,-0.4425738150187147
TSMOM60|vol10,BTCUSD,前半,0,0,0,,,,,,,,
TSMOM60|vol10,BTCUSD,後半,3095,836,2259,19.758588400051593,14.518064452742957,5.2405239473086365,0.2925416589301341,0.5299043062200957,0.5221434898139947,0.007760816406100934,0.8427163230111101
TSMOM60|vol10,BTCUSD,全期間,3095,836,2259,19.758588400051593,14.518064452742957,5.2405239473086365,0.2925416589301341,0.5299043062200957,0.5221434898139947,0.007760816406100934,0.8427163230111101
TSMOM60|vol60,XAUUSD,前半,2134,605,1529,-11.89825297008257,2.7307757116976203,-14.629028681780191,-1.3253982350384088,0.45454545454545453,0.5101373446697187,-0.05559189012426419,-0.09050520550011804
TSMOM60|vol60,XAUUSD,後半,2464,1083,1381,2.2272254107335354,5.778324797382648,-3.551099386649113,-1.8917939176267045,0.5124653739612188,0.5304347826086957,-0.01796940864747687,-1.6083739535448678
TSMOM60|vol60,XAUUSD,全期間,4598,1688,2910,-2.8355200989783977,4.1770524427392095,-7.012572541717607,-2.2558471617559754,0.49170616113744076,0.5197662426950842,-0.028060081557643446,-1.03573248315535
TSMOM60|vol60,XAGUSD,前半,2221,563,1658,-14.928418806287583,6.459684917832129,-21.388103724119713,-1.1413827158929615,0.4866785079928952,0.5208207604103802,-0.034142252417484975,-0.9970925791941782
TSMOM60|vol60,XAGUSD,後半,2464,1053,1411,-1.7683552313783801,-1.0550274734972254,-0.7133277578811548,-0.986779375696085,0.4890788224121557,0.4978723404255319,-0.00879351801337619,-0.9411936454458051
TSMOM60|vol60,XAGUSD,全期間,4685,1616,3069,-6.353204112983504,3.004729171932579,-9.357933284916083,-1.5461106478590638,0.48824257425742573,0.5102706227583959,-0.02202804850097012,-1.4108727411278916
TSMOM60|vol60,WTI,前半,1203,773,430,8.468103254398859,-2.6887395523515436,11.156842806750403,0.9509379299776638,0.5155440414507773,0.48951048951048953,0.026033551940287725,2.216157433785579
TSMOM60|vol60,WTI,後半,2463,1656,807,-4.2115709936741625,-0.5793314950645421,-3.6322394986096205,-0.9794439294300069,0.5012121212121212,0.5,0.00121212121212122,-0.6351197992403999
TSMOM60|vol60,WTI,全期間,3666,2429,1237,-0.1764173527682576,-1.3125937946873487,1.1361764419190912,-0.6150039095032237,0.5057803468208093,0.49635627530364373,0.009424071517165566,0.6893616629454558
TSMOM60|vol60,UKOIL,前半,1375,651,724,-1.5756224022347112,-6.180083150602105,4.604460748367393,0.9036435670797179,0.5238095238095238,0.48204419889502764,0.041765324914496194,4.3839796862632525
TSMOM60|vol60,UKOIL,後半,2450,1406,1044,-0.39826412044791487,-1.870032903765799,1.471768783317884,-0.5796554073404506,0.5007122507122507,0.5196926032660903,-0.018980352553839674,-1.232699319030207
TSMOM60|vol60,UKOIL,全期間,3825,2057,1768,-0.7708748357824796,-3.6350082310901692,2.8641333953076895,-0.2308484973285224,0.5080291970802919,0.5042492917847026,0.0037799052955893586,-0.3025814356548155
TSMOM60|vol60,US500,前半,1162,514,648,-3.6803325913927902,0.6860952106759285,-4.366427802068719,0.1345348015222654,0.49416342412451364,0.5416666666666666,-0.04750324254215299,-0.22394122906583785
TSMOM60|vol60,US500,後半,2463,1406,1057,1.0729906935703009,4.567841177599107,-3.494850484028806,0.0676262870862685,0.527027027027027,0.5506149479659413,-0.023587920938914375,-1.0618688162205263
TSMOM60|vol60,US500,全期間,3625,1920,1705,-0.19951356084169306,3.092550041783143,-3.292063602624836,0.14914440529155182,0.5182291666666666,0.5472140762463343,-0.028984909579667706,-1.0107638468354818
TSMOM60|vol60,USTECH,前半,1141,484,657,-7.5692047573144015,3.6764355781274154,-11.245640335441816,-1.8343759398002981,0.5041322314049587,0.5205479452054794,-0.01641571380052076,0.908701640916888
TSMOM60|vol60,USTECH,後半,2463,1672,791,0.6443396440090006,8.107083929102863,-7.462744285093863,-1.3044210106945668,0.5179425837320574,0.5764854614412137,-0.05854287770915634,-2.438551205026206
TSMOM60|vol60,USTECH,全期間,3604,2156,1448,-1.1995172624105384,6.0967690350483945,-7.296286297458932,-2.0829720219221217,0.5148423005565863,0.5511049723756906,-0.03626267181910425,-1.529407667212547
TSMOM60|vol60,BTCUSD,前半,0,0,0,,,,,,,,
TSMOM60|vol60,BTCUSD,後半,3045,581,2464,-18.364205359705412,22.172323794935085,-40.5365291546405,-2.883803107109775,0.4939759036144578,0.5302476654486399,-0.03627176183418207,-2.202105281602605
TSMOM60|vol60,BTCUSD,全期間,3045,581,2464,-18.364205359705412,22.172323794935085,-40.5365291546405,-2.883803107109775,0.4939759036144578,0.5302476654486399,-0.03627176183418207,-2.202105281602605
DON55_20|vol10,XAUUSD,前半,2184,746,1438,-3.0670013289460933,1.8883364260801798,-4.955337755026273,-1.2651977740652043,0.47098214285714285,0.5276796230859835,-0.056697480228840635,-1.7663057081445344
DON55_20|vol10,XAUUSD,後半,2464,1005,1459,1.3014696661453153,2.6341987095101076,-1.3327290433647923,-1.9184054565395516,0.5109170305676856,0.5213567839195979,-0.010439753351912384,-2.940213231909923
DON55_20|vol10,XAUUSD,全期間,4648,1751,2897,-0.5596835961837483,2.263970900199705,-2.8236544963834533,-1.9684028167116665,0.4951541850220264,0.5246200607902736,-0.029465875768247163,-2.973900009150883
DON55_20|vol10,XAGUSD,前半,2271,738,1533,-1.9255159609323143,5.198561754883034,-7.124077715815348,-1.7089217536185157,0.4948875255623722,0.5181286549707602,-0.023241129408388017,-1.2313153615939179
DON55_20|vol10,XAGUSD,後半,2464,1063,1401,-0.9308766902466874,1.7000484911979112,-2.6309251814445984,-1.6322659823674692,0.48807631160572335,0.5006165228113441,-0.01254021120562071,-1.654080344199461
DON55_20|vol10,XAGUSD,全期間,4735,1801,2934,-1.3384523602999858,3.528003785413758,-4.866456145713744,-2.3836193153349408,0.49105545617173524,0.5096038415366146,-0.018548385364879405,-2.018209836112812
DON55_20|vol10,WTI,前半,1253,825,428,6.838132076710143,0.30254842174717134,6.535583654962972,0.6884935028381709,0.5456238361266295,0.5080645161290323,0.03755931999759721,1.6003619750810327
DON55_20|vol10,WTI,後半,2463,1526,937,-1.9945463700926995,5.949435156213624,-7.943981526306323,-1.5966474092098348,0.48630887185104055,0.5372907153729072,-0.05098184352186663,-2.0771470309174
DON55_20|vol10,WTI,全期間,3716,2351,1365,1.1049686101762697,4.178836238739892,-3.0738676285636224,-1.0592474234085036,0.5082758620689655,0.5292817679558011,-0.021005905886835596,-1.0365971016810718
DON55_20|vol10,UKOIL,前半,1425,771,654,0.8749083141691644,7.201281535861367,-6.326373221692203,-1.5702942707028023,0.5185185185185185,0.5564102564102564,-0.03789173789173794,-1.7253871730023906
DON55_20|vol10,UKOIL,後半,2450,1424,1026,0.22520356710190892,5.706273424857696,-5.481069857755787,-0.866138759876175,0.4906054279749478,0.5547226386806596,-0.0641172107057118,-1.6221196718674613
DON55_20|vol10,UKOIL,全期間,3875,2195,1680,0.45341420946585204,6.288258725212695,-5.834844515746843,-1.72126300156976,0.49964714184897674,0.5553453169347209,-0.05569817508574415,-2.3855750754910807
DON55_20|vol10,US500,前半,1212,596,616,-0.5843004602293493,-2.9602916666593764,2.375991206430027,0.5785341995410784,0.4805194805194805,0.5160642570281124,-0.035544776508631915,0.00709921048639451
DON55_20|vol10,US500,後半,2463,1375,1088,0.015508324064369266,3.4036003339895045,-3.3880920099251353,0.18231955443905162,0.510148849797023,0.5663430420711975,-0.05619419227417444,-2.160156132142603
DON55_20|vol10,US500,全期間,3675,1971,1704,-0.16586460106960166,1.1030384370413175,-1.2689030381109192,0.46823739171124346,0.501432664756447,0.5487719298245614,-0.04733926506811437,-1.2783566346807749
DON55_20|vol10,USTECH,前半,1191,574,617,-3.8674672570491473,-0.4397641864039705,-3.427703070645177,-0.06874824851459707,0.4720496894409938,0.5232323232323233,-0.05118263379132948,-0.4572625953368584
DON55_20|vol10,USTECH,後半,2463,1584,879,1.7247804419855346,5.297780431544306,-3.572999989558771,-0.16896040074471405,0.5192909280500522,0.5716180371352785,-0.05232710908522631,-0.9053018800010751
DON55_20|vol10,USTECH,全期間,3654,2158,1496,0.23731511332663352,2.9314268023503978,-2.694111689023764,-0.18496086615054494,0.507416081186573,0.5524419535628503,-0.04502587237627731,-1.0125711421733739
DON55_20|vol10,BTCUSD,前半,0,0,0,,,,,,,,
DON55_20|vol10,BTCUSD,後半,3095,836,2259,13.643989181400132,7.742705714460878,5.901283466939254,0.23654039275437802,0.5246179966044142,0.5095932463545664,0.01502475024984784,1.337876625504825
DON55_20|vol10,BTCUSD,全期間,3095,836,2259,13.643989181400132,7.742705714460878,5.901283466939254,0.23654039275437802,0.5246179966044142,0.5095932463545664,0.01502475024984784,1.337876625504825
DON55_20|vol60,XAUUSD,前半,2134,605,1529,-4.189032749737875,2.1084071962553073,-6.297439945993183,-1.0477841578792741,0.4666666666666667,0.5218317358892439,-0.055165069222577245,0.37740123711368395
DON55_20|vol60,XAUUSD,後半,2464,1083,1381,1.1923436142238784,2.7950505412359368,-1.6027069270120584,-1.4006859355664436,0.5158850226928896,0.5170316301703163,-0.0011466074774266755,-1.3297398128803088
DON55_20|vol60,XAUUSD,全期間,4598,1688,2910,-0.7364079854188116,2.4342678352306506,-3.1706758206494623,-1.786202762311518,0.49949545913218973,0.5195911413969335,-0.020095682264743786,-0.7656470537089902
DON55_20|vol60,XAGUSD,前半,2221,563,1658,-1.6247121540572096,4.989085019868025,-6.613797173925234,-0.7135578742483207,0.504297994269341,0.5153688524590164,-0.011070858189675459,-0.8617750326724982
DON55_20|vol60,XAGUSD,後半,2464,1053,1411,-1.5110285773497687,2.1143579775941537,-3.6253865549439226,-1.5166281320747221,0.4828711256117455,0.5042321644498187,-0.021361038838073165,-1.6759667131454516
DON55_20|vol60,XAGUSD,全期間,4685,1616,3069,-1.5506349224526699,3.6674037371542973,-5.218038659606967,-1.5842047452527803,0.49064449064449067,0.5102606766500277,-0.01961618600553705,-1.7098234881623404
DON55_20|vol60,WTI,前半,1203,773,430,7.295808179405406,0.41388873906853935,6.881919440336866,0.6779812678743061,0.5474747474747474,0.5038167938931297,0.043657953581617726,1.3120120912407203
DON55_20|vol60,WTI,後半,2463,1656,807,-0.553751275815695,4.272558975664806,-4.826310251480501,-1.0904794020091475,0.5030181086519114,0.515625,-0.012606891348088567,-1.7198931906773072
DON55_20|vol60,WTI,全期間,3666,2429,1237,1.9442764964716286,2.931226557122853,-0.9869500606512243,-0.765015324707229,0.5177971793149765,0.5119331742243437,0.0058640050906327845,-0.3820485386156739
DON55_20|vol60,UKOIL,前半,1375,651,724,6.982516564177515,0.22695022372721213,6.755566340450303,1.231496587052879,0.5485564304461942,0.5197215777262181,0.0288348527199761,6.909055467623793
DON55_20|vol60,UKOIL,後半,2450,1406,1044,0.6301443377272777,5.066420952694025,-4.436276614966747,-1.663438090793043,0.5033039647577092,0.5341701534170153,-0.030866188659306126,-1.2261383372148955
DON55_20|vol60,UKOIL,全期間,3825,2057,1768,2.640545076385082,3.0846467401533153,-0.4441016637682331,-0.9768013471039145,0.5166795965865012,0.5287456445993032,-0.012066048012801978,-0.5452619365653673
DON55_20|vol60,US500,前半,1162,514,648,-2.7893981667161496,-1.0540687060040927,-1.7353294607120568,0.2880766507278437,0.46551724137931033,0.5345622119815668,-0.0690449706022565,-0.6955866613615397
DON55_20|vol60,US500,後半,2463,1406,1057,0.04753018475981658,3.460372440110489,-3.4128422553506725,-0.4869528637543667,0.5313253012048192,0.5514354066985646,-0.020110105493745367,-1.4144496490789524
DON55_20|vol60,US500,全期間,3625,1920,1705,-0.711939175999895,1.7446200279801374,-2.4565592039800324,-0.2958814837330048,0.5118845500848896,0.5456692913385827,-0.03378474125369302,-1.594172898330947
DON55_20|vol60,USTECH,前半,1141,484,657,-1.8141748501030417,-2.4655294678102906,0.6513546177072489,1.5960689936495138,0.531986531986532,0.4839357429718876,0.048050789014644435,2.461842178033476
DON55_20|vol60,USTECH,後半,2463,1672,791,0.9726752450139333,7.285067268987654,-6.312392023973721,-1.8033514090016247,0.5180360721442886,0.5762237762237762,-0.05818770407948759,-1.9358744394707728
DON55_20|vol60,USTECH,全期間,3604,2156,1448,0.3470558359060409,2.860936014791349,-2.5138801788853082,-0.7040242382897235,0.5212355212355212,0.5383347073371806,-0.01709918610165939,-0.4174749993926071
DON55_20|vol60,BTCUSD,前半,0,0,0,,,,,,,,
DON55_20|vol60,BTCUSD,後半,3045,581,2464,-17.505127855949745,15.058063353250716,-32.56319120920046,-2.203030587043738,0.47619047619047616,0.520655737704918,-0.044465261514441856,-2.3096209915065526
DON55_20|vol60,BTCUSD,全期間,3045,581,2464,-17.505127855949745,15.058063353250716,-32.56319120920046,-2.203030587043738,0.47619047619047616,0.520655737704918,-0.044465261514441856,-2.3096209915065526
