time,L252,L120,L60,us500,corr
2011-10-31,-11.745124766236415,-574.7074727720135,-539.4889849371508,0.0,0.22949290143004342
2011-11-30,-149.85880997121905,118.67965283686607,242.77616184945623,0.0,0.06463624778181208
2011-12-31,-406.7426420663878,181.02545069090434,266.0279586505271,0.0,0.04906508373556855
2012-01-31,164.7019778368462,-366.82263935156533,-408.2854884563095,0.16516775127178485,0.04306225868028682
2012-02-29,-203.07859176183877,-162.45415508851482,99.39626142803007,0.04058944994323421,0.0630867143183634
2012-03-31,-105.96746746397059,-68.6212793663756,-104.50356121438601,0.03133237654501775,0.01590949068190933
2012-04-30,46.51761715632885,-212.13832223707485,-190.99396464032392,-0.007497497284287169,0.18071344732366545
2012-05-31,617.1366984387861,106.96793191627374,403.8751145594596,-0.06265067135938662,0.3266176399820475
2012-06-30,-203.4380283651318,-190.13708268104233,-204.41703191744196,0.039554921279372435,0.5090758485235646
2012-07-31,-18.611208599401664,-153.61146427938235,-64.37873978797953,0.012597639043871345,0.3514392730389091
2012-08-31,-346.07856731555097,-293.7612739810132,-73.36037856663852,0.019763361656468303,0.314394337166152
2012-09-30,-114.97204493954416,96.70202773739416,89.37537049185508,0.024236090375236552,0.00632509974327152
2012-10-31,-158.92014486840029,-206.86677714631105,-106.26477244591393,-0.01978940354140779,
2012-11-30,-28.92150439682603,70.37482332413192,-24.260069863975243,0.0028467029231815655,-0.024931668399873343
2012-12-31,-10.511477286762272,88.18388161439663,154.56095639038992,0.007068310525498056,0.11594285053009006
2013-01-31,37.39370325345332,270.05166693033345,15.986388853845533,0.050428063581991145,
2013-02-28,154.4673576575805,-57.77537444654258,-29.902207287075306,0.011886977591765602,0.14974753897272072
2013-03-31,-5.601641475455403,-29.13547334931837,36.942012300877735,0.035135145832426495,0.08726898767891121
2013-04-30,339.7048590842,240.9126902115713,168.8001092270756,0.018085241973514687,0.04378574299720238
2013-05-31,98.62152185809362,281.8683030860565,252.2373264057062,0.019468451556405864,0.03014371100740722
2013-06-30,173.2311225908983,131.21341528137805,99.15494303711696,-0.015458711174394235,0.015406604755286421
2013-07-31,47.56859142386283,-24.52371967257179,-41.762784348806726,0.053759189365157445,0.03408313852122726
2013-08-31,-116.82433094079862,-227.00718411521387,-202.03028278088067,-0.0329777248553873,0.06714750780645495
2013-09-30,59.816468461068034,108.36672423627914,-112.89448084345923,0.029804818221209395,0.01709377980601953
2013-10-31,-8.735989175641109,-34.8637081393098,-13.892866559415204,0.045290681918671805,-0.0009366922632935039
2013-11-30,258.4013184595172,208.60404283748917,186.43706285912282,0.026325379944998728,0.09208961445111963
2013-12-31,255.01023575831866,139.22419728626429,86.98496090345903,0.023906810194684658,0.09245968766147018
2014-01-31,-247.3628963402704,-175.43743725543658,-164.044499980824,-0.035582893116604564,0.22112080655057972
2014-02-28,10.268232357386317,-50.29111321030036,127.16557419769411,0.04455158106613899,0.09245435355553289
2014-03-31,15.511715283556764,-16.09083120556842,-264.0148677162867,0.0049425906522038154,0.10466969201031315
2014-04-30,24.08999801627604,-9.041446005138443,-81.12569987641692,0.007470678961212673,0.13427286909384833
2014-05-31,36.19431010109779,-49.60106031382992,-41.406565858905935,0.01894108779037973,0.08200530255333865
2014-06-30,135.61948192951684,106.94288602026566,-3.353479640039147,0.02155431815200215,0.06426797678399168
2014-07-31,-73.82728703728857,-192.71011227835822,-153.81509585829636,-0.016112962990331048,0.09367126728878267
2014-08-31,79.94850094979071,121.02080241608927,47.84555871419893,0.036064481810040405,0.04360317272465522
2014-09-30,369.03599902369206,357.82601818190244,309.49924626936314,-0.01572279094787188,0.14157570552282106
2014-10-31,272.25206382448556,239.243643937015,204.87264702756582,0.023339738149185996,0.23079319784531385
2014-11-30,516.3611157836722,516.3488750234336,516.4504551015486,0.026206792493285835,0.20907810514613048
2014-12-31,307.73717072740135,344.1239090097825,265.2180197507551,0.0030417143874204022,0.31463053605143015
2015-01-31,-60.81424837294881,-152.72145292582553,-191.38450564897772,-0.0376527395843429,0.06698727413055179
2015-02-28,22.916114483313383,22.916114483313383,-320.53092183057254,0.05552048165484669,0.11899613376027607
2015-03-31,185.99875339634875,185.99875339634875,86.72771570779707,-0.018944808038382166,0.2591487718918528
2015-04-30,-444.9369643333833,-485.2424391782404,131.89258055421945,0.009192503546744168,0.1678712533090919
2015-05-31,96.50342383356167,38.72824268123833,-216.2221371956599,0.010310296584043144,0.3275696462142703
2015-06-30,17.98079665790517,-153.41184161406264,-110.68594154616837,-0.02193256788911868,0.15865073705740607
2015-07-31,549.6378026462266,39.919826814162775,65.58349993302994,0.021420496174131776,0.17955478571652703
2015-08-31,-280.08083186049714,-149.44909824859832,-34.89094699586402,-0.06386010848803192,0.027398618863872896
2015-09-30,100.33181790544177,-4.830686728838735,168.98953578133717,-0.026843471606812552,0.061116158681354685
2015-10-31,-35.35817097151493,-223.45380536221802,-371.04616142744214,0.08447823112509023,0.14466869658088902
2015-11-30,358.9323579391871,357.69795523673366,87.95421419660497,0.0006101562894418322,0.23332660126360222
2015-12-31,148.36637264601003,209.94923776250732,173.45558365417207,-0.011283651055421617,0.22179059666416445
2016-01-31,-130.36716092939508,124.97485186881255,0.8665096448472127,-0.05755299181271989,0.1069295220357657
2016-02-29,-98.06074731217143,66.62247209943934,106.83622079965785,-0.004270917024982945,0.19936915891714016
2016-03-31,-443.63550993636386,-292.33861424052066,-232.866992813564,0.06626978372555503,0.20043139621067854
2016-04-30,-250.54669309219574,-17.471259612600562,505.1693555053837,0.0025936947959506185,0.17165872382239514
2016-05-31,-219.64123371197385,-318.9455613782152,-179.12009262739429,0.014789415065263212,0.14826663796538764
2016-06-30,246.19702243765056,452.9435867992991,266.6110427001903,0.0022241774147888638,0.15768947376647266
2016-07-31,292.53856866370893,-64.06831545933659,130.963686846032,0.034840042184164144,0.0695211623218567
2016-08-31,-199.03175368496596,-1.8117635592678383,-278.8494856839679,-0.0015249656157766411,0.0995973915874733
2016-09-30,-204.2166872864996,98.35318907189887,-31.98223052323645,-0.0009109370065853994,0.16643125263433797
2016-10-31,-85.33693852934456,-94.66989648411217,36.11750180412749,-0.019315998983028493,0.04878415746704735
2016-11-30,-323.56561687440166,-294.18782089952117,-47.61054963930221,0.03466194149971025,0.05813331443944259
2016-12-31,91.36493286925037,237.2087780712252,264.564011776061,0.01879150132831553,0.042105389077537386
2017-01-31,146.7848454879829,-259.5000478990345,-234.40149050868308,0.0169536085672366,0.0216705590139133
2017-02-28,142.40346639225103,38.73894928261136,48.128031776233705,0.03739096733529923,0.0832310076206812
2017-03-31,-68.7314649834882,-214.2183753212955,-67.18493514065881,-0.0006219536961818983,0.08841288415625594
2017-04-30,-82.7330066162707,28.77201318781544,-38.75600019991377,0.009355856141910479,0.030632185692880065
2017-05-31,-167.843917765613,189.58297563983209,18.76011716789168,0.01133318429343122,0.014913009546643947
2017-06-30,68.37790774995715,104.22307047454376,69.79968179723039,0.004873154888769715,0.000438945806463387
2017-07-31,136.65498861028908,32.140234580071194,849.6772608192539,0.019468665687957465,0.07447817571249457
2017-08-31,-202.74998725067832,40.04573505307889,2240.869953765622,0.00039634183369829934,0.11594802039155373
2017-09-30,224.6873041548994,81.33719972788757,179.00897339852514,0.01910144961553084,0.024244573700633546
2017-10-31,61.64500915503342,1653.4935081694932,1781.8730729614538,0.022594479543496027,0.049055294433595575
2017-11-30,91.18701180210869,1111.4601562640933,1129.654366301869,0.02758304406429235,0.08503804875105017
2017-12-31,156.86292606919926,1040.1699452686753,981.0769739420093,0.011230821555437975,0.09121392162027772
2018-01-31,319.1280587627314,421.06939284936027,452.3237849240796,0.055625749508860345,0.22742125535407096
2018-02-28,-243.06076512782067,-1196.6610062994457,-513.3265815983167,-0.039790864314922625,0.3273499220484495
2018-03-31,-407.6811062795318,-320.22328431408573,395.6336122498782,-0.02632385195377185,0.16725118688656462
2018-04-30,2008.1501685776489,-2293.5397652155766,-1210.6637821032994,0.0033703538360350116,0.17551640410073555
2018-05-31,182.848257080977,-273.9757087665839,-225.84932743961522,0.022189390422926447,0.1662608121823012
2018-06-30,-820.1605001502938,937.4378358941537,-1403.9295289887264,0.0042456276495947964,-0.017606183957733838
2018-07-31,1325.3259971330351,-1467.3692899560263,-1586.1199100864374,0.035769836359432094,0.0732592744020666
2018-08-31,-508.161746723073,597.1164804440904,647.7397402672225,0.031021104402568334,0.08927070668671323
2018-09-30,-52.758578033349906,178.35450307776637,-2.681127053766147,0.003442494844863919,0.055436133587189
2018-10-31,-212.06618308888324,-177.1253722714491,-206.66485334882236,-0.06929983155337971,0.05663561060185482
2018-11-30,396.42715786898066,678.8702203820196,828.3036188529301,0.018504388341498146,0.19120012178046497
2018-12-31,-947.4850235674701,-833.4494144087226,-640.2226873500017,-0.09246960808086657,0.17949927051956735
2019-01-31,-188.68728850907058,-242.1751029614573,-250.43714453520113,0.07880099060046164,0.2660031250606029
2019-02-28,109.40591216898711,31.324253666094094,-448.4001860628019,0.029388552064584683,0.14298801705155503
2019-03-31,-199.0007567920352,-379.84986107734653,128.77737380557144,0.01824273612313121,0.11965138709521421
2019-04-30,-987.4465088389682,-249.86773961981558,1120.0836998107404,0.04126300049021858,0.13672515717346206
2019-05-31,-1890.6786564523204,3293.5977445823696,3424.4213607752763,-0.0680111906302181,0.08004995982699588
2019-06-30,358.14506663197017,624.7616079328657,375.12124859634696,0.07213840036719543,0.10696942376120191
2019-07-31,-1109.8536355505623,-1155.6742219925047,-1124.1481149693955,0.007321611974903108,0.028712054125117535
2019-08-31,86.39369091786293,33.23000344588864,133.17525206261828,-0.017128176137453432,0.09556755469125622
2019-09-30,-93.8332151797124,-238.70282469434483,-344.30175475855964,0.020781486605527366,0.09583865972442936
2019-10-31,1076.683051162297,-28.5788655752525,-1246.1112369733073,0.018480538266932633,0.1548478926665658
2019-11-30,-556.7577718813025,171.87307747395255,398.3190268451952,0.035203034903364516,0.03488835045609604
2019-12-31,271.00372925878577,22.766124654200055,-15.288443720556106,0.028459363080828526,0.03855108641945367
2020-01-31,236.7504973769679,-435.6440429311804,-517.0177065968544,-0.0011707269394631847,0.018543432437483177
2020-02-29,253.77016155361525,-778.212320441328,271.4757508163127,-0.07964607250788025,-0.011501393153359891
2020-03-31,399.94390677218723,211.82008590482528,824.6439700964835,-0.14165398182804345,0.09373673252157765
2020-04-30,-1038.4276324595821,-314.98253577235056,-1090.1824531678308,0.1298704964114763,0.09067021291292066
2020-05-31,389.6023815254359,-1663.7231500406672,-2266.7260812555087,0.060608079157494554,0.06388905480909705
2020-06-30,39.20996012239395,-403.0899776066543,-212.90378280592526,0.011415257001114343,0.059169966302627705
2020-07-31,867.0290613315584,763.1463197405545,998.6997068035514,0.057920804567738404,0.08203616660932028
2020-08-31,433.9424254425854,387.6501839066311,604.0127524450535,0.06955079036170209,0.20275783026880262
2020-09-30,-434.12299944000483,-625.5773944749942,-920.8626691938573,-0.03646724330770257,0.23136797180553956
2020-10-31,994.8142593538003,744.6921885884157,-186.99879814876851,-0.02705494437036393,0.13101531564973384
2020-11-30,267.23569531220585,930.5126098221592,171.72772059788895,0.10985214134962562,0.21626014920150818
2020-12-31,2107.8961415196186,2342.651718417043,2136.213627933697,0.03148232905004944,0.11345352753483817
2021-01-31,-83.45077029654448,112.85062755083203,149.0450121339104,-0.012608402565466359,0.14822050845959203
2021-02-28,879.0689170535167,885.1855275522921,944.4760833203547,0.026488287025135948,0.23180909352947732
2021-03-31,876.0627534026883,918.5062367025013,940.2418780311201,0.046156627553968654,0.37227829430113857
2021-04-30,-713.9176783358625,-880.46634479798,-567.8435180347633,0.052091758457610826,0.16952070974728728
2021-05-31,-1336.8051094014552,-1397.9680923703684,1479.661582089091,0.0035826385992421272,0.2325981327044182
2021-06-30,988.958399317307,-953.9330039561174,-1093.0182788481902,0.02386227414566644,0.3251367354588379
2021-07-31,1035.8734552472874,-1099.453220463704,-1384.8796194336578,0.022676002504737003,0.29920258680251377
2021-08-31,-305.6419235509492,-83.35443979744251,-408.39652659690046,0.029332679607737333,0.06951775301175374
2021-09-30,647.3968861036427,-482.4078472316765,568.5175239243615,-0.047300490338358925,0.21094760053916306
2021-10-31,478.9948787892856,305.4910940204768,303.658342741583,0.06734738133675355,0.13677925965645807
2021-11-30,-176.53763088748786,1144.3195962592338,905.0055096215063,-0.004360381824275339,0.18267390346382717
2021-12-31,207.4575653270811,-702.1604793781034,-1765.8346789042182,0.04043975296325497,0.05322481677892071
2022-01-31,300.5428920644868,45.845531556808574,-210.65631323255644,-0.05659572800674895,0.06481710362161977
2022-02-28,-694.6583672565517,589.0541948847484,565.257335364256,-0.02678930178166672,0.031517289257577574
2022-03-31,234.49325074698143,92.41929585938738,1264.4284381828995,0.03788610319485919,0.003886418092440314
2022-04-30,616.4372955583619,944.8109508121094,521.4842377029751,-0.08830895876450984,0.04377033025282204
2022-05-31,-798.439494442911,-766.137328121607,-919.6113789888782,0.0007732681723446877,0.022321084256930745
2022-06-30,1172.4998123973194,1119.8846291614627,1106.4563394335426,-0.08722285620637005,0.11890546455781464
2022-07-31,80.64827925683042,111.70572909439878,20.730824522446724,0.09027770443393446,0.16960357962941355
2022-08-31,377.35994995454973,412.56746498868296,634.8288698277424,-0.047150716062585696,0.29561782229240935
2022-09-30,233.57176178335806,523.7674486807765,690.0286412183648,-0.08516575334771359,0.18829253398539506
2022-10-31,-110.28984719499125,-245.4575066636943,-577.2420683989407,0.07739601084828784,0.23519622014312855
2022-11-30,249.43586627504203,487.48137909303796,39.25481564029478,0.05340215149588223,0.30009995915026527
2022-12-31,-179.46026853386604,-312.2795611888682,-24.295584006403537,-0.05875340441042187,0.147371376663573
2023-01-31,-1332.267100369455,459.2685812533059,926.8321248451259,0.05766104933882521,0.12028002268711174
2023-02-28,517.1359278059042,-303.2946672006148,-287.88832592269694,-0.026795743132259964,0.16927615472590904
2023-03-31,1154.6807218170284,1861.7227535045176,1490.0636222139178,0.038190024624380925,0.09707700869111678
2023-04-30,224.61114135464592,204.37632243443335,385.4717999436807,0.015376913748470722,0.017713586867738804
2023-05-31,202.313327825884,104.2948107735213,-797.4072042987535,0.003513972601032478,0.009970555955048881
2023-06-30,-89.354833428166,-115.46011419460734,138.0452060131942,0.06143359871904064,0.04143035954003725
2023-07-31,-26.305007045578147,-14.364449456514357,-124.84011132081122,0.03291212841544566,0.15859172098943705
2023-08-31,-25.133128053388248,56.623012528630056,-106.96180118834064,-0.017331831629029737,0.1121349492722344
2023-09-30,-243.3954730790444,119.70408620479924,181.96725513223734,-0.04854037471559802,0.07776752594618454
2023-10-31,923.3473889265434,-448.7769301223791,-261.64752648277863,-0.025424842479634502,0.14419177607954584
2023-11-30,448.1654230889446,175.3374383894183,113.2056591293352,0.09115723382010721,0.03785530002039589
2023-12-31,-88.2217209371956,-36.03876849622591,116.67544598551159,0.04449723936791283,0.07152777340411771
2024-01-31,-187.39602786138323,-214.28106254689456,-508.15354519774064,0.018194591401521576,0.05741790406228886
2024-02-29,600.1542144867705,506.67613736680306,511.2756805597078,0.048260222740440506,0.04618121956776006
2024-03-31,1087.3083642171237,890.5160540831919,1133.1637481472228,0.03169677540955229,0.1102338829392165
2024-04-30,2.5536292412866004,-81.09059482098174,10.156697984210979,-0.04218784409140064,0.055175992615970414
2024-05-31,346.1857909700356,317.6281170614178,-505.3622060638242,0.05062974927374886,0.14525250085373384
2024-06-30,521.0867476856796,-247.46505244082462,449.13682801185416,0.03556693751403239,0.05002367382020239
2024-07-31,497.3113279896115,-447.0182577088941,-689.0964032157573,0.014730415840845668,0.09277800295495355
2024-08-31,-870.8492766607361,851.823239788382,634.8783988401316,0.01620081377882565,0.14458511860914042
2024-09-30,21.974961685560153,442.33078516246235,159.03994365667455,0.019925461231455,0.1396673042097341
2024-10-31,452.32043695267487,-63.88769565154786,389.286565336115,-0.0073451054096845825,0.16116963659707856
2024-11-30,261.76418226552687,314.2337583994504,288.9978821254357,0.056650010392296446,-0.001766722084352711
2024-12-31,194.8494104904325,19.559584790829398,203.10458281580395,-0.024366280016843267,0.02113908539930273
2025-01-31,-370.5246503779343,-370.3104236425798,-499.5584314778086,0.02528701310193937,0.029235993241013298
2025-02-28,-683.9188856506945,-798.7566990782134,-306.2364946112391,-0.014991074867572562,0.048705001365015835
2025-03-31,174.50371487858442,284.5655139007486,-375.48510959381196,-0.059386286263625854,-0.011938513142784875
2025-04-30,-438.05312266340366,331.73914091313856,560.2692571033124,0.003163390778712305,0.05574405460803528
2025-05-31,448.70209341438294,-309.61088461730594,235.29223716552195,0.05279528734454164,0.04929768080376554
2025-06-30,143.15495123957567,12.906552856814653,151.93482224387697,0.04974072351590064,0.10258225998883405
2025-07-31,225.6029319660607,200.57332879345438,453.18873615661323,0.0214015836646142,0.11084426926510738
2025-08-31,166.9681271797267,221.26613795265388,-92.0086645749594,0.020564561461571707,0.051874707773996796
2025-09-30,473.9780155750337,461.86682311151066,136.58454155453538,0.03223908409333465,0.03490478494364399
2025-10-31,849.0559271943245,783.3011634602491,-403.2469373127022,0.025465624479614757,0.03524320250911386
2025-11-30,383.67209955478427,-27.536847461709506,69.88204774537553,0.0004034121063680729,0.18687127084453395
2025-12-31,153.83022848665996,223.79195522693266,198.98663135191293,0.0007889662773896688,0.14612128782827927
2026-01-31,1129.1989961825138,1226.8290562198295,94.19287917002225,0.012781688922550716,0.13046585145046508
2026-02-28,394.2120997163037,248.90082317067353,445.6693966385288,-0.009052014234251615,0.14392272045281126
2026-03-31,817.9714587845123,842.0912962565247,863.9815452169124,-0.04769938529830453,0.11974761561238115
2026-04-30,509.8437306424944,364.9356279436705,-637.2110975047779,0.10361220301950214,0.040936554073737176
2026-05-31,-412.70981862277335,-441.989008221766,-3.018147038117604,0.049563498950996765,0.08245601799416746
2026-06-30,-931.730428535968,-680.8358860502948,103.70285204110071,-0.01283046078568928,0.04269790970224221
