sym,year,q_CC,q_PK,q_RV,q_BOTH
EURUSD,2011,0.18266988660669717,0.16803237942927582,0.15987664186201062,0.17013404688607262
EURUSD,2012,0.1758126280203694,0.16193126386556303,0.1583031762676964,0.16423112351789343
EURUSD,2013,0.34382174632878537,0.3430583356203402,0.3165637533640094,0.34384821712782865
EURUSD,2014,0.26463136281806693,0.27007360133251135,0.28079520391771534,0.27172496575282445
EURUSD,2015,0.34374874007645495,0.32036407579013143,0.2920371510490214,0.3180101975735597
EURUSD,2016,0.47580786754160936,0.4577850950361781,0.4455308719812574,0.46385853987598813
EURUSD,2017,0.23019864012269092,0.2070081015348332,0.21854149505397955,0.20880314380989715
EURUSD,2018,0.18001806404047918,0.16924264977086856,0.16587654710685845,0.17014019090640578
EURUSD,2019,0.33503672242084986,0.3139286363013235,0.3408301908993653,0.3134611990676944
EURUSD,2020,0.2361626861495049,0.20987341657388497,0.20802369635078233,0.2115285437689021
EURUSD,2021,0.21210058926980252,0.18802692743342045,0.20479998829642795,0.1896065397797989
EURUSD,2022,0.24512053846509557,0.2159197933715833,0.2151581257211127,0.21678878049883538
EURUSD,2023,0.250738428785977,0.23762839358373491,0.2316124637292939,0.2390486044620735
EURUSD,2024,0.33768873769465246,0.326787792766761,0.33419273166064517,0.3265578601322433
EURUSD,2025,0.2609361037572002,0.23330418710202827,0.2442609111381072,0.23370244010617056
EURUSD,2026,0.27428869087356594,0.2618341121357122,0.24679371340642503,0.2607081514076227
GBPUSD,2011,0.2030076077397522,0.17609547921888907,0.16727198288128692,0.18901871714819482
GBPUSD,2012,0.2211078995199386,0.21370436344978988,0.18697826215647853,0.2048067470385335
GBPUSD,2013,0.29694132860867406,0.2682587279829281,0.2538576975696872,0.2748528294090701
GBPUSD,2014,0.32229602980579675,0.2672282826247665,0.2594349138320394,0.26296938717071927
GBPUSD,2015,0.23881524595607168,0.1974731103528227,0.19112681111212304,0.2083125344526453
GBPUSD,2016,0.4485169541826309,0.34177777644438584,0.3309309722498891,0.3414048003748237
GBPUSD,2017,0.3326665017448727,0.29641479521977937,0.29479474169058884,0.5304763200333015
GBPUSD,2018,0.22262292154957591,0.21373566385484896,0.207458829082894,0.24979543461955384
GBPUSD,2019,0.32735504344396843,0.3303002217888471,0.3476689749152227,0.3784633180094756
GBPUSD,2020,0.24261068422190887,0.19937625232573583,0.2229195958274086,0.29242511109267916
GBPUSD,2021,0.21101795832558737,0.17817385128051358,0.18953291637347447,0.18223005972385614
GBPUSD,2022,0.2712707966386053,0.25009224622829906,0.2757752265674245,2.865357523098328
GBPUSD,2023,0.23668960008338372,0.2267449003184057,0.21652326633625707,0.2301703476778626
GBPUSD,2024,0.31233353517603046,0.2875482959875346,0.3062457697529134,0.28943056748606344
GBPUSD,2025,0.2550420434181021,0.23454618287560794,0.24533451849454802,0.2426242358989895
GBPUSD,2026,0.2547676999608077,0.23741799638705008,0.23739581997229522,0.23389832278993572
AUDUSD,2011,0.28283591942354386,0.2260118864140569,0.23504251268204365,0.22846460232526422
AUDUSD,2012,0.3950457111939107,0.22265223297673298,0.2187752198312471,0.17661817007656833
AUDUSD,2013,0.3062393610198082,0.21472271684713534,0.21844609101940457,0.2028843001963013
AUDUSD,2014,0.39019112033824926,0.2519381569508916,0.25671027907005844,0.21685498049699573
AUDUSD,2015,0.257225842917602,0.2598414814054014,0.2540991587798031,0.26637636303064965
AUDUSD,2016,0.2672881651019298,0.2507642202976936,0.24777851039921078,0.2477125469651377
AUDUSD,2017,0.27493916224993814,0.1936080043460902,0.2021150382337437,0.1941071121282972
AUDUSD,2018,0.2847293655339975,0.22410441546405357,0.20914627649104656,0.22545112227359618
AUDUSD,2019,0.4242569730694791,0.28088121992297205,0.2690956487283036,0.2654490380247096
AUDUSD,2020,0.33220327481720957,0.23569210900623666,0.2636342694324943,0.24520611213914237
AUDUSD,2021,0.22335812476219244,0.17675562916403523,0.16877545144805295,0.17767170634351326
AUDUSD,2022,0.19016268299560804,0.19201206281083982,0.18135506973947704,0.1920191049377788
AUDUSD,2023,0.22721554409183742,0.2174228863195646,0.21665817907265364,0.2175637904012005
AUDUSD,2024,0.3392647215818368,0.2973689371185897,0.28745413300045375,0.2971412656358688
AUDUSD,2025,0.2540525773519545,0.22136732426740233,0.22709872399445039,0.21893450405991294
AUDUSD,2026,0.284613332087284,0.2562183642760413,0.25296974557213286,0.25379759534919616
USDJPY,2011,0.698048047119249,0.6606435393834853,0.7064140989682718,0.6725933802179074
USDJPY,2012,0.44427670967677846,0.37401095416878843,0.36539675079049944,0.4038808991481321
USDJPY,2013,0.33325494175886744,0.30295157320462474,0.303741613652339,0.3098279646122095
USDJPY,2014,0.45289987812142773,0.38040423108068994,0.3705388748439225,0.394455118344572
USDJPY,2015,0.3700721325842975,0.3702060587595645,0.3716136980790512,0.3699378134420349
USDJPY,2016,0.5081071114158203,0.44669520908098087,0.46632595595245696,0.440837555540904
USDJPY,2017,0.25572101364703764,0.2289175192874709,0.23800461950966284,0.23312051586912572
USDJPY,2018,0.33406593586717864,0.2985554050985544,0.3039382642111818,0.3022395597422518
USDJPY,2019,0.4842456541945791,0.45194181949793283,0.45240803747880026,0.4449887007734983
USDJPY,2020,0.45652707047228913,0.40947424638080254,0.3909445110050837,0.4160118098166936
USDJPY,2021,0.32117478411763645,0.281064457983571,0.28164283288824504,0.2823036662555566
USDJPY,2022,0.5571290725631154,0.545817828188732,0.530835425478972,0.5488958883062295
USDJPY,2023,0.31564124465265536,0.3001820375203641,0.29279468373834916,0.2971549202713018
USDJPY,2024,0.570557392842741,0.5440955721108668,0.6071270325956802,0.5585051081535279
USDJPY,2025,0.2842848059553361,0.23685450955562173,0.2420111224224068,0.2497998753775011
USDJPY,2026,0.5522012099924503,0.5390340212669811,0.5517624613513169,0.5380937069965239
USDCHF,2011,0.3815935523259927,0.3376437417685767,0.3536495648080688,0.36290430650301164
USDCHF,2012,0.38692039179014304,0.21310451924011228,0.25034762234430147,0.2029572636963876
USDCHF,2013,0.3699024964778175,0.27377074435042903,0.2924578408288456,0.3469241474189633
USDCHF,2014,0.5716966248880081,0.3194028158694708,0.38314588966046287,0.3424481335815006
USDCHF,2015,3.2051182286260937,4.4114038698284705,3.6186778423535677,5.199060817946255
USDCHF,2016,0.5608228133907307,0.5729540880993127,0.564803988032135,0.540081033492761
USDCHF,2017,0.6187219749971941,0.6325376511950768,0.6199240359801576,0.6014100626629099
USDCHF,2018,0.6095541136258694,0.6270879184217082,0.6107482124490229,0.5870469395355863
USDCHF,2019,0.9048366317518272,0.9255889972641289,0.9026254173382479,0.8803998719813882
USDCHF,2020,0.5703032566198085,0.5844127973644737,0.5662423892943514,0.5566398005953581
USDCHF,2021,0.5425751970711324,0.5566288607476609,0.5382250229368895,0.5289192545574214
USDCHF,2022,0.3025047266494365,0.3069321609707924,0.30149379729648096,0.30452248706282675
USDCHF,2023,0.31624369023398474,0.3254792839125029,0.31837179221289585,0.3096286223725915
USDCHF,2024,0.553888096938426,0.5627005155943,0.5507701942191078,0.5510565916275569
USDCHF,2025,0.43782451345219514,0.4544913823365802,0.4446744485854002,0.4416108875253155
USDCHF,2026,0.3624902732988031,0.3733224589811998,0.36043882689291584,0.354147879577975
USDCAD,2011,0.20556370300966212,0.19551999578025797,0.19396856286556755,0.1988217244813559
USDCAD,2012,0.2966807218570034,0.18089659794347787,0.16604123645336308,0.17796710701878132
USDCAD,2013,0.34444197247775904,0.24812473757209813,0.25000886725164023,0.2528581966794199
USDCAD,2014,0.36685538461375894,0.28071332025581985,0.29011521950346586,0.2889841698044501
USDCAD,2015,0.23028436653910794,0.24052018934112124,0.2503247243699772,0.269544735558711
USDCAD,2016,0.256185333986105,0.23385828246146997,0.23162271529937634,0.2513991294151598
USDCAD,2017,0.3133075613720354,0.3248526613283351,0.3269232854480922,0.32720063659313436
USDCAD,2018,0.26657710038488786,0.23607639732983696,0.23440060535775445,0.24357952277475375
USDCAD,2019,0.3674352430246326,0.2640318052930348,0.2565538377024092,0.2679419036497296
USDCAD,2020,0.2703331950806281,0.27050493069597814,0.24148573846506893,0.2875992704374964
USDCAD,2021,0.20098641118783717,0.176458774381736,0.17885658838593724,0.1854598966220475
USDCAD,2022,0.18512572646408496,0.17983016457964768,0.17296559885977467,0.18816627315177717
USDCAD,2023,0.18770710052662062,0.16831831263142552,0.1609510628995477,0.17202130679278854
USDCAD,2024,0.3413097395129967,0.26137678146651205,0.2505707064822476,0.276237767750181
USDCAD,2025,0.3289629478326985,0.2716562783410232,0.2748631888954572,0.2753257161660362
USDCAD,2026,0.25456064966733294,0.19211124611200756,0.18489776058922022,0.19495978167041939
EURJPY,2011,0.36452810029077476,0.322885236042844,0.33095761261032497,0.3397599905829077
EURJPY,2012,0.20304851235376037,0.1750977105736941,0.1582754204479546,0.18686116951680773
EURJPY,2013,0.3195660383076849,0.28232631947773823,0.2869636774154081,0.2921131767073494
EURJPY,2014,0.3897472719812682,0.3342782580624185,0.30479621576691,0.3447972954538847
EURJPY,2015,0.3046566399209581,0.2837050416702687,0.2735593938719699,0.28830431536141193
EURJPY,2016,0.8042413289524395,0.3953917518369716,0.4049352336659368,0.41158466149589745
EURJPY,2017,0.2434057565351199,0.190019409656148,0.18936621899991585,0.25858617416098273
EURJPY,2018,0.2967627024791505,0.26916498991493526,0.272827187273021,0.2764599343126054
EURJPY,2019,0.4227380260908005,0.37698608680146617,0.37426967474673684,0.3804914379231553
EURJPY,2020,0.30535053747430446,0.2658794488057164,0.26211620548233927,0.2766756610824887
EURJPY,2021,0.3158454445095015,0.25314465994806795,0.2554566662691488,0.26901262430437817
EURJPY,2022,0.3582743209434791,0.3593398588764352,0.33810513381095175,0.35304205835779334
EURJPY,2023,0.33535851503124026,0.2972459666746148,0.27300621435300065,0.3115606567983182
EURJPY,2024,0.44285477495866293,0.42116106139976656,0.4581415998288449,0.4537606315020183
EURJPY,2025,0.2736829621311068,0.19705484634227183,0.20147007173861842,0.21782396891226302
EURJPY,2026,0.23105635459341714,0.20721563767832432,0.22439628381261326,0.21385193975699865
GBPJPY,2011,0.39623030171189144,0.3847875196636532,0.38495016481654,0.39276961767765906
GBPJPY,2012,0.27678015918778376,0.25766562578371605,0.20275145175755332,0.264456835202933
GBPJPY,2013,0.32045644350198166,0.2754195136272845,0.25472524657993484,0.29834806379919876
GBPJPY,2014,0.42443937958461747,0.40427534661370157,0.32467971275534246,0.40157946358920577
GBPJPY,2015,0.27455419679418874,0.2670722351452609,0.24485377275746104,0.26706446490703195
GBPJPY,2016,0.7688219265064964,0.3925994261607243,0.3821361861493111,0.4215761816482673
GBPJPY,2017,0.30292525778343515,0.2681721089878407,0.2926204404877737,0.43582004939258245
GBPJPY,2018,0.3547731921972063,0.3202840866347569,0.3072786908111329,0.4087951899821202
GBPJPY,2019,0.3684732177835035,0.3524837989006477,0.3692761280364503,0.37040161758785906
GBPJPY,2020,0.2927819621431282,0.25932144798993184,0.28239660916451736,0.28017246653701305
GBPJPY,2021,0.3519506855546186,0.29909429118780934,0.31604543525922874,0.3206837560033893
GBPJPY,2022,0.37978930042283116,0.36918584322021825,0.3807556813610931,1.9827086677427836
GBPJPY,2023,0.321845195553341,0.2871187027339978,0.27574828151531006,0.29566964482710517
GBPJPY,2024,0.4192135463585802,0.4053674819640117,0.44447611485896077,0.46634647587246114
GBPJPY,2025,0.29840379174260484,0.24077783987279633,0.2624471673623375,0.2621063403313184
GBPJPY,2026,0.48580093509527317,0.4545804679783319,0.485755331839323,0.4724658170297445
XAUUSD,2011,0.238430404531021,0.24762841789624074,0.2530063900234232,0.23794639177067894
XAUUSD,2012,0.4033530107821372,0.39818324295356744,0.39303657410947,0.3984724961252222
XAUUSD,2013,0.4264845409194437,0.44243847052207247,0.4670686318252194,0.4274208645674727
XAUUSD,2014,0.3101851422494687,0.3402891225050752,0.3163833950474534,0.3200951879956354
XAUUSD,2015,0.35185031655550575,0.3555347669782044,0.3603793223804832,0.3497977195699813
XAUUSD,2016,0.4261555719944964,0.38475740847263473,0.39121965480920995,0.41963449953214954
XAUUSD,2017,0.2809982071196811,0.2677404053698412,0.24412603737617264,0.2641810270000392
XAUUSD,2018,0.254507147635635,0.25356200366416926,0.2310115897521573,0.24506262749573796
XAUUSD,2019,0.2802138661627141,0.268482108642957,0.2669189060537162,0.26540329853333405
XAUUSD,2020,0.3838208494640634,0.33023736904371437,0.32554969447246407,0.3681157047452664
XAUUSD,2021,0.3027003439641391,0.30678929351698536,0.2920602814439483,0.302144390224818
XAUUSD,2022,0.3226928329573293,0.30308868718684656,0.30979255429928054,0.30782085581587565
XAUUSD,2023,0.25636738780125395,0.2445029306479705,0.24549475755375355,0.24609398861281773
XAUUSD,2024,0.3083299303887004,0.27431176043832106,0.2601841011122937,0.2861200593456426
XAUUSD,2025,0.19664310939903643,0.1836845557150344,0.18923490823648983,0.18165706717620902
XAUUSD,2026,0.39828167199291886,0.3218783203912514,0.390029845582724,0.33452620374943715
XAGUSD,2011,0.4356416065495715,0.3289271048650728,0.348751805580783,0.320076831346521
XAGUSD,2012,0.508913733222034,0.32374134814873334,0.3194233492223486,0.3137218491094661
XAGUSD,2013,0.463317539124964,0.37006730143107547,0.39719254360913747,0.37446116517016326
XAGUSD,2014,0.49409266110745564,0.33936815807857457,0.3414418279577861,0.3325230909858509
XAGUSD,2015,0.38214655020722776,0.30770810513144303,0.3083009330350388,0.3143895461857375
XAGUSD,2016,0.39013663502196677,0.30333320658610635,0.2949903844658124,0.30198918908503314
XAGUSD,2017,0.5155201650110828,0.31679901260272336,0.3075048193376078,0.30918239194850483
XAGUSD,2018,0.4318222640713006,0.22336131326582614,0.21740707555801997,0.21460650485146318
XAGUSD,2019,0.42692724731970405,0.24307907740607074,0.2648093659847533,0.23974640694362662
XAGUSD,2020,0.41434270354478075,0.3849629953601053,0.38369549435712597,0.3768120614424768
XAGUSD,2021,0.2654764142678069,0.23976686856497112,0.2234781293377659,0.23725078931202104
XAGUSD,2022,0.22090272206909453,0.20793636517297676,0.1917819768028388,0.21990179762431536
XAGUSD,2023,0.3138459575113957,0.27849189805688096,0.269627487336386,0.29310443539185416
XAGUSD,2024,0.2696742955519663,0.22524918669559932,0.21209629952170647,0.23906193450770313
XAGUSD,2025,0.253353427671927,0.23118877370884233,0.26048909820672445,0.23580343287234282
XAGUSD,2026,0.5055769397194033,0.3702791660711134,0.3700700717369313,0.3840845966911039
WTI,2014,0.4502502059441449,0.33208338746533866,0.35995211900119606,0.3264950209786263
WTI,2015,0.34068508695065697,0.226326296158708,0.22926169156771686,0.24384842138827081
WTI,2016,0.2473975265682665,0.20626368230567313,0.21350766530228066,0.21732456737126135
WTI,2017,0.26865324628518567,0.2644920120407851,0.26932521513996877,0.2646697955580587
WTI,2018,0.2131450840782889,0.21515231162370277,0.20619600455634174,0.22007536659377425
WTI,2019,0.2512171396627633,0.23110725145289776,0.22680394509776122,0.235043863116892
WTI,2020,0.47679543854875855,0.4046316402956446,0.45877470405033016,0.4109992561091664
WTI,2021,0.3081392789877592,0.2701591298968654,0.24679797363314893,0.5256029668531094
WTI,2022,0.39675516415399914,0.2059525866638407,0.18194478566783898,0.5555872008221159
WTI,2023,0.2919293770473322,0.23019021024423414,0.2107485200590635,0.3456738554801367
WTI,2024,0.22086322286689664,0.2591262581774286,0.19104616785007691,0.38239331375344693
WTI,2025,0.34137887172906467,0.3263134904816177,0.27830102533940165,0.41455876986455586
WTI,2026,0.4595964486691822,0.39619015913892724,0.3608749376518783,0.6980323961756132
UKOIL,2014,0.47186569698652236,0.40739456538501434,0.4164983200707031,0.4120447970566913
UKOIL,2015,0.27467218921154235,0.2066826667119409,0.23523352129706046,0.20429824657858445
UKOIL,2016,0.2804369564023907,0.23802186325946345,0.23631504059472144,0.5947806357420331
UKOIL,2017,0.21515056873780325,0.21303170927626547,0.22250366211453979,0.2136269115849564
UKOIL,2018,0.21567444671119115,0.20239642803016464,0.1944564165123651,0.20654440369535895
UKOIL,2019,0.4695832072029049,0.4124510105026736,0.3888863178896985,0.45658853246642966
UKOIL,2020,0.4479785090665409,0.43327032161835033,0.6066878546774492,0.5287306437793552
UKOIL,2021,0.27063602837195516,0.24425919778650262,0.2414807257763665,0.2534440601643097
UKOIL,2022,0.27690419444094283,0.20665163154254793,0.2084955444136062,0.24171329883474518
UKOIL,2023,0.259488250266232,0.24585195762300918,0.24784211597691855,0.259011184263791
UKOIL,2024,0.19542869563948853,0.2058549956407044,0.18779708668424108,0.19352200119020674
UKOIL,2025,0.3259217129501563,0.3042800000205679,0.3278109159368578,0.31158680592628685
UKOIL,2026,0.6029765268431589,0.44686543273040297,0.6022669368308609,0.5011851788703952
US500,2015,0.3785028789839702,0.3431902774136341,0.33533202574089677,0.34180850002006735
US500,2016,0.49623223576212006,0.5639417762956135,0.4807841858304818,0.5059569858984947
US500,2017,0.5085847381714889,0.3860749987008256,0.5273934214253196,0.3832741430238159
US500,2018,0.37666198059847517,0.2818788312440646,0.3252835923014991,0.29933380014962346
US500,2019,0.3583286846056996,0.31309408770889974,0.2995052422946744,0.32907869680439256
US500,2020,0.4112097960283189,0.3009191584414075,0.3391925082634357,0.31190263251738604
US500,2021,0.4328878079150676,0.4089041200109036,0.2894148605618672,0.41981480377741803
US500,2022,0.45034849603760785,0.47581801472848495,0.3559311172908056,0.4785211956748255
US500,2023,0.3321473679056241,0.365151223381545,0.278468520595835,0.38853126367269286
US500,2024,0.43559996001590257,0.5144142908100758,0.3904088103106213,0.47526788597717556
US500,2025,0.5155439667183899,1.7644542263025502,0.4238298339522529,1.02023162002971
US500,2026,0.39606235953610786,0.3449294444154647,0.34372816499014885,0.357411842429639
USTECH,2015,0.4213296016011717,0.36176536334052645,0.40523025189047013,0.3704107669738831
USTECH,2016,0.47179663628131163,0.4863924695887732,0.4210312248689126,0.4776700381903585
USTECH,2017,0.43682352635507765,0.39006113200568404,0.42773251257274986,0.4062542068590716
USTECH,2018,0.3519697076328831,0.2822767163757845,0.28916561405923236,0.3058665081669613
USTECH,2019,0.33478688218094826,0.2890991445346166,0.27057905810702626,0.2967745381110849
USTECH,2020,0.36481852936574405,0.27457325268120725,0.3023347977117705,0.2787277487168488
USTECH,2021,0.4208353437337543,0.41151573191605884,0.28095290117942545,0.4131184566712945
USTECH,2022,0.4069010613850566,0.373460220356604,0.3773445443547562,0.3689833598864868
USTECH,2023,0.31503665004975007,0.27869799799090406,0.25597776633195063,0.2931809475053417
USTECH,2024,0.36155362649869155,0.379116024985237,0.33682646862749677,0.37992616392333134
USTECH,2025,0.5196088302865937,0.5229413474774707,0.41645401377562696,0.5234854441082536
USTECH,2026,0.3467524223767428,0.3131711840307823,0.31626993667631464,0.313765850289116
BTCUSD,2020,0.5919215074455204,0.6301805237924075,0.6265294104621986,0.5657107579273463
BTCUSD,2021,0.3735628564966992,0.2932597135324306,0.29795338316084563,0.33576195212688026
BTCUSD,2022,0.5071206177223235,0.4782260722852305,0.48382718482192677,0.47409321371715246
BTCUSD,2023,0.698000662597705,0.6657521980278875,0.6964910960096559,0.6367038870670781
BTCUSD,2024,0.40954152332859417,0.39357788327857646,0.41553705984002554,0.3844698826191068
BTCUSD,2025,0.47527125537801623,0.4500471030526031,0.4853206306828321,0.43708109192399464
BTCUSD,2026,0.36884813372022407,0.33135231634793044,0.3612168305224077,0.3305314396034602
