sym,period,group,n_days,mdd,cvar5,mean_bp,bh_mean_bp,bh_mdd,bh_cvar5,exposure,n_switches,net_minus_bh_bp,n_shifts,mdd_share_null_shallower,mdd_z,mdd_null_mean,mdd_null_p05_shallow,cvar_share_null_shallower,cvar_z,cvar_null_mean,mean_share_null_higher,mean_null_mean,mdd_shallow_5pct,cvar_shallow_5pct
EURUSD,前半,FX8,2095,-1357.1374082250645,-86.2993211063511,-0.348063489678103,-1.2650250492518769,-3414.3425111268643,-144.08448523785444,0.315035799522673,78,0.9169615595737739,1592,0.1099246231155779,1.2468495840534475,-2272.967124675152,-1161.1439344495327,0.0678391959798995,1.595054940716605,-100.02719643477879,0.41331658291457285,-0.4851952638368048,False,False
EURUSD,後半,FX8,2476,-1082.1282170148108,-67.88534491929691,0.4360445657373148,0.4321285609655258,-2538.9219666300014,-95.41582014416632,0.4034733441033926,58,0.0039160047717889945,1973,0.10593005575266093,1.3603653675432268,-1744.3212523511784,-912.1632469766046,0.15205271160669032,1.099395738077155,-73.63019019942558,0.12265585402939685,0.06593398394662012,False,False
EURUSD,全期間,FX8,4571,-1469.3950824247268,-76.23696601840511,0.0766688544935387,-0.34571804008576673,-4065.9023324185296,-122.77770993402368,0.36294027565084225,136,0.42238689457930545,2000,0.0625,1.2767055165901868,-2939.8272391803685,-1400.2054283636458,0.0005,2.207191835086005,-87.74078909566332,0.2495,-0.17892090432465568,False,True
GBPUSD,前半,FX8,2095,-1461.1604695742074,-63.10287133244347,-0.27449668078149886,-0.7635695485689059,-3312.596524759913,-144.35059820684708,0.2591885441527446,50,0.48907286778740705,1592,0.3574120603015075,0.4930219383078285,-1819.6356244272226,-736.089858535926,0.04334170854271357,2.2631745807508294,-88.50105974260958,0.457286432160804,-0.3185879960190182,False,True
GBPUSD,後半,FX8,2476,-941.2813411803743,-80.29849450004532,0.32135729023813353,0.43481511080369784,-2773.2927529496765,-121.10410392401683,0.43618739903069464,76,-0.1134578205655643,1973,0.024328433857070453,1.835538446043158,-2123.7758557905163,-1071.453286672406,0.036999493157627975,2.160970151837065,-92.60921825267353,0.2853522554485555,0.09315345720114909,True,True
GBPUSD,全期間,FX8,4571,-1461.1604695742074,-73.6998156899542,0.04826298499067577,-0.11443360094112938,-4333.6229651219155,-132.00163818186616,0.3550645373003719,126,0.16269658593180514,2000,0.0225,1.4752342703125432,-2954.3911328018985,-1567.4443045756043,0.0,2.6786655718705465,-91.73767995140814,0.333,-0.10910573441800162,True,True
AUDUSD,前半,FX8,2093,-2031.7434717848107,-118.30299035157836,0.11054136186375385,0.5788056146568912,-4483.14957570896,-178.55037067537853,0.378404204491161,60,-0.4682642527931373,1590,0.2710691823899371,0.7618124214314786,-2729.0200699871284,-1440.1061875332277,0.3169811320754717,0.6667548874609187,-126.25328985376319,0.3742138364779874,-0.09942234221137436,False,False
AUDUSD,後半,FX8,2476,-1753.846099058718,-82.1942112826649,0.14446129900906998,0.023914949898124052,-3366.6783443036065,-138.2930695417849,0.2875605815831987,65,0.12054634911094593,1973,0.2909275215408008,0.5966302551050858,-2109.3945229665715,-1185.902653703948,0.07045108971109985,1.5406203203563973,-91.78777034289011,0.2341611758743031,-0.14994864449717113,False,False
AUDUSD,全期間,FX8,4569,-2285.1698503612424,-100.37141487197394,0.12892301307229023,0.2781032102045584,-6083.853664384637,-158.2625636199166,0.32917487415189317,125,-0.14918019713226818,2000,0.155,1.0472216143951818,-3452.730300774795,-1817.744015672291,0.145,1.0754223753363943,-107.40930350315028,0.345,-0.029755201003508116,False,False
USDJPY,前半,FX8,2072,-908.6820296827523,-95.53219321566291,1.6206537199334718,1.4771321868176164,-2698.0914468194887,-140.50725954073866,0.37403474903474904,40,0.14352153311585547,1569,0.05098789037603569,1.6988538452406352,-2265.896426338761,-908.682029682752,0.32249840662842577,0.7162897669480716,-103.21151301839289,0.022307202039515615,0.2364056483726528,False,False
USDJPY,後半,FX8,2476,-1712.0533868856273,-105.21418720686309,0.2594454420743617,1.4814197414222556,-1574.198143672435,-129.41060750020867,0.5044426494345718,117,-1.221974299347894,1973,0.8185504308160162,-0.7377470443549302,-1465.1053258702905,-976.0013262047352,0.728839330968069,-0.6652211924372453,-100.04086649628782,0.7658388241256969,0.5846910869222811,False,False
USDJPY,全期間,FX8,4548,-2450.163955886095,-100.6816376683425,0.8795913417498402,1.4794663964044872,-2698.0914468194887,-134.91153251010945,0.4450307827616535,157,-0.599875054654647,2000,0.6625,-0.2712961251944975,-2285.600082904151,-1460.544378099555,0.393,0.249179713435981,-102.24222460206707,0.1875,0.5202640178717186,False,False
USDCHF,前半,FX8,2095,-2679.829031880442,-115.74898266552985,-0.9047116279176393,0.02679857007700469,-4787.257726680541,-161.3646148116295,0.315035799522673,83,-0.931510197994644,1592,0.5772613065326633,-0.17444118218894922,-2526.6122882020795,-1125.5343705965913,0.8536432160804021,-1.047694810779404,-103.66386730740071,0.8963567839195979,-0.1453939529467967,False,False
USDCHF,後半,FX8,2476,-2259.974353122185,-73.13076200705372,-0.8292336654918613,-0.81981730661729,-2725.262750694239,-106.86145366792483,0.3134087237479806,106,-0.009416358874571262,1973,0.8084135833755702,-0.8939215715259383,-1759.3348589939092,-956.1717291497419,0.5124176381145463,-0.01651040023985183,-73.05278971391115,0.9346173340091232,-0.3570540995632087,False,False
USDCHF,全期間,FX8,4571,-4685.965598156506,-93.222262336132,-0.8636120821951601,-0.43179274707352566,-4787.257726680541,-134.86970591402215,0.31415445197987313,189,-0.4318193351216344,2000,0.944,-1.7484820427640377,-2911.3825641610165,-1518.0595720918564,0.7825,-0.7965502937408494,-87.7446870699639,0.9575,-0.21120457159815714,False,False
USDCAD,前半,FX8,2095,-1958.8927981854263,-96.63606087486394,0.5108323555180513,0.691505328333836,-3035.790029967077,-123.85986964500717,0.4863961813842482,55,-0.18067297281578476,1592,0.44660804020100503,0.18097984976381776,-2097.6839493281072,-872.1195254749424,0.28203517587939697,0.503637541258937,-102.4532973762207,0.27889447236180903,0.07991962791168263,False,False
USDCAD,後半,FX8,2476,-1858.0724310916812,-79.77282287314654,-0.5127524529268773,0.31051501688180216,-1823.5416148107115,-91.83375024508783,0.45638126009693053,119,-0.8232674698086795,1973,0.8596046629498226,-1.0670544657288077,-1422.0303107364105,-820.8768682541204,0.9832742017232641,-2.1528960980231475,-73.05460728672897,0.9685757729346174,0.05780017135538747,False,False
USDCAD,全期間,FX8,4571,-2658.15065373811,-87.59162423367701,-0.04361874614671421,0.485132103403791,-3035.790029967077,-108.94385110223585,0.47013782542113325,174,-0.5287508495505052,2000,0.7565,-0.6512408663534253,-2237.9875680497858,-1358.0685979940163,0.516,-0.14527422878426233,-86.88901603099917,0.719,0.13786356185419718,False,False
EURJPY,前半,FX8,2095,-1347.3648304984206,-103.52805570812588,0.8777440971959778,0.13312346876819925,-3562.5045663124183,-185.63401882906035,0.27684964200477324,30,0.7446206284277785,1592,0.020100502512562814,1.8437459717579028,-2362.1535125495534,-1591.0093534936268,0.125,1.1265771271142846,-120.93838027857495,0.0414572864321608,-0.22919396850495166,True,False
EURJPY,後半,FX8,2411,-1129.222795737695,-99.20758674365474,1.1147626671367985,1.7934044502136302,-1719.312891283662,-118.01762130372438,0.575694732476151,57,-0.6786417830768317,1908,0.050314465408805034,1.084235859965045,-1418.6140827876773,-1129.5073968124939,0.710167714884696,-0.3824994288659649,-97.1425346425566,0.27935010482180295,0.891598493618158,False,False
EURJPY,全期間,FX8,4506,-1347.3648304984206,-101.179633146828,1.004564286305458,1.0214806472557567,-3562.5045663124183,-155.61799203499268,0.4367509986684421,87,-0.016916360950298692,2000,0.0,2.1032733168991875,-2891.647666129688,-1838.681651227328,0.0035,1.9554901218499159,-116.97762741486724,0.052,0.3346621886672089,True,True
GBPJPY,前半,FX8,2095,-1078.196704432763,-101.14740811576338,0.9769330746646921,0.6943719829761116,-4167.744916078531,-198.92300229384566,0.3861575178997613,50,0.28256109168858057,1592,0.02198492462311558,1.6988481980550145,-3291.8471161735406,-1508.4251099707337,0.015703517587939697,1.6602658117347049,-146.94343163168824,0.12814070351758794,-0.07290741014112961,True,True
GBPJPY,後半,FX8,2476,-1847.5511695789626,-114.042830181296,0.45177033982777093,1.804944750366695,-2040.9621832666362,-140.02163367202698,0.565831987075929,85,-1.3531744105389243,1973,0.5504308160162189,0.09617697583380935,-1887.982756443839,-1350.4283655879626,0.3715154586923467,0.4238130662845568,-115.8940760794444,0.8388241256969082,0.8932304480759855,False,False
GBPJPY,全期間,FX8,4571,-1847.551169578961,-108.19297662077875,0.6924651395397267,1.2959423553364455,-4167.744916078531,-170.1356180353697,0.48348282651498575,135,-0.6034772157967189,2000,0.0335,1.509152613067444,-3506.0267050871735,-2011.6746902455939,0.0,2.5454328978974736,-131.88621333928725,0.3095,0.4975262344789258,True,True
XAUUSD,前半,トレンド7,2002,-2986.748500148972,-197.33025162045035,2.5137941294194026,1.8609451255359306,-5286.367922768559,-247.51187205848265,0.49000999000999,47,0.652849003883472,1499,0.27084723148765844,0.7391625845690223,-3793.1138435551784,-1878.7812565882214,0.5910607071380921,-0.3623376508872124,-190.53427498100464,0.03602401601067378,0.23341299059497286,False,False
XAUUSD,後半,トレンド7,2464,-3142.7227653650643,-220.55839087992092,3.878351437819729,5.572836632809582,-2938.9996090029636,-233.6493080216974,0.6278409090909091,74,-1.6944851949898534,1961,0.9235084140744518,-1.1269146084060688,-2566.0354406356673,-1659.321775804559,0.9484956654767975,-1.4960454943832777,-192.55582765162313,0.21774604793472718,3.1306560493240623,False,False
XAUUSD,全期間,トレンド7,4466,-3142.7227653650507,-210.3878842724139,3.266653334054065,3.908885267480015,-5286.367922768559,-240.33625523396967,0.5660546350201523,121,-0.6422319334259501,2000,0.231,0.946707142998885,-4202.736586095033,-2373.237259062986,0.8995,-1.36870695106098,-192.59755240926341,0.028,1.9372552597280774,False,False
XAGUSD,前半,トレンド7,2089,-4822.0094441500705,-329.5242018770718,3.4807410680029642,3.601286677261542,-10353.141424115334,-459.7237137740158,0.36716132120631884,40,-0.12054560925857771,1586,0.31021437578814626,0.6022745764934192,-6108.825910086555,-2831.966907336741,0.7383354350567465,-0.8096269378152032,-303.8123886376893,0.058007566204287514,0.10025824826992762,False,False
XAGUSD,後半,トレンド7,2464,-4753.576311780675,-436.74828400599733,4.726423693427714,7.53430075961804,-5480.032484660682,-480.85033340446876,0.5109577922077922,82,-2.8078770661903256,1961,0.41203467618561956,0.24843000306413457,-5029.613519266527,-3352.4075414365625,0.972972972972973,-1.8139517845381237,-343.7527754234942,0.19632840387557368,2.8270412812451764,False,False
XAGUSD,全期間,トレンド7,4553,-6203.259366544104,-389.8571197881364,4.154881632256552,5.729761682516629,-10629.226689751571,-471.7767358058371,0.4449813309905557,122,-1.5748800502600773,2000,0.248,0.7903468865639486,-8184.395985719931,-4753.576311780675,0.9885,-1.8411516647010178,-332.5362348437392,0.032,1.89572811589756,False,False
WTI,前半,トレンド7,1071,-2921.9456107721107,-199.93804853813077,0.3214191562762882,-2.0916149315356063,-12495.994713968943,-449.32635382225993,0.2679738562091503,35,2.4130340878118943,568,0.02992957746478873,1.440818639434607,-6380.0576127912655,-3145.127163060472,0.0,3.2072723424491403,-330.6012882945493,0.31514084507042256,-1.9877606328712736,True,True
WTI,後半,トレンド7,2463,-5165.349297432339,-402.4419738544378,1.459397054562263,5.007630415186948,-14621.425019453438,-634.786472161768,0.3999187982135607,85,-3.5482333606246845,1960,0.13418367346938775,1.0597876720164836,-9495.935695342308,-4400.048913020583,0.3448979591836735,0.5063374594404609,-434.1035174953259,0.49081632653061225,1.443104388329801,False,False
WTI,全期間,トレンド7,3534,-5165.349297432338,-348.42232190045473,1.1161040147765484,2.856161324541827,-15552.094959853586,-580.0732058761574,0.3599320882852292,120,-1.7400573097652785,2000,0.074,1.2249871058074768,-10806.649976856648,-4869.563409358087,0.206,0.8294628425091753,-387.55851891881485,0.391,0.5786655220513125,False,False
UKOIL,前半,トレンド7,1243,-5228.151218076583,-189.50834646899912,-1.8889618554557772,-3.099063936825202,-13587.284667595924,-440.11163763030567,0.21238938053097345,65,1.2101020813694248,740,0.4486486486486487,0.18122213691641323,-5555.797416805223,-2634.385124707747,0.002702702702702703,2.1694236518323318,-262.3888506659805,0.5081081081081081,-1.7178405638586078,False,True
UKOIL,後半,トレンド7,2450,-3587.305135498719,-384.62081248360647,2.754003710446634,4.097836060312126,-12387.267849924105,-575.801090683789,0.40653061224489795,69,-1.343832349865492,1947,0.014381099126861838,1.4398243712899852,-8170.626279984996,-4206.236765376036,0.31124807395993837,0.38570524217264346,-402.81019451034194,0.19619928094504366,1.067131122733079,True,False
UKOIL,全期間,トレンド7,3693,-5786.644847351014,-329.8060644072103,1.192693540621695,1.675483854397775,-13587.284667595924,-531.2831914945759,0.3411860276198213,134,-0.48279031377608006,2000,0.169,1.039852627442054,-9664.785029021767,-4352.806744798128,0.339,0.45658671171356674,-348.6344535323509,0.271,0.08060896416399328,False,False
US500,前半,トレンド7,1030,-1460.4383610530895,-153.10783728567228,2.6421522074182433,4.461425697582741,-1422.1658568711186,-192.46461735721175,0.8135922330097087,32,-1.8192734901644978,527,0.7685009487666035,0.04538584958720498,-1466.9304955248963,-1286.9476540434996,0.0,15.543536515779392,-185.5289363056845,0.8785578747628083,3.2270562522275856,False,True
US500,後半,トレンド7,2463,-2443.1704538948975,-191.0723142641428,3.1735956670445256,5.526439625423026,-3796.6001784848745,-270.5554912781345,0.7840032480714576,64,-2.3528439583785006,1960,0.03775510204081633,1.9824214162931235,-3506.958759408975,-2525.709563785921,0.0,3.7081566595255393,-246.62829539970477,0.9469387755102041,4.167972716867468,True,True
US500,全期間,トレンド7,3493,-2443.1704538948998,-180.27149859309617,3.0175249632713843,5.212393147989447,-3796.600178484873,-249.2999088296212,0.792728313770398,96,-2.1948681847180627,2000,0.0305,2.069127679502908,-3517.8195518802067,-2525.70956378592,0.0,4.311105779101745,-228.4613850126837,0.966,4.009870696744798,True,True
USTECH,前半,トレンド7,1009,-1241.9428244375322,-193.73679920807558,4.798789490566465,6.161926528682465,-1740.0945056833034,-229.9521799647034,0.8572844400396432,20,-1.3631370381160002,506,0.0,7.992285223381215,-1744.3199367050727,-1698.7487140066628,0.0,11.844486906512582,-224.01406165005278,0.5237154150197628,4.849911765871317,True,True
USTECH,後半,トレンド7,2463,-2021.2797262895006,-257.74517082247974,7.086247144564429,8.423953280280173,-3966.833455963857,-334.332206313429,0.7974015428339424,40,-1.3377061357157443,1960,0.0,3.6102841114479727,-3845.3407148897886,-3071.309261373691,0.0,4.751271718354709,-310.949895306774,0.2280612244897959,6.460908094741652,True,True
USTECH,全期間,トレンド7,3472,-2021.2797262895,-240.46291856649358,6.422375670187561,7.766584330867131,-3966.8334559638406,-309.7723928001219,0.8148041474654378,60,-1.3442086606795698,2000,0.0,3.6993950017609922,-3844.4842193498826,-3071.3092613736917,0.0,5.022238068429547,-289.3527825385048,0.3675,6.179145903860913,True,True
BTCUSD,前半,トレンド7,0,,,,,,,,0,,0,,,,,,,,,,,
BTCUSD,後半,トレンド7,2913,-9685.452258192698,-558.9951607870765,6.313788756101143,11.581554513414314,-12251.988327846262,-785.9189858905523,0.48712667353244077,85,-5.267765757313171,2000,0.4135,0.3075479531053309,-10571.454089494795,-6438.542126183221,0.0925,1.3343438578714624,-599.3398000056818,0.309,4.3625798134930935,False,False
BTCUSD,全期間,トレンド7,2913,-9685.452258192698,-558.9951607870765,6.313788756101143,11.581554513414314,-12251.988327846262,-785.9189858905523,0.48712667353244077,85,-5.267765757313171,2000,0.409,0.31250960062666794,-10595.407680201643,-6404.863655349492,0.0925,1.337220310102479,-599.5281715687402,0.301,4.326827583882519,False,False
