sym,rule,year,n,pnl_d0,pnl_d1,pnl_d2,pnl_d3,pnl_d5
EURUSD,tsmom,2008,200,8.870332459262185,9.421090388131097,8.341602162804506,5.471815500869207,3.7195802825081357
EURUSD,tsmom,2009,261,0.9844755052253646,1.4940953752291144,0.2046772826093776,-2.1932157505339234,-5.4586859884223315
EURUSD,tsmom,2010,261,5.499555996757694,8.090312825711077,7.039982602163989,4.09254231646032,8.583076239278864
EURUSD,tsmom,2011,260,-4.771436654637698,2.0018082269910207,-1.4268629243909026,1.494675907941193,0.8745193619874302
EURUSD,tsmom,2012,261,-1.6123819870568947,-2.052973763102096,-0.3603618837809182,-1.8338219535242266,3.1700830361217855
EURUSD,tsmom,2013,261,-3.233943788519139,-2.108055092667182,-2.3729054591556946,-4.628910025104207,-6.4333619550822965
EURUSD,tsmom,2014,261,1.8827333970707025,1.9949046217391537,2.1489512175893553,3.0871830790291903,2.045379591019206
EURUSD,tsmom,2015,261,1.72832506972748,-1.6614814108157576,-2.201733689933619,-1.7346306541156813,3.1547007703552428
EURUSD,tsmom,2016,260,-1.3671002486412656,-2.933742834127808,-3.253917858069148,-1.2347584670264022,-0.150041827099689
EURUSD,tsmom,2017,260,-0.4263516420198125,-0.30369437255046616,-1.3792678483373777,-0.9268171738623197,-1.6303298160590491
EURUSD,tsmom,2018,261,-1.4362648289953241,-1.0353539074118454,1.4787090559385256,3.6163229552396077,-1.3855580868973334
EURUSD,tsmom,2019,261,-2.266865638162675,-0.16818939037321382,-1.7237404913845082,-0.8778206577595556,-3.2620983110558144
EURUSD,tsmom,2020,262,-1.9284260366313302,-3.2778648262670385,-2.6415191822388584,-1.5154517417868665,1.1899976908387477
EURUSD,tsmom,2021,260,-1.5852302258257878,-1.2944898280999575,-0.13318931238197274,0.3780383859373971,-0.6222058046544479
EURUSD,tsmom,2022,260,-0.5597370783403475,-1.3021610394479082,-2.4373465707045017,-2.4035898442929353,-1.7982017706505176
EURUSD,tsmom,2023,260,2.0551696538405797,1.847857028176633,2.733328357618926,1.9442185415226967,1.928744032119393
EURUSD,tsmom,2024,262,0.5020175565159639,1.6748684187808158,3.030934280980461,1.2371645836080756,-0.23500101677349342
EURUSD,tsmom,2025,261,1.813488861924079,1.542827732574953,0.008798040624271024,-0.5087307783822468,0.44311095195252354
EURUSD,tsmom,2026,129,-0.14830976777415614,-0.02191814565664868,-2.946200259671058,-2.9721819944695937,-2.608883375341017
EURUSD,donchian,2008,200,0.8838559706583848,1.4552797895717955,1.1684777523771168,2.0593129631306795,2.5681383226501895
EURUSD,donchian,2009,261,0.5749647078496275,-0.035600066331562326,-0.14184064944432087,0.32371678116524694,-1.821356164324404
EURUSD,donchian,2010,261,4.14493132829527,4.211264355800993,4.532144749032383,3.2824853774872844,3.4158585080816697
EURUSD,donchian,2011,260,-0.6710050309193294,-0.18417426914363091,-1.0830579215452198,-1.1505682326940179,0.9339704581976241
EURUSD,donchian,2012,261,-0.9338452603227546,-0.6390844267177779,-1.1650127094901224,-0.6900324425501281,-1.2192792606549732
EURUSD,donchian,2013,261,-2.697468276478598,-2.20880932450142,-3.186410533079975,-3.1042000310768043,-3.952139852719255
EURUSD,donchian,2014,261,3.3953210512274423,3.4792999290659465,3.5506695077396424,3.9580729669716557,4.242623108574585
EURUSD,donchian,2015,261,0.027174426758964573,-0.24672656064993717,1.2689712304594527,3.1480473822777606,4.545831754631819
EURUSD,donchian,2016,260,0.331989246391176,-0.40365317000020867,-0.4743505701718909,0.1942765427381381,0.004696962945675628
EURUSD,donchian,2017,260,0.956089828472909,0.03499085310246703,0.5285567143244302,0.9636576197684097,0.506738732838064
EURUSD,donchian,2018,261,0.9826481583167364,1.0620135370284256,1.442660706592606,1.4900944434468621,1.7924083464174987
EURUSD,donchian,2019,261,-1.7203804666703246,-1.1982046180992525,-1.8710515653597635,-1.7272773566360364,-0.7961428253335533
EURUSD,donchian,2020,262,-1.1240420015251293,-1.4954119179280492,-1.8341333878885497,-1.7991550415877604,-1.1940726176822922
EURUSD,donchian,2021,260,-1.069982593302759,-1.0644819447070901,-1.4039287637002869,-1.5823645587263848,-2.1134664711671993
EURUSD,donchian,2022,260,1.410217453140649,1.5442836227630798,2.0955543984055844,3.1131871012222647,3.6673180749696845
EURUSD,donchian,2023,260,-1.0552622190012473,-0.831008094302167,-0.373445416181218,-0.853514797131566,-0.9891334832909853
EURUSD,donchian,2024,262,-0.3027200973333818,0.36373906374948295,0.3245406718074197,0.25724562632982406,-0.05163329494386275
EURUSD,donchian,2025,261,0.4562380990524317,0.2493586125566659,-0.8708241054439408,-0.11654475515069121,0.11900225479367103
EURUSD,donchian,2026,129,-1.7064172333982164,-2.981691521349952,-4.82928875873511,-4.421643278224079,-4.8853172099555815
GBPUSD,tsmom,2008,200,1.5298879881457303,5.709308498436315,4.356386579740312,-2.6246897881569655,9.881490803727779
GBPUSD,tsmom,2009,261,-4.939335103365235,-1.9205726285519589,-0.2680460523323766,-5.857717386134266,-0.975759345700241
GBPUSD,tsmom,2010,261,3.3614566925510143,5.1154600955707386,2.5843373021272202,0.708548950192318,-0.6990243105806792
GBPUSD,tsmom,2011,260,-5.549892782967985,-6.001254076440336,-2.834946746497532,-0.5562176332568162,-3.3238368429243126
GBPUSD,tsmom,2012,261,-3.1689122072501226,-2.644884949444706,0.904732441233532,1.3233760500873382,0.18774478209938938
GBPUSD,tsmom,2013,261,-0.6582456393921168,-0.15959703524080182,2.213551668000018,1.905132866278564,-1.0813777223015686
GBPUSD,tsmom,2014,261,1.0335998835387163,0.8995281016697455,0.8340620177917281,-0.8485533093085172,0.9819259239836385
GBPUSD,tsmom,2015,261,1.2914546368438087,-2.0255667347936557,0.16912180684700343,-2.1946056440378756,0.7244818506817677
GBPUSD,tsmom,2016,260,-3.6162431268722703,-8.7684901034158,-11.04031697365338,-7.317995207107513,3.6948940154057763
GBPUSD,tsmom,2017,260,-1.010368492116907,0.15961699802031126,0.49739388513823407,1.395621826433959,-3.4074804402990946
GBPUSD,tsmom,2018,261,5.20921448052212,5.513826391081615,3.107406942721653,4.336900605571548,1.6662741573389128
GBPUSD,tsmom,2019,261,0.13394902232696548,-1.9458817922418172,0.7316318463615553,1.9584613450062656,3.3660545111632776
GBPUSD,tsmom,2020,262,-1.4549640355444564,0.09024871457454416,-5.4929492173617165,-4.998075152990146,-1.1724239149555173
GBPUSD,tsmom,2021,260,-1.9813014065133319,-0.9208924278867434,-1.2674621550934027,-1.874089611826337,-0.616794232685461
GBPUSD,tsmom,2022,260,1.8699053816219333,1.7202338346348445,1.4131156056610787,-0.27247781632540774,3.454029590838718
GBPUSD,tsmom,2023,260,1.8096145614087575,1.1690582413899746,2.7563880838958537,0.21996033354987285,-2.3067755068698994
GBPUSD,tsmom,2024,262,-0.9051346043344984,-0.9372160004337691,-0.7601251548991683,-1.523053078908774,-5.7696613678652975
GBPUSD,tsmom,2025,261,1.1096358111163633,0.6812639114326602,0.02848735373183723,0.722363581698008,1.6587683467675036
GBPUSD,tsmom,2026,129,-1.2105696921389397,-1.8229314457720907,-5.161988347172814,-6.751720833241143,-2.16943588148262
GBPUSD,donchian,2008,200,5.418745249151784,4.897708070424333,5.649579613607834,6.334501265362162,7.4344607673804095
GBPUSD,donchian,2009,261,-3.561571737384481,-3.4149900679954532,-1.919635801603145,-1.3906609586311793,1.1537649529218357
GBPUSD,donchian,2010,261,0.06989639191584086,1.0133876389799619,0.4257273526928702,-0.7160356950468968,-1.6493138004596397
GBPUSD,donchian,2011,260,-3.8658989077383508,-3.5959951749856303,-2.2934735113487053,-2.8176633430254965,-2.8200567118632973
GBPUSD,donchian,2012,261,-0.4676204784352383,-1.0645976167542628,-0.9180306110625425,-0.8516832424657772,-1.0294924491499153
GBPUSD,donchian,2013,261,-0.9707741587064574,0.007907307970282601,-0.6039562752221687,-0.5269366183408533,-1.26108946333256
GBPUSD,donchian,2014,261,1.8679481589468383,1.664262908800641,1.7428786519637092,1.6917454333088366,1.6873347322765335
GBPUSD,donchian,2015,261,1.3787350864927854,1.071348383159361,0.5822926090825667,0.3208403256750436,0.5115121975084739
GBPUSD,donchian,2016,260,-1.0286339539144036,-3.5136951574147317,-0.14568430486161174,0.8847253269476533,-0.30169444456889405
GBPUSD,donchian,2017,260,-2.5663768795722848,-1.6994417525428809,-2.9048574908889124,-1.9167853761120184,-1.5133281947274415
GBPUSD,donchian,2018,261,0.5424772611943909,0.2737915122711049,1.1650108973281266,1.1559822294093163,1.348289696232799
GBPUSD,donchian,2019,261,1.1040351504032704,0.9714124022520982,0.008719898407022315,0.2268798591158839,-0.2281521361588468
GBPUSD,donchian,2020,262,-0.7667476681727101,-2.6025582641577376,-2.239774718041637,-2.0337651343826293,-1.561283097830228
GBPUSD,donchian,2021,260,-0.5717457757083091,-1.331174036843982,-0.47892906213220765,-1.3393186920124327,-0.80109756878902
GBPUSD,donchian,2022,260,3.311890104631858,2.248933834558238,3.0055703886845766,2.7644911643212837,2.9639930814870183
GBPUSD,donchian,2023,260,-0.4472621080874273,-1.0282636879305598,-1.1477718556383296,-0.380053771784785,0.30645440171561344
GBPUSD,donchian,2024,262,-1.6008821385570773,-1.1647913450336538,-1.3306564830082712,-1.879346314254566,-3.380325874136927
GBPUSD,donchian,2025,261,-1.2759486091500971,-1.3875226672814571,-1.1243120607591595,-0.28152676188404935,0.11396931206878004
GBPUSD,donchian,2026,129,-2.1999071095597498,-2.653277840978776,-1.7859679284925623,-1.9274579228427098,0.10298067910516732
AUDUSD,tsmom,2008,199,17.79560863445282,18.9370416050104,14.796663037023606,19.2730261348645,15.651023860928104
AUDUSD,tsmom,2009,260,5.468436023599145,7.343893713513589,6.58016195176233,8.841013549965265,3.3277913559894334
AUDUSD,tsmom,2010,261,2.1847341491098193,-0.18775677360289508,-2.39854220740182,-5.3314264699483465,-4.468751727512282
AUDUSD,tsmom,2011,260,-6.412603936755144,-12.80818635053175,-7.896715826968258,-7.479863557202073,-8.402071991694307
AUDUSD,tsmom,2012,261,2.721415123268912,-0.48304866566796606,1.4988533667325497,2.2874788850023444,0.6277035872528774
AUDUSD,tsmom,2013,261,4.024710600256054,6.644971822642877,5.899723663149649,6.050804353461678,1.5491550756296704
AUDUSD,tsmom,2014,261,-0.45314687335635984,-2.053814207361988,1.490385025570631,0.3608083877957164,3.0465157962833174
AUDUSD,tsmom,2015,261,-2.9766126187964956,-1.787763573791518,-3.306198567274903,-5.683080075270797,-5.803703159565169
AUDUSD,tsmom,2016,260,2.4189575896552795,3.664740740972546,3.0775348779809755,3.9720316380763876,-0.8081282760343815
AUDUSD,tsmom,2017,260,-0.28184452437601915,0.6302893404086559,-0.13193248698605525,0.12027870918165036,-0.46513750665939624
AUDUSD,tsmom,2018,261,-0.9699177436620207,0.021232404567712245,-4.2330639250399145,-0.2910832083863445,-1.4434759926319913
AUDUSD,tsmom,2019,261,-3.9072447531778334,-3.9509601885180765,-3.8931549329407757,-2.772910300461018,-3.455900237078564
AUDUSD,tsmom,2020,262,8.045556219011422,6.531659738116499,5.235910663472986,4.1280906341137955,7.332404039721133
AUDUSD,tsmom,2021,260,-3.5329967337686594,-3.1909794265593994,-1.3473249962344493,-1.3738679341184106,-4.5880457800286525
AUDUSD,tsmom,2022,260,3.1021309428595845,0.8253392053511789,2.67914975548826,5.480536663365543,-2.4398109570383957
AUDUSD,tsmom,2023,260,-2.3422736377137396,-2.2790974205919583,0.1580459044290876,-0.12544689890946406,-3.0194947726178083
AUDUSD,tsmom,2024,262,-1.7098980376704662,-0.4114354442483593,0.29509182035111736,2.1411850113470265,-4.853934508670068
AUDUSD,tsmom,2025,261,-6.175083135723293,-4.610451449480475,-4.8427170463234015,-8.299177799647882,-4.591993266131266
AUDUSD,tsmom,2026,129,3.894390752976606,7.518128080549956,4.566641978722652,6.373675884355457,3.2556023778094483
AUDUSD,donchian,2008,199,12.380100234314733,13.18735589321726,13.561528489426335,11.039343044203141,9.212509762267441
AUDUSD,donchian,2009,260,2.076121173332398,2.749677663141173,4.075743456274816,3.877990814356732,1.7210605137792645
AUDUSD,donchian,2010,261,-0.7324047872503596,0.07992232476295051,-0.7827661935561661,-1.6756919278421882,-1.3841936108124648
AUDUSD,donchian,2011,260,-6.878509738313838,-6.996071758062493,-7.727570955025968,-6.401227385727959,-6.409577485689302
AUDUSD,donchian,2012,261,-0.21895980425267483,0.0067000528351081725,-0.39668091742095657,-0.9315196210676662,-1.7680610261844472
AUDUSD,donchian,2013,261,3.485539858089396,3.225995561149886,2.231777139825408,3.087948775827567,1.7986933769397988
AUDUSD,donchian,2014,261,2.31801330706693,2.426807694762843,2.9821783314787385,3.4424002409858248,4.3756439237847875
AUDUSD,donchian,2015,261,0.9168399640536458,-0.731644967065126,-0.8892379847942353,-0.44175504567968643,-0.7774019309829541
AUDUSD,donchian,2016,260,-1.3744209370273455,-2.493311089542033,-1.6787798741597135,-1.8217867969433712,-2.6153079058514064
AUDUSD,donchian,2017,260,-1.891776082509633,-2.0666419334183366,-2.3662798103660676,-1.2280176641679228,-0.8653176634175378
AUDUSD,donchian,2018,261,-0.6758554989281788,-0.6502646103174973,-0.9956268967953867,-0.6535308576421609,-0.5420342224809962
AUDUSD,donchian,2019,261,-3.2832237402673945,-2.905075712260115,-2.792358917657616,-1.892303126724,-2.0365133975662615
AUDUSD,donchian,2020,262,6.056425736988436,5.267818864090914,4.767033879422334,3.9526871192787767,3.666436877679301
AUDUSD,donchian,2021,260,-2.624379900773066,-3.5884124120210337,-2.270940878141202,-1.8205309254222208,-1.961191069509115
AUDUSD,donchian,2022,260,-1.1232079305019023,0.050811532703508314,-0.9831763870205704,-0.9595079991216358,-1.387256079088052
AUDUSD,donchian,2023,260,-1.1267234646894673,-1.610000054788132,-0.9127597334283997,-0.520390445428915,0.2760270728467967
AUDUSD,donchian,2024,262,-3.7154866275238083,-4.904654292497982,-5.141071133839553,-3.87597106776104,-3.8770672755711737
AUDUSD,donchian,2025,261,-4.575566402449753,-3.956800205671793,-4.305926166538895,-3.8503285758157078,-2.3202446642641394
AUDUSD,donchian,2026,129,2.799912070609858,4.253910803675586,4.626523142363582,3.368540964416447,4.138716076204935
USDJPY,tsmom,2008,177,7.876374455688884,6.492925258677237,8.27153519605347,5.967355528920254,5.7234323714872835
USDJPY,tsmom,2009,261,0.13960625413292152,-2.636627694320199,-0.2555651677898527,-3.635409535752924,-4.808306803966476
USDJPY,tsmom,2010,261,-1.5709738936504416,-1.825781491581322,-1.5149781147291885,-0.6355534236803643,-0.5028325609566673
USDJPY,tsmom,2011,260,-5.165612968874307,-8.698747875515394,-8.255241959629075,-6.983495487937384,-8.13816986139392
USDJPY,tsmom,2012,261,4.049732659461771,5.322629486498436,3.093905090687152,4.788084290038814,5.564810872824151
USDJPY,tsmom,2013,261,-4.1428159700835065,-0.022278749893835853,-0.3662260780618027,-0.270409073288918,2.416931067452213
USDJPY,tsmom,2014,261,2.127207993489762,1.359136739022528,-1.1583639185988404,-2.68200628100023,-1.8887236938091565
USDJPY,tsmom,2015,261,1.232479907410721,-0.8569509098696357,0.11032867346059036,-0.010317625614880031,-1.7583742337445254
USDJPY,tsmom,2016,260,3.6764243892650885,0.7221907537539887,-2.282675598876191,-1.5814469576196222,3.8593986372125024
USDJPY,tsmom,2017,260,-1.2208678686959407,-0.8395085921309217,-3.7627267489687144,-3.1725066955262737,-6.170236667709918
USDJPY,tsmom,2018,261,0.3213271202203437,3.5094574473036593,3.528878303516504,3.7520741046708914,2.626665703864065
USDJPY,tsmom,2019,261,-1.4208819525387741,-0.4584357737829197,-1.9353781606176583,-3.0627539766826897,-2.2587592970681016
USDJPY,tsmom,2020,262,-4.091882920559002,-4.748287556929494,-4.605156802856094,-4.32069321253632,-6.2455960441258975
USDJPY,tsmom,2021,260,-1.3590769951560009,-0.5137306367844784,0.9955273154669052,0.10231704631589676,0.5539153267482754
USDJPY,tsmom,2022,260,8.305667084392935,7.691596900003017,4.106669850946906,1.4503495007411569,2.2334791053701593
USDJPY,tsmom,2023,260,2.835747258426936,4.184396885794903,1.5936719996477444,1.8654346640187969,-0.17894710153151266
USDJPY,tsmom,2024,262,-1.6948001952102918,0.6877067872330904,0.5650351979257081,3.3372242605284783,-2.2799178505881135
USDJPY,tsmom,2025,261,-0.5647151290480112,-2.3244915411017644,-3.9140060973131328,-3.1592805355900304,2.002835291211757
USDJPY,tsmom,2026,129,0.21898673410991754,-1.5230183210966066,-2.218042915945054,-1.7044517150445584,-3.687137054727267
USDJPY,donchian,2008,177,6.92739793198717,8.338053563375182,7.938267432099455,7.9852997762236,7.82657086248763
USDJPY,donchian,2009,261,-4.401662076158007,-4.8414093959253774,-2.527529714644274,-1.793355805945681,-0.1930168862366719
USDJPY,donchian,2010,261,-1.9599166005913418,-2.973201541655653,-2.353511615831061,-2.6126156596837284,-3.1657377532446245
USDJPY,donchian,2011,260,-3.7927558610462193,-4.994598634109053,-5.553820351327727,-4.657130989423997,-3.6772942567272877
USDJPY,donchian,2012,261,2.6524502173116704,2.5628617422780833,2.2384383823696115,1.620424973350083,2.1239559086978708
USDJPY,donchian,2013,261,4.290853282273007,3.745055026357863,4.17454008284571,4.396220635318819,5.381909916475131
USDJPY,donchian,2014,261,0.8897425996635365,1.5141663178625735,1.6569534917604096,1.4490045249817425,2.042911862497313
USDJPY,donchian,2015,261,-1.338183153560204,-1.5733704909801716,-1.2700678990792176,-1.1099539803275371,-1.050255324500384
USDJPY,donchian,2016,260,5.194437540767658,4.770306074073541,3.840139532156815,3.6737785002301155,5.264980267524115
USDJPY,donchian,2017,260,-1.4442240426624018,-1.2548597465099511,-1.918073442119967,-2.485499022696646,-3.0912239982739758
USDJPY,donchian,2018,261,0.8575305819056259,0.5023205089736779,0.09543424655153011,0.39688950606693996,-0.29407083512084203
USDJPY,donchian,2019,261,-0.5343524382258729,-0.9741315717579158,-1.0148833413703016,-0.8150169054844845,-1.524592952852886
USDJPY,donchian,2020,262,-1.0023979323348842,-0.3844296776019298,-1.5283380308002024,-1.0967531296763011,-1.6347426888797028
USDJPY,donchian,2021,260,0.6911763751139675,1.1199036921879066,0.9535542802929416,1.0465051740737747,1.184513077138984
USDJPY,donchian,2022,260,7.062968441860335,6.378608255719264,3.9608908926835005,3.705889696467813,2.596250237668575
USDJPY,donchian,2023,260,1.0382494665056532,1.8262536280589372,2.687615441917083,2.7112552674961825,2.3058691504356386
USDJPY,donchian,2024,262,1.5502438855478566,1.8920542378100558,0.451928552694338,0.512803398531991,-2.1018025842637753
USDJPY,donchian,2025,261,-0.8534899093268751,0.16790326320888624,-0.15389781339570338,-0.19607955972996502,0.8208898052232967
USDJPY,donchian,2026,129,-2.883796504734928,-3.6037049195623934,-3.86262923914999,-2.771663920446614,-1.3247461508158245
USDCHF,tsmom,2008,200,5.489259086590933,3.133441497653682,0.31348873195780075,1.6314183368838207,-7.0735326998965915
USDCHF,tsmom,2009,261,-5.951880837877258,1.5337934299390945,-2.5535349725230017,-7.281750097009654,-1.8615963108662057
USDCHF,tsmom,2010,261,4.618942576524382,4.270407343847234,4.232250649638635,1.692268320545313,4.902035293657129
USDCHF,tsmom,2011,260,3.5683472666731304,2.090191699596814,1.715546960605118,2.769757392090966,4.7947617087685295
USDCHF,tsmom,2012,261,-1.453063474146773,-2.1117875007584734,0.38315753772527567,-0.2845165701737744,2.8094906801551813
USDCHF,tsmom,2013,261,-3.4512633763316125,-3.191972531910039,-5.727381935992921,-7.2000466782838375,-11.18819652396764
USDCHF,tsmom,2014,261,1.1514377930609228,2.3334092594355655,3.596391720767537,2.2877920124435582,2.0391465760101783
USDCHF,tsmom,2015,261,-8.66679181670702,-11.247724267609588,-8.50677317401413,-9.242621795969487,-8.139595249079756
USDCHF,tsmom,2016,260,-1.2871862123930127,-3.914168779237459,-7.79409674217514,-7.797795802921302,-4.591889284706014
USDCHF,tsmom,2017,260,-2.4521643246226037,-5.112541558983158,-2.7616068044702535,-2.2755665580803304,-2.0656986225717544
USDCHF,tsmom,2018,261,3.162339874343127,3.0808365393374633,3.4780711847364487,4.580433965786774,3.6762817992986796
USDCHF,tsmom,2019,261,0.43300852099304493,-0.3874284918390055,-1.0725740095072291,-0.5573186580801227,-2.0375745449778555
USDCHF,tsmom,2020,262,-1.401632996543341,-2.4612569834297044,-4.05339153134592,-2.8996365108855104,-1.1700209312149792
USDCHF,tsmom,2021,260,2.784952194638503,-0.3541589486877412,1.9239866642168169,-0.621850237878917,-1.7854553532472832
USDCHF,tsmom,2022,260,-4.952343348953755,-5.5867353516265625,-1.3828907460403614,-2.065049423452891,-2.0219407392470834
USDCHF,tsmom,2023,260,0.6572052953253682,-0.7337522366570226,3.2623114266420483,6.347667380171683,3.1125241632466363
USDCHF,tsmom,2024,262,0.22645910520429238,3.302929673632456,2.2690531232501576,2.1032682973732353,1.6156958954729543
USDCHF,tsmom,2025,261,2.2450623805609267,0.039096648149677504,-0.8661853374318348,0.6991518612350692,2.2231341348123945
USDCHF,tsmom,2026,129,-1.8458041264922624,0.8348521534610205,-3.3618485247983165,-2.1412079846915137,-4.793993989705308
USDCHF,donchian,2008,200,1.4858286226756616,2.4636672131847264,3.384931969189541,0.3887327667860734,-2.6551271543142474
USDCHF,donchian,2009,261,-2.807534693439319,-2.1904796465403518,-2.1629857297834407,-2.3354751792293316,-0.179366465175148
USDCHF,donchian,2010,261,4.387767866921263,3.333417967706371,2.7031671785954288,3.068208449001551,2.8843858506428437
USDCHF,donchian,2011,260,5.077527024442913,4.80921118553648,4.202947271888338,5.016144489907664,4.629983845471879
USDCHF,donchian,2012,261,-1.9627981192331976,-1.6891560213239964,-2.050564549924945,-2.162528976557006,-1.3751750224273636
USDCHF,donchian,2013,261,-5.732781271536047,-5.099570132724433,-6.313855333958312,-7.236597248534133,-6.874921937589733
USDCHF,donchian,2014,261,2.8862522205075893,2.634437782703411,3.0533341801274836,2.900240869313709,2.938858394015229
USDCHF,donchian,2015,261,-9.236581441083349,-9.691878047601483,-7.797715217573291,-8.269792598099617,-8.429886349453177
USDCHF,donchian,2016,260,-2.2122597762534753,-1.9464879981205385,-2.3455427772092836,-1.5812300154348085,0.670157794287716
USDCHF,donchian,2017,260,-2.0015676464850904,-1.2961917924502668,-0.5213500452778976,-0.3900098630406619,-0.23951096425830973
USDCHF,donchian,2018,261,2.3451611042379636,2.235351142164152,2.3983715522928377,1.5842896846396208,0.6976143589596367
USDCHF,donchian,2019,261,-1.6541624539722313,-1.6468996788342904,-1.261553811409937,-0.31645754535343423,-0.7399053484361475
USDCHF,donchian,2020,262,-0.9354241299548421,0.03423829116992847,0.7599544029766269,0.4348456004128932,1.0135186915128447
USDCHF,donchian,2021,260,-2.541705075340603,-2.40764676748233,-2.5764774137273045,-2.4353007876230044,-3.3203522239308976
USDCHF,donchian,2022,260,0.40058127129095783,0.7522343428746707,0.6397433370788987,0.7340561786901354,2.096200981931704
USDCHF,donchian,2023,260,0.10496534027353338,-0.7028084072799207,-0.1728159513590146,-0.1993641975329382,-1.3138961602665193
USDCHF,donchian,2024,262,1.5993622679944834,2.6183546195248955,3.1462185046301236,2.515827873720686,2.831759118873159
USDCHF,donchian,2025,261,0.9815750105735134,0.9612080415461203,0.4012178400654917,0.43895863859102524,1.382270518321765
USDCHF,donchian,2026,129,-0.09434994372600225,0.2486394097853569,-1.1965036635644668,-0.5252481162891574,-0.7914771872194827
USDCAD,tsmom,2008,200,3.336039373643828,1.7746294482604879,2.4870423517404294,2.334498411357398,-4.551029876814891
USDCAD,tsmom,2009,261,-1.0670066590826752,-1.6627512694355702,-2.273436562528651,-2.079196518256891,-5.0723901547531565
USDCAD,tsmom,2010,261,-4.7990907154969795,0.6805646804941791,-3.7882306417954426,-7.123101740375799,-2.2295236546104933
USDCAD,tsmom,2011,260,-5.23412713616621,-5.8803504293152695,-3.8582744660591,-0.7605140974720926,2.7158051837722152
USDCAD,tsmom,2012,261,-1.539941412848206,2.604034443082113,2.7738854518344556,-0.3376042957361224,0.16958387331455785
USDCAD,tsmom,2013,261,-4.0930456953528465,-2.886699019039222,-5.816245945193742,-6.346087498177735,-4.36291859930231
USDCAD,tsmom,2014,261,0.5524959267292764,1.8245820197860625,3.631510550894154,1.1258718506454273,2.539526310394251
USDCAD,tsmom,2015,261,4.997032616717288,5.009011948140694,6.529351141679817,3.685184833555534,3.34200621590541
USDCAD,tsmom,2016,260,-0.6944989794630109,-1.694696125903479,-1.9906449894861304,-2.67600869612502,0.48717603266503906
USDCAD,tsmom,2017,260,-0.5865356062120098,0.788270933229814,0.5057493983178989,-0.21964774845842563,-0.3643894481266187
USDCAD,tsmom,2018,261,2.570822684195676,-0.6802207455969074,0.18355740073670648,0.7534887967824251,2.7040862425114573
USDCAD,tsmom,2019,261,-0.5835509603029604,-1.7107114813228936,-1.1821104209384514,-2.604792712809219,-2.1185444483284877
USDCAD,tsmom,2020,262,1.162685765927485,-0.13066524517767003,2.910285764268932,4.925701894368301,4.037634896763216
USDCAD,tsmom,2021,260,-0.8079893111305473,-1.7334555762673058,0.047916104106261494,0.110209527543334,0.04547719090341087
USDCAD,tsmom,2022,260,-2.492114549169413,-3.492687626755063,-4.193505947999791,-0.21582886073415705,-3.850221670290458
USDCAD,tsmom,2023,260,-2.8111539377481827,0.8306432656537978,-2.1421983190305607,-1.1606904671970295,1.289858913908988
USDCAD,tsmom,2024,262,-0.7420012499775083,0.047123166996746006,0.6589859423701212,0.10515336449413783,-0.5450955310970779
USDCAD,tsmom,2025,261,-2.309025169944733,-0.6106218644493734,0.931676603855194,-1.241718513988864,-0.3325781427817462
USDCAD,tsmom,2026,129,0.17930061723306326,0.13606706251587422,-3.3965912717800792,0.23802240165871863,-1.4095582680220375
USDCAD,donchian,2008,200,3.0455660092761865,2.4062447982699346,2.1859000912255464,1.8017035583370715,-0.1435773070764543
USDCAD,donchian,2009,261,-0.2764797690879066,0.008079642192761664,0.592820392428878,1.8998916294079722,1.442299765455322
USDCAD,donchian,2010,261,-4.689401112715062,-4.546952091638088,-3.956083704293118,-5.1304201673342185,-3.239207203695945
USDCAD,donchian,2011,260,-2.5491622072585844,-1.5514289516760296,-1.356252395617936,-0.7636962191440869,-1.0430127465948755
USDCAD,donchian,2012,261,0.013530390979628043,0.31464164646372506,-0.012242012842839368,-0.25604745081261454,-0.9765737390528675
USDCAD,donchian,2013,261,-2.343846258399887,-2.392361587092096,-2.4421940386510452,-2.341818934149374,-1.3014226834175886
USDCAD,donchian,2014,261,1.966891049552136,1.885146018848461,2.037341211402091,2.030499527770985,2.902573960884128
USDCAD,donchian,2015,261,4.3278821570193236,3.626736392995012,3.561644728904986,3.477913079772729,2.9030922180495877
USDCAD,donchian,2016,260,0.6406108366968329,0.7119321028776932,1.579553845325935,0.92219511035635,1.1447790849884105
USDCAD,donchian,2017,260,-0.8267417953329403,-0.5427686039630493,-1.3646938020900554,-1.0848470231768632,-0.9353470063240842
USDCAD,donchian,2018,261,-1.1309723467441033,-1.9623478291772005,-1.5254754425451273,-1.1239703969781418,-0.5171896962291738
USDCAD,donchian,2019,261,-1.7191449972933357,-2.0050960516864853,-2.660808964401674,-2.6283764673111207,-1.802034253598233
USDCAD,donchian,2020,262,3.2147067435575947,3.2951967312904817,3.933771110729612,3.458169309666489,3.241705876986612
USDCAD,donchian,2021,260,0.5181837273499293,0.4397256160543372,0.1817918830881967,-0.13678414543475587,-0.9479917326253907
USDCAD,donchian,2022,260,-0.8172449672742034,-0.8363872273670367,-1.492335526170658,-0.8364265188523803,-2.1640194201402507
USDCAD,donchian,2023,260,-1.9182905441263638,-1.7760465592398558,-1.7727764054248936,-1.9481234914873813,-2.036775091848227
USDCAD,donchian,2024,262,0.4024176317166894,0.11198811179580613,-0.5008335790167951,-0.9185266377256041,-0.6927870971392989
USDCAD,donchian,2025,261,-0.98706996235191,0.44959404847513584,1.04433102781443,1.1837861806543457,-0.14082073205163498
USDCAD,donchian,2026,129,-1.3872287687182558,-1.482840392868224,-2.092537014256708,-1.7179328506839424,-1.430679627658914
EURJPY,tsmom,2008,200,16.319848870825982,8.287513142395513,9.439367087514619,9.437435612085666,12.949838723619255
EURJPY,tsmom,2009,261,-3.888791391449931,-0.9577019030369018,-8.390726010028038,-3.1185049140366017,-6.4509120490757
EURJPY,tsmom,2010,261,1.883022259914272,3.9880057984213995,3.2911952031805822,0.8292885810421545,-2.965077337298155
EURJPY,tsmom,2011,260,1.9898612282097063,3.410852080209753,3.3790106455672717,0.5574985337141676,3.8507000578376767
EURJPY,tsmom,2012,261,4.7901750749627015,4.492645134308128,3.492633008564438,3.946916798423893,6.5361228580857285
EURJPY,tsmom,2013,261,0.24733338711688785,-3.456286121936178,-1.4228331196376727,3.4082452646072983,0.7295116213917274
EURJPY,tsmom,2014,261,1.0468786636333967,0.7791879538421268,-0.7670292541514209,0.60770306666747,0.1040783561068864
EURJPY,tsmom,2015,261,0.49196848828420564,-0.658929437056187,-0.06687765733358396,-0.9522709165755388,-0.7064051350309967
EURJPY,tsmom,2016,260,-0.0883442657096002,-2.5147097319104765,-4.394661333892529,-2.3359875412942275,0.25384875402140605
EURJPY,tsmom,2017,260,-1.7303618703769876,-0.4793145088857411,-5.19291036976152,-1.7617697431055832,-5.103295124387908
EURJPY,tsmom,2018,261,-3.324173351163835,-0.8890463256509187,-0.20348521675593148,1.0227427094454753,-2.0905812755559188
EURJPY,tsmom,2019,261,-1.4355987717079544,-2.774302007826074,-3.373446845788775,-1.388052270756364,-0.911212928717862
EURJPY,tsmom,2020,262,-2.837890341350497,-2.5456965186461167,-1.7051619012385884,-2.9324097430513723,2.3000795787435018
EURJPY,tsmom,2021,260,1.5328945589447422,-0.9930300968126092,-0.6261738670669392,0.7264633110799685,-1.4607296618785275
EURJPY,tsmom,2022,260,-1.8515232701357358,-3.3209607799181677,-5.57312802775528,-6.320472562867835,-11.591446940007291
EURJPY,tsmom,2023,260,-0.44904050411064617,2.7307143308697097,-0.23287559946246553,-0.8349231711486299,-1.8594279016316457
EURJPY,tsmom,2024,262,-0.3707804039980052,-1.269124903862836,-2.228229942143959,-0.7665711802596386,-3.412590057126819
EURJPY,tsmom,2025,261,1.193106318190943,2.3909917405431487,2.63640872201056,4.319196987167588,5.344671198818221
EURJPY,tsmom,2026,64,-5.336742200509935,-11.193419223403597,-5.586666747135329,-8.58659118278218,-2.017475377907564
EURJPY,donchian,2008,200,10.260388408613224,9.525158922641094,11.18589329505282,11.288885423555467,10.236486949491452
EURJPY,donchian,2009,261,-8.25809637221495,-6.547043209784493,-7.310847405560069,-7.533453590975582,-6.692214113116603
EURJPY,donchian,2010,261,0.6670340985161555,0.7252483973647401,-0.7246024869988084,0.34757064977581736,-0.8770936396860776
EURJPY,donchian,2011,260,0.5962745638999283,1.3235385897458565,2.507409917578998,2.693851043544685,1.2773331953935128
EURJPY,donchian,2012,261,3.811707813291414,2.969615594834414,2.577846044978789,2.1310077899652153,3.123291317464537
EURJPY,donchian,2013,261,3.080877450621534,3.8221367385249554,3.6899585928360352,4.440313697197579,5.1374829565512945
EURJPY,donchian,2014,261,-1.8141836389394213,-1.534803718454407,-1.9484855605258766,-2.620672061777523,-2.486149522921446
EURJPY,donchian,2015,261,0.8987370692162561,0.5124454631683357,0.971111810408271,1.6759282914625449,0.41806520568534283
EURJPY,donchian,2016,260,3.8679941510025744,3.587053665262298,3.549755154784415,3.0492466914056204,3.310208716022098
EURJPY,donchian,2017,260,-1.248809269975053,-0.8887948418787966,-1.4631878221666508,-1.092802000363373,-1.9534084629102142
EURJPY,donchian,2018,261,-3.351772020515039,-2.5215683536329445,-2.940218336042958,-3.612955837786389,-3.2909774049720886
EURJPY,donchian,2019,261,1.2907728798540508,1.1117738486946558,0.5599985894409852,0.9590926580642444,0.9868375724241935
EURJPY,donchian,2020,262,-1.1933854371099484,-0.6852203416479709,-1.2798115020032308,-1.634464242994981,-0.8351183901611421
EURJPY,donchian,2021,260,-0.7439203993860947,-0.9430719654099512,-0.7966471671175974,-0.8412076661579966,-0.7773213466932195
EURJPY,donchian,2022,260,-4.459397586322696,-4.7056865144177085,-4.672217501604706,-3.9315544456985227,-5.369341505932479
EURJPY,donchian,2023,260,0.6271473807990131,2.2883291578716762,2.7195161184840337,2.369208788407549,1.2590356490311971
EURJPY,donchian,2024,262,-0.17439118112584714,-0.8806363705522564,-0.35973303188088485,-0.8171952881392983,-3.052736589495343
EURJPY,donchian,2025,261,2.5572809056126937,3.2660844397521496,4.1151742684902235,4.754377095145079,3.782437282044742
EURJPY,donchian,2026,64,-1.6747000774700531,-2.2362008189340927,-2.3930229694657914,-1.698689866669158,-1.3625353023526934
GBPJPY,tsmom,2008,200,20.495122076970034,16.328606129430725,15.186353792122315,14.980910886338204,18.84065626473285
GBPJPY,tsmom,2009,261,-2.6149157115863706,-6.1659848960277115,-3.9468322655410017,-3.4672257837118354,-3.28839523487142
GBPJPY,tsmom,2010,261,-2.4323795238921906,-2.3313251784632136,-2.4590648992174846,0.9047930396923667,-6.004327339488591
GBPJPY,tsmom,2011,260,0.5682618294930644,0.39257759668283343,-2.7746540890937545,-5.476366358454943,-8.391298860441857
GBPJPY,tsmom,2012,261,2.1068060198150698,5.439288991459564,2.723596000791183,3.7664037906741656,6.420085649336422
GBPJPY,tsmom,2013,261,-1.6101830826786514,-0.2967171320900487,4.742533224364091,5.7850902943161255,5.834039461938231
GBPJPY,tsmom,2014,261,-2.2701938866659312,-5.864807484148438,-4.626344689200227,-5.1025429678224645,-3.407777712464857
GBPJPY,tsmom,2015,261,6.1460734500605865,2.341660013295828,1.9630258810693773,0.02600575183755191,-1.3762951143644178
GBPJPY,tsmom,2016,260,6.356373918908801,5.393699265621317,7.976339449687608,3.3473633032743946,3.024631276019915
GBPJPY,tsmom,2017,260,0.9630046613787153,0.7576616302687929,-2.301645862630393,-0.557662510090809,-5.9165551974071215
GBPJPY,tsmom,2018,261,-1.9909407946954103,0.8804830580393677,1.541669774632744,-2.77479113917524,-3.9572915806595392
GBPJPY,tsmom,2019,261,4.673768970838737,2.4257560060434833,2.828799215447529,4.05554236665609,1.5196854291302795
GBPJPY,tsmom,2020,262,-6.81227092941951,-7.822500495655841,-7.675447331669939,-7.1075096913845,-1.9837566108303681
GBPJPY,tsmom,2021,260,0.09960864546277653,-3.1563253761703445,-1.375020159366389,0.44445437000083005,2.0287556940501417
GBPJPY,tsmom,2022,260,-3.6375425881744534,-7.835931896578164,-12.724557642984252,-16.191112004939146,-16.573735977839334
GBPJPY,tsmom,2023,260,3.2138084006067578,1.8663535882509104,2.5114241670783843,1.6476968676693293,1.2022626690225204
GBPJPY,tsmom,2024,262,1.1582431519930199,-0.1547573017092727,-1.5686670440987127,-2.1473754934681124,-1.421537354984324
GBPJPY,tsmom,2025,261,-2.4888939062852518,-4.602056960531465,-3.406660134811911,-1.023266641483623,-0.5002125156900846
GBPJPY,tsmom,2026,129,-7.1419343723937,-5.619444755529623,-4.254442572451215,-5.390248509086115,-6.69488226488577
GBPJPY,donchian,2008,200,19.14528316878991,18.559725124049105,20.504060823473974,20.29317972713393,19.539958076072903
GBPJPY,donchian,2009,261,-5.630250206276254,-5.664917480082206,-5.517846685766005,-3.4063187268833572,-3.461815930879393
GBPJPY,donchian,2010,261,-7.013032424269265,-7.553329859143797,-6.5415217934995,-6.109578058033204,-7.925147032606813
GBPJPY,donchian,2011,260,0.010490844150466326,0.4157869879165258,-1.601824242287027,-3.0079744045193912,-1.639708254745053
GBPJPY,donchian,2012,261,3.1422579494266034,4.093196416272713,5.670347170579266,4.953239918972928,5.226860586972249
GBPJPY,donchian,2013,261,4.609481263102339,3.8496108377571163,3.8939376684377263,4.347662134095734,3.951181059178349
GBPJPY,donchian,2014,261,-3.703769171394164,-4.972459198788393,-3.716435550196474,-5.126201758570082,-5.8558875500156855
GBPJPY,donchian,2015,261,-1.2777943550258264,-2.379321493033319,-3.0719299438647525,-2.966074765694721,-1.0256375774058366
GBPJPY,donchian,2016,260,9.02229341388597,9.30850777099585,9.329795166216284,8.54729078024967,8.864023617067726
GBPJPY,donchian,2017,260,-1.2205265288692726,-1.001408403391805,-1.3772089400434713,-2.8394796119162824,-3.1087972560299337
GBPJPY,donchian,2018,261,-2.184588282024184,-1.1745746758448499,-2.226566287983971,-4.020888862871861,-4.407379996311549
GBPJPY,donchian,2019,261,4.130659455749013,4.259089178509673,3.3449649747589714,2.7182473430068272,1.4839546984831316
GBPJPY,donchian,2020,262,-1.1505394363393366,-0.23947947123860167,-0.5404853597772653,-0.02513500534527354,-0.034211662326889596
GBPJPY,donchian,2021,260,-0.4842905608739631,-1.1615692756179892,0.024316711400673686,1.0254628857664136,1.6521235663869878
GBPJPY,donchian,2022,260,-5.6796688547155965,-9.335257034551299,-7.476399061051513,-7.0099372660999455,-4.161559133291836
GBPJPY,donchian,2023,260,1.879758184318024,2.293710469927101,2.4951252862118407,2.5012025262716433,1.8763313444944
GBPJPY,donchian,2024,262,0.49483998114358496,-0.07497043725317272,0.10198377836416847,0.030292139865332763,-1.2394678275776307
GBPJPY,donchian,2025,261,-3.4352267020435945,-2.802064953288898,-1.9580176427192655,-0.8083827432676229,1.198319578965324
GBPJPY,donchian,2026,129,-0.7740638135099149,-1.405435883177321,-1.6724254939359169,-1.6980170463215405,-2.045304440242447
XAUUSD,tsmom,2008,113,29.548815215749435,17.69187324791041,-1.5817779121792102,-8.909700921059857,-27.13772999995687
XAUUSD,tsmom,2009,261,0.37013284814314473,2.2905820025175845,0.18736298206566748,0.9043364707438791,2.132138058222332
XAUUSD,tsmom,2010,261,0.9866318215118476,1.3696294865641734,0.956078284277991,-0.2814751252274216,1.0363504604428766
XAUUSD,tsmom,2011,260,11.805573669667936,5.057773685503792,4.615252004335067,4.412039958692614,3.5096050721048955
XAUUSD,tsmom,2012,261,-0.15152238275392596,0.4469097882839344,-0.1379896626013916,5.117068596061874,0.5807253818374509
XAUUSD,tsmom,2013,259,-2.030395905162934,1.591007810186339,-1.8717493979021276,-7.605648570920246,-2.826014840630954
XAUUSD,tsmom,2014,260,-3.5436667663307744,-1.4497929211505718,-7.583959732643371,-4.500353687878136,-7.727853735399799
XAUUSD,tsmom,2015,259,-0.8352106015668865,-6.304260766715096,-9.67343992464863,-5.961375651835945,-6.02586796911415
XAUUSD,tsmom,2016,259,2.2916143643656373,-2.158069340321399,-2.2955984951089263,-0.30996302235498185,-0.5448726299007675
XAUUSD,tsmom,2017,259,-2.8442899773959796,-2.5045646845302576,-4.54848161383711,-7.083705304292287,-11.91921540778654
XAUUSD,tsmom,2018,260,-0.6573663687121676,0.17504530443751184,-2.0512399330959066,-0.18008686367049948,4.618955357976403
XAUUSD,tsmom,2019,260,4.652179655377402,3.3472176058311587,5.1373618651650075,3.5346864959870667,2.236351369867887
XAUUSD,tsmom,2020,260,-3.0836259924554814,-10.240856540438475,-8.259587228042356,-2.5226491075698383,-0.3882597378842967
XAUUSD,tsmom,2021,258,-0.7454808321445296,-0.6803976681403618,-0.8676100330413957,-4.668962058359112,-2.249053093253479
XAUUSD,tsmom,2022,259,4.301760530054723,-2.328707225074289,1.2672031022152563,-5.155689123402396,0.07471286636196038
XAUUSD,tsmom,2023,259,2.289330360971799,-2.6556485804815058,1.3381173086388063,-0.04765958098018585,-7.252385718378845
XAUUSD,tsmom,2024,261,-5.1917187420903685,-3.5376086646624914,-1.6703269706352895,-3.435873367517552,4.846145538707312
XAUUSD,tsmom,2025,260,1.3467352821627772,7.079324953490547,7.843591957694371,9.779619096229204,13.164811478495844
XAUUSD,tsmom,2026,128,9.80469224487458,5.643709965212836,13.935673607177234,9.671190085597887,9.959693251064891
XAUUSD,donchian,2008,113,-10.650508594695683,-16.26458911647539,-17.06764033044544,-18.22454950134649,-18.25978965092102
XAUUSD,donchian,2009,261,-0.6947300851433774,-0.02593823945020565,0.8995124699933331,2.7302748900704747,0.1445120183020297
XAUUSD,donchian,2010,261,3.6016071921475845,4.8297876736466545,5.141983572281076,5.269024567041383,2.564955251039754
XAUUSD,donchian,2011,260,4.094706740266823,1.559588439397067,2.11199887818609,1.3620420553018224,0.5478398434211333
XAUUSD,donchian,2012,261,-0.3700124322177388,-0.350695462027735,-0.5847718051695008,-0.4620654246741514,-0.29701133954794384
XAUUSD,donchian,2013,259,3.5340400084217527,3.8400678397682873,3.4705636060645797,2.969717180437695,5.5929620625770164
XAUUSD,donchian,2014,260,-3.0287623772981167,-3.0995029180973876,-3.9764902854216504,-5.245360899452675,-6.639741247191336
XAUUSD,donchian,2015,259,-1.7428797618202467,-3.1487109652366265,-4.400572519305282,-4.459379628298131,-3.96960405313459
XAUUSD,donchian,2016,259,0.8794383866764615,-0.2432814564384039,-0.5038338734401735,0.5704462165923533,1.4157183601009338
XAUUSD,donchian,2017,259,-7.015597222351547,-6.485909244930785,-7.963763240883793,-9.155659120614697,-10.418940702228765
XAUUSD,donchian,2018,260,2.4181566247428776,2.65633516337449,3.4697962982511523,4.5703381572850175,4.45234959954274
XAUUSD,donchian,2019,260,3.894523218593252,3.6371452737955563,3.4057631146697407,3.095527358267946,4.072177449934233
XAUUSD,donchian,2020,260,-0.10176354638188015,-2.8430582227256176,-5.259084167613398,-3.9973642870522665,-3.5179871519819113
XAUUSD,donchian,2021,258,-1.7175792209934575,-2.9620215761405877,-3.5475590908439876,-3.2585205149221377,-2.4874182191385494
XAUUSD,donchian,2022,259,-1.2153985634005955,0.532642200968337,0.888629402083844,-2.0551800958812088,-1.6978642480577557
XAUUSD,donchian,2023,259,-0.1563990918731495,-0.7486400747584855,-1.2344009580172013,-2.1413630526510135,-3.134058477152712
XAUUSD,donchian,2024,261,5.316179422500916,5.0124954368964625,4.8611180031886,5.017852376495216,5.126392987891304
XAUUSD,donchian,2025,260,9.946690340342709,10.225547882086628,9.395064906936065,9.666157592837546,12.919391259443742
XAUUSD,donchian,2026,128,17.017524132832847,15.452653991909655,13.238035891198638,15.546368474709578,16.264081881827924
XAGUSD,tsmom,2008,200,-18.06444375353884,-7.5681616591239935,-14.24403283833292,0.5559202471524963,-24.897555024813883
XAGUSD,tsmom,2009,261,-4.394957200257654,2.2175547593404428,-10.751881547619778,0.15933090883763865,-4.236121844567193
XAGUSD,tsmom,2010,261,6.45678082916977,-0.014182867883095541,-1.0443722524024832,3.982868325836167,5.625594586669376
XAGUSD,tsmom,2011,260,19.919458658922093,19.19868350247383,13.574156765967361,10.674592200942685,-13.868147808744514
XAGUSD,tsmom,2012,261,12.035226012211117,3.8115070598347245,9.880022026505022,15.050356077536241,-1.3236842900787777
XAGUSD,tsmom,2013,259,11.168819509163882,3.747985480164137,12.469944042317081,10.582802342099527,9.889508996709155
XAGUSD,tsmom,2014,260,6.042892345011101,3.249545798575052,-1.2562765474516324,7.194585584591134,-0.5300655702014384
XAGUSD,tsmom,2015,259,-11.746945094425394,-14.160567589933901,-14.391487668442476,-16.302737188012657,-13.449271202806898
XAGUSD,tsmom,2016,259,2.5562119062757085,-2.931210180786239,-13.636820467425226,-4.570977613611478,-4.27801284343386
XAGUSD,tsmom,2017,259,-9.278459538426898,-9.90225488746019,-12.666655551070553,-18.352635053327635,-14.71590665561354
XAGUSD,tsmom,2018,260,-6.604425855850986,-5.382600260581804,-0.3309060873678115,-4.681391776830676,-4.117119070041389
XAGUSD,tsmom,2019,260,7.895523549488518,6.706402964242607,0.7360743306102463,-2.0380955530888736,-7.0664316643221134
XAGUSD,tsmom,2020,260,9.52934517441079,4.077776587483142,3.617204462061913,15.493517951222362,29.504723443506467
XAGUSD,tsmom,2021,258,-4.752789002972929,-9.487213118764295,-1.3053497663498113,-4.543315793446888,-13.757133540448688
XAGUSD,tsmom,2022,259,1.5081208980247172,-2.4997017204722782,-8.216700681141369,-12.284404220330497,-8.436460102388223
XAGUSD,tsmom,2023,259,-14.783200107674126,-21.054806538196896,-12.61112278744551,-2.6312294776631173,-16.76385219854987
XAGUSD,tsmom,2024,261,-6.005622444146704,-11.405354881560152,-3.5032828188007397,-11.164962684978027,-12.880888003398082
XAGUSD,tsmom,2025,260,15.418077014800375,3.167774422572613,8.772715662522328,15.583158214995326,23.636807029854626
XAGUSD,tsmom,2026,128,-57.91712295128109,-9.075500721769295,-23.443572507448216,-50.971939012372665,-28.24493778640204
XAGUSD,donchian,2008,200,9.653978417881595,10.698057643846333,10.955689566251912,6.348147583925135,8.85853210370335
XAGUSD,donchian,2009,261,-0.5904388705343241,0.27650169623807025,-2.7132278456402865,2.3843137987260516,2.4343967127455226
XAGUSD,donchian,2010,261,12.432637427516687,12.24508645064396,13.187197913051454,14.00543573780425,15.996306454861362
XAGUSD,donchian,2011,260,0.44683351088318923,-4.244530467567894,-2.5826320374222407,-9.248727247206936,-16.77056256463823
XAGUSD,donchian,2012,261,-0.6478452020174214,-0.15606645481297413,0.8588040035790501,-0.23315369276872322,-5.821048198298462
XAGUSD,donchian,2013,259,12.429678988311046,12.38012132558559,11.529123745574708,10.239984590353803,12.399341335453165
XAGUSD,donchian,2014,260,-0.701707291092997,-2.346908184385394,-3.1098142265183406,-3.0685607122654326,-4.046220180627244
XAGUSD,donchian,2015,259,-9.81180450649421,-10.658633132574437,-11.381714400131225,-13.036841220690892,-12.98170467355809
XAGUSD,donchian,2016,259,4.185637737102184,0.34472241294183203,-1.5752140466052036,-5.337691298150556,-5.768692774844128
XAGUSD,donchian,2017,259,-8.477985229092749,-10.098258013555999,-12.70137753381997,-14.64651073375995,-16.18095019771815
XAGUSD,donchian,2018,260,0.7478191053640129,1.6332961213482742,0.20764061684118099,0.8700195596534784,-0.26523407604969407
XAGUSD,donchian,2019,260,2.53472914747876,2.786247639291132,3.0527879222372256,3.6929771127602224,3.459822408912703
XAGUSD,donchian,2020,260,11.926598915922302,10.713846279617215,11.114493230763815,16.04147434693195,19.358390404368325
XAGUSD,donchian,2021,258,-13.666920698660638,-15.42498511891957,-13.754772197797667,-11.259999737078186,-11.709484999885897
XAGUSD,donchian,2022,259,-1.987593810261798,-0.393415296703232,0.4411211061598804,0.11125049857315902,4.780886077574586
XAGUSD,donchian,2023,259,-13.437751875887537,-15.581591328586068,-13.54862992385345,-15.870715748646203,-18.465078926700766
XAGUSD,donchian,2024,261,1.3278729544169534,4.159728827740884,2.5248932755023894,5.788816018698493,7.775571724004785
XAGUSD,donchian,2025,260,19.2545939115941,16.065675595554268,17.69011686587381,18.604552657351835,21.290218872948216
XAGUSD,donchian,2026,128,14.07911515423421,26.582981429019686,27.157251764881497,23.529556207511433,24.910617217904484
WTI,tsmom,2012,235,6.768429551443364,11.097133794161024,1.0243188608647753,8.781152319024617,10.205590919457466
WTI,tsmom,2013,256,2.0187720224414174,-6.141721257802404,-9.143038400951244,-14.907008646636623,-2.5456141002958326
WTI,tsmom,2014,255,16.936828398485808,14.98107728561888,15.315025460959706,16.500342730805063,13.14189091293592
WTI,tsmom,2015,258,-2.7462106869975367,4.047052492209147,15.894856159037829,17.87336701410167,8.691490540371692
WTI,tsmom,2016,258,-8.703431303494545,15.932465874178838,0.06722050805886516,-21.11547627965381,-1.3561364718757907
WTI,tsmom,2017,258,-16.06058988836497,-6.084782027452282,-4.037006756745038,-4.566413978200516,-16.536105047438188
WTI,tsmom,2018,260,13.711561987695946,12.078145995267635,10.521754144367424,10.694301852739994,5.494839143109565
WTI,tsmom,2019,260,-10.28185492619173,2.034633189718634,-4.078258308785588,8.357051000186633,-4.076688017681817
WTI,tsmom,2020,260,45.9558793383364,35.04383500198221,34.423744404164715,29.532030426887875,13.734631833847635
WTI,tsmom,2021,258,17.606166427984697,7.579812767565388,10.247817002294356,10.930526843574219,25.15878960609045
WTI,tsmom,2022,259,8.467697204810705,19.554281234934734,17.01362698370853,10.414015745720347,4.337524160452367
WTI,tsmom,2023,259,-1.4975440514557612,-2.426374918031231,-8.394649494772722,3.9027077923871114,-23.302145371144594
WTI,tsmom,2024,261,-3.0081372368022476,-2.9309034436871912,-13.581430179618284,-3.6220186052170686,0.5966016179197412
WTI,tsmom,2025,260,2.9604693294122257,-10.662630013239458,-11.976070295044646,8.74764006394314,-2.829328049445908
WTI,tsmom,2026,128,43.80615187580645,54.157102651751046,33.82642835324941,42.12944452859057,8.146844785240315
WTI,donchian,2012,235,2.4350564347685184,2.1604222279829317,2.496262066797356,3.1676281241048363,0.7946015501793093
WTI,donchian,2013,256,2.237476407399151,1.1751083519150927,0.08776678885404188,-0.7640152754962992,1.9859495213885183
WTI,donchian,2014,255,19.982134331040985,19.601407783678486,20.608956724175517,20.594827184278774,18.89962385328668
WTI,donchian,2015,258,1.9271986179536418,-2.9673603205296963,6.83579988016539,4.308094962384334,7.094405564453192
WTI,donchian,2016,258,-3.747069893483023,-5.187920172230918,-6.176899025976515,-5.561081859779058,-8.357931425022235
WTI,donchian,2017,258,-1.1268115814213833,-5.43301677295927,-6.044835497795606,-6.88784461449728,-8.144031206838076
WTI,donchian,2018,260,7.733214538076542,4.2301144198245675,4.9886942735707684,3.691720907746678,-0.2935880148745556
WTI,donchian,2019,260,-12.966962122242537,-10.500634030193742,-8.38680673484193,-8.698230883420159,-11.588133551920205
WTI,donchian,2020,260,16.866665616571332,18.070258335654177,14.516277295639318,7.956124039490596,0.022167236610343585
WTI,donchian,2021,258,3.804366372259887,7.3926108105721555,5.507370299763871,7.293090041697994,6.980002888746315
WTI,donchian,2022,259,-1.8459964927114885,2.915299001885123,9.535344232776422,12.221491720558427,7.046868819875918
WTI,donchian,2023,259,-8.125519258608668,-12.391466781795955,-10.845973659951218,-7.249471832169771,-5.593682525478083
WTI,donchian,2024,261,-6.025730638500243,-6.787171751279457,-7.71885240096569,-5.001829858371281,-4.464401341032629
WTI,donchian,2025,260,-8.04428005517329,-6.934588444036995,-8.528080745820157,-5.46997689274488,-7.516763678413918
WTI,donchian,2026,128,39.55020505261349,36.023284322348424,38.96810578345375,41.37212697366819,43.37831093520104
UKOIL,tsmom,2011,198,-15.669014383930746,-21.752127600917245,-25.91420334109142,-28.535819159266765,-28.82444840106579
UKOIL,tsmom,2012,237,0.46441979913443704,8.15230148783476,7.0622356204189485,10.787330277147776,10.194488702041014
UKOIL,tsmom,2013,225,-8.173871900223299,-7.541504661922031,-8.356641051281358,-4.683114107072912,-5.569282485359003
UKOIL,tsmom,2014,258,24.281418548158527,22.08854634953998,19.8974429792483,20.9841571236763,18.017150497202476
UKOIL,tsmom,2015,258,3.5539762109193638,12.306074175441566,12.835102036788882,2.9700506386569256,-1.9692041438780021
UKOIL,tsmom,2016,258,-6.2843729520573826,2.617199700443313,-2.6396484162299947,-14.45282078026897,9.03518556659965
UKOIL,tsmom,2017,257,-14.393243998410343,-7.116876859340269,-5.9772672009313315,-10.516520937742609,0.19227707987589907
UKOIL,tsmom,2018,258,15.627260836922888,15.111729748355284,19.639912152692688,11.015869306673954,11.947066708631041
UKOIL,tsmom,2019,258,-11.379500208726041,-8.296333369785291,-1.1316585232969993,-1.4889951389101945,3.2438871875644826
UKOIL,tsmom,2020,259,33.17079948651345,14.259588603008352,23.2300517691637,17.90931067636687,17.480520376301566
UKOIL,tsmom,2021,259,8.432575471130333,-0.9569161855248006,13.504165932823838,11.98104651357487,17.32809790204518
UKOIL,tsmom,2022,258,-3.0313032876899126,10.752834796331351,14.21889138324998,29.680027599147614,-4.866955719301103
UKOIL,tsmom,2023,257,1.7716911380915885,-5.634844986183574,-11.468496878227679,-6.01276007458558,-16.164721738088275
UKOIL,tsmom,2024,259,-10.149602792152665,-0.6825391615319285,-5.0248682161505025,-15.412361850674925,-1.6193272492385915
UKOIL,tsmom,2025,258,-2.934696893308479,-5.308583454340061,-11.923595488095211,5.1902707612603995,-5.398617462638375
UKOIL,tsmom,2026,127,40.740103173430974,44.01962604234789,39.47122975583354,38.72365284539594,19.4054417951227
UKOIL,donchian,2011,198,-10.009358883196917,-11.922988853653397,-13.254481974749474,-8.032898076048408,-7.324388240937893
UKOIL,donchian,2012,237,6.111980053338213,7.165916277009924,6.63486188758326,5.184239240711416,4.402168664211314
UKOIL,donchian,2013,225,-5.749160137883579,-3.565427209210485,-2.71907278806797,-3.8132941080992966,-4.711157640419536
UKOIL,donchian,2014,258,19.812323341230414,19.54101838488969,19.32499820118328,18.84975535309351,19.655885886030998
UKOIL,donchian,2015,258,12.733265466818215,12.262890111181218,10.776720640013552,10.642213387111276,13.530092507143545
UKOIL,donchian,2016,258,-4.065641062331714,-8.560440611456542,-10.180185907945507,-10.105298546403265,-12.413348125579704
UKOIL,donchian,2017,257,-1.9369366160678796,1.2372795504154996,3.0210825911305164,1.4907753215917723,1.0774303594374277
UKOIL,donchian,2018,258,9.326901110312159,8.609456176724507,9.737605520041214,7.355915696575249,2.7267653914741525
UKOIL,donchian,2019,258,-9.680635052680621,-12.231342263972396,-14.156098766782417,-12.742581959119885,-7.263197565825324
UKOIL,donchian,2020,259,17.649255742102284,11.6184648048478,13.460781085241674,9.452794544043488,5.40981345260425
UKOIL,donchian,2021,259,3.383732428996904,3.2235868588242744,-0.8790680895507206,6.343825308814796,8.251030740166616
UKOIL,donchian,2022,258,6.011000494065559,10.095371881027175,15.33005090063731,17.71333775079517,8.29907968043314
UKOIL,donchian,2023,257,-6.0789733900734175,-8.1296750210451,-6.806024403969932,-5.139131157105164,-5.026650711297196
UKOIL,donchian,2024,259,-4.004912124260459,-4.139032852063859,-4.760365287115657,-1.822843813216325,1.6247114522856603
UKOIL,donchian,2025,258,-7.0771254592778075,-8.717187299633856,-12.26340899092216,-9.468204534211896,-7.444130237792597
UKOIL,donchian,2026,127,33.0036786382679,44.64102598756782,39.64980031398017,38.37046823062223,32.875815136837616
US500,tsmom,2012,190,-3.3241697459682644,2.122765108477667,1.9180555169883835,-1.1739746142620309,6.91405560401213
US500,tsmom,2013,256,0.9384130040268157,-0.5584594087281717,3.9624058751103037,2.775704741626229,1.184541878938008
US500,tsmom,2014,258,-2.377877564168786,-2.394773674767608,-5.632632012896421,-6.580307537605496,-6.788224998130932
US500,tsmom,2015,259,-9.679298435101387,-0.1300061385445895,0.7650794675730406,-2.013487404686692,1.7515166500846828
US500,tsmom,2016,258,0.41275199934458556,2.3181948385362876,2.7809784562601982,2.0130211273831837,1.847754418166805
US500,tsmom,2017,257,4.417858317148641,4.5287425158313015,2.7190866663336553,2.4171208069565986,2.021962526338765
US500,tsmom,2018,259,-2.1736561927930764,-3.8184785399972054,-1.5293839210591165,-5.080240652459272,-1.5036631390960729
US500,tsmom,2019,260,6.368478229153911,5.055073414297846,2.804178382094356,-0.3994454144493331,-1.3727380792885961
US500,tsmom,2020,260,6.065219783209222,4.47366842056877,1.1820381470068706,-2.766947344326346,-1.0733261013062665
US500,tsmom,2021,259,-6.941180487075045,-3.0684556673509937,-0.1586131832453719,-1.673894177505739,1.986291252555365
US500,tsmom,2022,259,4.0040107039773485,-4.807234323253157,2.1110187363905086,-2.140300624609797,-10.37980622053986
US500,tsmom,2023,260,4.318716151498917,0.056128656029630866,0.7259386179515446,-1.079238781571011,4.6926715090843185
US500,tsmom,2024,261,2.494839253094546,-0.05865249348945044,0.35989783430160893,1.6400480770206105,6.456457564098988
US500,tsmom,2025,260,4.08588478228141,4.672444765168355,8.41881889029851,6.205909204097405,5.217918796444489
US500,tsmom,2026,128,-1.084019308855086,-0.9468186494966142,-0.472107452487426,-8.865800629331419,0.8851030564417179
US500,donchian,2012,190,-0.9497063623537132,-1.5607298250162551,-1.7677059586761719,-2.568268526786289,-0.23284776391163725
US500,donchian,2013,256,2.4690416869890655,2.589377993715291,3.6682658787561517,4.417623764404226,5.095408259146612
US500,donchian,2014,258,-5.072770932296879,-5.636777019327641,-6.206225257716967,-7.3734313582937405,-5.563732394010219
US500,donchian,2015,259,-4.097388509369863,-5.631868157748796,-5.658581184321462,-5.1845667385456515,-2.996831071379427
US500,donchian,2016,258,-2.0664442828941416,-3.370781742980358,-4.393118650400545,-3.857163927176689,-2.8066876140994665
US500,donchian,2017,257,4.610325765334096,4.646872980326493,5.185402095967376,4.822715312803244,4.235545812314988
US500,donchian,2018,259,-0.6157191034883647,0.3993128557743848,1.238279238942037,-0.6144177139373975,2.787606994187181
US500,donchian,2019,260,0.7185596771815042,-0.02634350736147789,-3.71143066940038,-3.0551630299572916,0.09824614474941532
US500,donchian,2020,260,5.914757002952369,4.371201753058529,1.913183886833795,3.061307062541595,3.8826187361657634
US500,donchian,2021,259,4.200758464478884,4.408563262993756,4.971014738089684,5.047885268242639,5.848818430003714
US500,donchian,2022,259,-6.699367789326277,-8.55288921178952,-11.303745035659498,-12.437602433181649,-12.674639100242862
US500,donchian,2023,260,2.4406245561087743,2.5334837734342024,2.112851032042007,1.8051585804535466,0.4261869965721139
US500,donchian,2024,261,1.6077203956446173,1.4032866463605562,2.7097168629770896,2.8387320513111995,4.277681983452545
US500,donchian,2025,260,2.519715786047445,2.874083720225603,3.4692626788721563,2.8812431182854548,2.7516149659025952
US500,donchian,2026,128,-0.6856828034490761,3.2109601602833586,2.1440515102863333,-0.6520700105990531,-0.8463329444272869
USTECH,tsmom,2012,180,1.1899612911259791,0.034975428993865874,2.331985171039527,1.4041200488901562,4.831654044404278
USTECH,tsmom,2013,247,-2.97686838148067,-0.4536283154679418,-0.11853058877215604,0.1465747681158884,3.4805628286140626
USTECH,tsmom,2014,257,-0.8500618084568728,0.19977241566147527,2.080729849560364,0.21051199450716493,-3.9084138373460946
USTECH,tsmom,2015,258,-5.136358469877354,-6.587967933424697,-6.972929120103552,-7.469729219251202,5.00459060027919
USTECH,tsmom,2016,258,-1.837218698107433,-1.888363640954152,-1.6321987849726989,1.1257225409478475,-2.0955744894491217
USTECH,tsmom,2017,257,4.940649200568688,2.9581966427780286,4.376592559069509,4.58526660200366,3.4647499872244953
USTECH,tsmom,2018,259,-2.848461563335107,-3.976480834414975,4.832310110221486,-7.691770243397654,7.275186543443332
USTECH,tsmom,2019,260,5.097787017710511,8.8800894205082,2.835738944366456,-1.6589043826256986,0.30283985512926787
USTECH,tsmom,2020,260,17.5180584031256,8.334053283187332,4.679618992809032,4.446323287540302,3.9479694181647362
USTECH,tsmom,2021,259,-3.3765489318234208,-5.610390968134617,5.974715860395493,1.5834986605338572,3.609316162259648
USTECH,tsmom,2022,259,-1.4307604449167708,0.0159917513168308,7.228219704493394,5.71928324796299,-6.523046037364236
USTECH,tsmom,2023,260,1.505443757559206,6.004123026631382,2.5602651762641226,2.9425429286825433,6.121193912443627
USTECH,tsmom,2024,261,0.506573364974536,2.9303142198828964,3.8956941753028445,1.6415302719183147,2.6517883585982083
USTECH,tsmom,2025,260,2.3727265204115375,6.837793810033712,6.846431577119554,7.8066412909072875,4.336950878849632
USTECH,tsmom,2026,128,-11.483090079989758,-2.4407450592376243,-0.8708641857358494,-1.7415713156197288,-1.133982084895444
USTECH,donchian,2012,180,0.9280010458493815,-0.6214816286343788,-2.584166395075935,-2.5130849362645855,-0.5920941237346555
USTECH,donchian,2013,247,3.1020440080485026,3.7755597305303166,5.743912370397214,5.957559513327904,7.240626416447909
USTECH,donchian,2014,257,-1.4468056918653993,-1.4049176760933655,-2.851608807452047,-1.96793697077795,-1.7229960874047803
USTECH,donchian,2015,258,-7.208418245348447,-8.55629694644975,-8.426431731374597,-5.2351649167648775,-1.8264006808318742
USTECH,donchian,2016,258,-4.623662002670627,-6.215983665065671,-4.6392503042495274,-3.6845373609645824,-2.641193459496692
USTECH,donchian,2017,257,7.821793609526893,8.618742172616788,8.518546647070936,8.623316331057442,7.134391120249986
USTECH,donchian,2018,259,3.3161607117135077,3.214509684544861,3.0016052106861726,-0.11579930430782172,3.140837715651082
USTECH,donchian,2019,260,1.3309303307760572,-2.0960178757033074,-2.970187837131021,-1.6711341474680153,0.062462927079225385
USTECH,donchian,2020,260,9.308743922354275,9.540053709523484,8.478069054983633,4.884472165330934,5.036396158035655
USTECH,donchian,2021,259,-3.9424163708038096,-1.9292203838252602,-2.027322961870505,-1.2605316673862972,-3.8959552291976465
USTECH,donchian,2022,259,-2.0741191497590954,0.15379732321582168,-0.016819061440814614,-5.195507686103267,-4.509981700572191
USTECH,donchian,2023,260,7.6341750100415995,9.27633970052695,8.684249977510316,6.303944881613372,4.787666843426762
USTECH,donchian,2024,261,-0.7130037651186398,-0.6454885994986709,-0.939306338657014,-3.285457316662158,1.1994783797704631
USTECH,donchian,2025,260,5.201880128971621,5.302430259792412,3.2826749534093866,3.271166839987863,4.852271510856426
USTECH,donchian,2026,128,1.2531381094902643,0.42177945242125947,-0.16393360220390552,-2.2939152047354874,-4.485875798321266
BTCUSD,tsmom,2017,138,91.04514894433477,105.4340856327876,75.94604550963092,77.1366560149964,55.77356472344302
BTCUSD,tsmom,2018,312,-1.8858290343628492,4.051314306294928,-12.832600540233775,-8.145030949479445,-2.0373874104474603
BTCUSD,tsmom,2019,313,2.0009295756873193,-6.619958560852269,-4.996496535923718,-0.1219570173798042,0.9684726672224551
BTCUSD,tsmom,2020,334,40.44981950689061,42.52235846309775,41.55611411146641,29.469007976626774,38.464276875954745
BTCUSD,tsmom,2021,365,15.054106442734502,18.761978768977006,-2.942212759261605,-2.15263996433358,-9.002448930996703
BTCUSD,tsmom,2022,365,-9.321099595076852,-16.174908705106123,-21.59164662333088,-32.299148338540626,5.370564904063207
BTCUSD,tsmom,2023,365,18.020965603824138,6.3401275557601116,4.005289314562032,-5.772647760716299,6.171116402555532
BTCUSD,tsmom,2024,366,0.27211605714827486,9.349423171068619,-6.063211364232394,4.5974859820463685,7.792184335295448
BTCUSD,tsmom,2025,365,-4.250643274946404,-5.939212410188695,0.7262766841873578,2.5254003223498347,1.3342081820332443
BTCUSD,tsmom,2026,181,10.038046585817998,14.116178760559995,13.468576398083737,12.639468808067699,28.62377061309003
BTCUSD,donchian,2017,138,102.92784564101481,88.15813177030695,97.0361661322118,89.30740514981602,84.81631296985819
BTCUSD,donchian,2018,312,-19.13903781168163,-20.75178005114422,-18.96397298920181,-23.352178952450675,-23.37804953209811
BTCUSD,donchian,2019,313,27.638828832957476,27.94071024744939,29.71827056274286,30.28455147399279,32.25668788615599
BTCUSD,donchian,2020,334,10.714009323904182,9.527021133913719,6.34507056318103,9.3578393166473,10.73989990210387
BTCUSD,donchian,2021,365,12.811982665869282,15.296755247210385,15.251435046927746,12.812416765514165,9.285317552723988
BTCUSD,donchian,2022,365,-5.744818442192414,-3.3303944840089845,-7.212925818195344,-4.386118973895003,-1.6771003336999992
BTCUSD,donchian,2023,365,7.5752456895179225,4.12577506263888,-0.2055611629835156,-3.630701227333757,-1.7505552746960584
BTCUSD,donchian,2024,366,4.047196383311446,5.254030206484112,6.183563823225796,12.201285998576834,9.926405135791693
BTCUSD,donchian,2025,365,0.29355908615337045,-3.1775920525209562,-1.7013630387036431,-1.7261497434111113,1.5163679589180947
BTCUSD,donchian,2026,181,8.29916664888679,6.012788353413665,4.991641406036982,3.6184535243803655,0.7875936429055465
