sym,rule,n,mean_d0,mean_d1,mean_d2,mean_d3,mean_d5,dd_d0,dd_d1,dd_d2,dd_d3,dd_d5
EURUSD,tsmom,4762,0.11082068345601144,0.5326615602143409,0.20139459605077978,0.03936111616405839,0.10873788027979286,5297.71889815219,5154.169995117908,5148.426485602766,3193.1542916668345,3263.429894555501
EURUSD,donchian,4762,0.13886711520811795,0.1248750039118778,-0.008524058300701383,0.27904327509296595,0.3634975721622768,2461.0069205975396,2822.8840732637163,2401.97922554479,2242.0621421379046,2114.2333685701906
GBPUSD,tsmom,4762,-0.37643441279939666,-0.3538445769947737,-0.3080555552920024,-0.9982627693414882,0.15696264555382322,3987.964966262838,5567.233126065001,4619.762576207075,5315.357734774324,3040.784470145396
GBPUSD,donchian,4762,-0.31639897478578655,-0.6078637611056337,-0.25918637666133554,-0.17494927452387754,-0.03964589021227736,3324.8032687609034,4560.42045611238,3086.6437360387254,3013.0571830749645,3291.4334038750367
AUDUSD,tsmom,4760,0.807551585339988,0.663400706029704,0.6806436723333449,1.0888640688987974,-0.8138330712613149,3228.4676984273747,4393.66102938341,3498.9441623357507,3667.5583198295117,9060.264759020865
AUDUSD,donchian,4760,-0.136307689629501,-0.21291533261885592,-0.24760635550563925,-0.08747673633227383,-0.2738509964467534,4696.576232851038,5516.608093132076,6005.808335304717,4639.259282166617,5273.852269396126
USDJPY,tsmom,4739,0.3776476068982611,0.23007284016442311,-0.5248356259210604,-0.6050466293945631,-0.7113157291422435,3025.2977899279304,3935.1345787132477,5187.934927469755,5411.014918400372,5596.057751024629
USDJPY,donchian,4739,0.6687091469280335,0.624139106974093,0.3962278373321703,0.48324042098396136,0.5292468576166957,3331.290488941287,4011.221199855528,3617.1246904000895,3396.1604397696915,2714.6277742939874
USDCHF,tsmom,4762,-0.4095648950035721,-0.8540188852649957,-0.836744881310183,-1.071134589147033,-0.957356276578441,5605.025184184536,8890.958834715922,6848.127536305608,8426.159031907822,8034.097784008509
USDCHF,donchian,4762,-0.5591962398112155,-0.3983900435208881,-0.3221412270277184,-0.44882953877682397,-0.31509458986767463,6709.683154241007,6221.073417273941,5756.804745803826,5759.058270032155,5272.7840940694405
USDCAD,tsmom,4762,-0.8649987037434483,-0.39621269959191285,-0.37195985422332795,-0.6640051874212838,-0.3133108842384731,6297.370171236298,3658.763631028907,4310.79169923216,5541.581357711693,3679.8110452309033
USDCAD,donchian,4762,-0.24626582141391715,-0.19910463560909972,-0.19086242815757412,-0.19953661561699002,-0.2711496235277541,3377.2730143127574,3055.8832038920636,2679.583305383525,2819.4083600961417,2593.2633887346487
EURJPY,tsmom,4697,0.465973209053778,0.08496175066157084,-0.8602725157016909,0.008743203008732232,-0.4416177690853209,4354.210930965426,6139.726260379802,8102.135274063008,5665.242673131832,7462.2264340428155
EURJPY,donchian,4697,0.20035128541450312,0.4246181091222157,0.3982203859953725,0.4752255974776421,0.08135131767324656,3575.888530845661,3044.50025008973,3353.8060660968945,3281.8931611344715,3760.92079350121
GBPJPY,tsmom,4762,0.7428327194197425,-0.4943041317512716,-0.4954371074143143,-0.823567906705112,-1.1828911590075604,3836.6750446147107,6652.1278197984975,7142.771198153994,7836.539077848456,11000.933277875014
GBPJPY,donchian,4762,0.31691586069249034,0.07589520441262684,0.3129883178090504,0.19279182312223253,0.2925266298136998,4571.250502631948,4491.344446522159,4766.107097573899,4704.818627957496,5034.007613155261
XAUUSD,tsmom,4657,1.485532629097797,0.0015544357043575875,-0.6351781007731288,-0.9475107303446638,-0.7517510859136659,3148.0396294567345,8676.75168559044,9272.407122719149,10415.809932296437,11222.42159029326
XAUUSD,donchian,4657,1.1979209192529106,0.7262199098342017,0.3002382855031223,0.2421712118216643,0.2702011606456479,4761.740660147926,5432.5405744678255,7197.311897229212,8085.299653570906,7160.263078086688
XAGUSD,tsmom,4744,-0.39996907691266476,-2.2315944141894852,-2.903914825211859,-1.2211573682731256,-4.361654652598844,15211.110742033232,22558.762937957792,21006.189862728206,20806.531928685905,27023.055329193096
XAGUSD,donchian,4744,1.6738217549544039,1.2765247466182124,1.1673602705684467,0.8671882100484576,0.8150579140193516,11143.835459926793,13854.022860203717,13985.53531086395,15443.309763002264,17260.575386551598
WTI,tsmom,3725,6.472036702079331,8.32425802384157,4.8470019665126225,7.06624440697606,2.337117675912442,11035.107343442,8082.234133946928,10950.925163163341,11484.942533961701,12626.698436737628
WTI,donchian,3725,2.2286960183635873,1.572762154464535,2.470596014123908,2.7394313574455533,1.238651587643197,13811.669948946146,12055.048946893132,11988.329202635654,10771.951365243522,13235.517994401584
UKOIL,tsmom,3884,2.6678991496397626,3.6617633561115386,4.257410600290407,3.6504408459747006,2.6142018400474822,10729.685994845273,8930.777236341592,10336.439949134383,10898.006631950646,13445.127272486407
UKOIL,donchian,3884,3.0114001324913593,2.7351790692460036,2.3727561692493335,3.1086599126263605,2.590584063052564,7845.579533746923,8791.849745848254,8925.147711537451,8201.409056115524,8577.20454996521
US500,tsmom,3684,0.6342949908127054,0.5191175049210073,1.3835939531077617,-0.8392737159958111,0.6762745211683004,4152.241569065858,4212.654345984425,3022.4527955345193,6234.718972353887,5133.5674129903855
US500,donchian,3684,0.34552943065825353,0.032822328557587786,-0.4392849380611869,-0.6931277984244195,0.33563287767699146,3508.235809670616,4433.3098763107355,5350.31769090577,5468.125067011406,3804.5597251753265
USTECH,tsmom,3663,0.627623292066491,1.1758307606221738,2.677056387727933,0.9579563360712715,2.1476422829356503,3606.133638245169,4673.330842403471,3469.9906085401417,4985.811882552474,3603.7851082465486
USTECH,donchian,3663,1.3370298964987903,1.3233877274470827,0.9730667684151736,0.24572111199513708,1.126739123818878,3815.7484902279557,4636.246829636425,4664.60379160574,3522.434184451446,3431.5040024849504
BTCUSD,tsmom,3104,11.323317856466923,11.279596139090046,3.796218264466224,2.6154512466887088,9.554747175391961,10516.162281262725,13938.244497488335,17514.344873785223,27991.99997874134,12716.339352510166
BTCUSD,donchian,3104,9.309647926745372,8.164894458546009,7.828609406095391,7.694614650013218,7.912792930169391,12178.95894501298,13022.06247057084,12084.634919616394,13588.556907062446,11589.790662203934
