sym,year,L_star,n_days,sigma,naive,oos,bbc,opt,res,nb_ok
EURUSD,2008,35,226,91.32640951388915,12.236038307641993,-5.026662405034751,-3.5035994776625983,17.262700712676743,1.5230629273721523,99
EURUSD,2009,70,261,76.63101666176412,7.4028571830103465,1.882760994467677,-1.3789044878248367,5.520096188542669,-3.2616654822925137,100
EURUSD,2010,25,261,74.7149606877048,9.425301584689707,-0.3560223498658012,2.3951347720706555,9.781323934555509,2.7511571219364566,100
EURUSD,2011,65,260,75.18032598855993,4.5321176981036295,1.8006842519572186,-3.150621879190888,2.731433446146411,-4.951306131148106,100
EURUSD,2012,30,261,51.49691917136919,2.113396349375551,-6.747107721836727,-2.7530437057362143,8.860504071212278,3.9940640161005128,100
EURUSD,2013,5,261,48.68655286728742,3.6108676720051966,0.030938779861554577,-0.9028594539489451,3.5799288921436423,-0.9337982338104996,100
EURUSD,2014,65,261,39.226419794668445,5.011374174134495,-0.8686681109943852,3.0971395890250575,5.88004228512888,3.9658077000194427,100
EURUSD,2015,30,261,73.54000175788958,4.693199949869045,3.787605973721486,0.15292575492949456,0.9055939761475584,-3.6346802187919915,100
EURUSD,2016,30,260,50.91754333342461,3.7876059737214844,-0.005817546449305574,-2.0608676274711284,3.79342352017079,-2.0550500810218226,100
EURUSD,2017,105,260,44.93044470710277,4.413681794698818,0.5750180896925259,0.5892547582157011,3.8386637050062924,0.014236668523175178,100
EURUSD,2018,60,261,45.00729625163921,3.293394561047684,-4.116537000212369,0.03744723860256427,7.409931561260053,4.1539842388149335,100
EURUSD,2019,105,261,32.10982869923545,0.8954795223043714,1.9237190049742938,-1.7067227267044134,-1.0282394826699224,-3.630441731678707,100
EURUSD,2020,185,262,46.9806595780119,4.575952716927977,-1.0694388740170282,0.5063892943335994,5.645391590945005,1.5758281683506277,100
EURUSD,2021,35,260,35.01529381547327,1.8742078349319868,4.482307536535245,-1.6746457574538156,-2.6080997016032583,-6.15695329398906,100
EURUSD,2022,55,260,61.66056271728481,6.367278851512767,-4.139165836064717,3.1910292164284395,10.506444687577485,7.330195052493156,100
EURUSD,2023,10,260,47.087238460982086,2.9275507301663337,0.1668801745396824,-2.129404010919978,2.7606705556266515,-2.29628418545966,100
EURUSD,2024,200,262,37.27530775934393,0.6342919426574838,0.24374718392356096,-3.155833809634298,0.3905447587339228,-3.399580993557859,100
EURUSD,2025,70,261,49.8015037691276,4.552340473501355,0.5722533583761931,1.0104370781132876,3.9800871151251616,0.4381837197370946,100
GBPUSD,2008,155,106,122.5689082632363,26.515824664198693,-3.842393668966918,18.726385831456007,30.35821833316561,22.568779500422924,83
GBPUSD,2009,115,261,89.93920556591088,2.8744650111545322,1.3098952571224478,-6.9984618969744075,1.5645697540320844,-8.308357154096855,100
GBPUSD,2010,95,261,63.32347389662615,5.457819610728619,-1.8502519918259042,-1.2412967646748683,7.308071602554524,0.6089552271510359,100
GBPUSD,2011,130,260,53.4967474900054,3.2805698909344136,-1.107127148638364,-1.8147952804927288,4.387697039572778,-0.7076681318543647,100
GBPUSD,2012,240,261,38.628287163349626,1.0345055951258422,-4.1304641518348655,-2.9362166021502714,5.164969746960708,1.1942475496845941,100
GBPUSD,2013,100,261,48.305342906463615,3.359104473492174,2.6441204556043716,-1.264459392196403,0.7149840178878022,-3.9085798478007745,100
GBPUSD,2014,65,261,36.03531317281355,3.879519795265938,3.0579803273995148,1.048263154137953,0.8215394678664234,-2.0097171732615617,100
GBPUSD,2015,65,261,52.09479855995677,3.0579803273995143,1.2261995194406754,0.27457008173084385,1.831780807958839,-0.9516294377098315,100
GBPUSD,2016,125,260,80.58991891534008,6.478171594857619,2.6268108253580524,-0.31540361723385224,3.8513607694995664,-2.942214442591905,100
GBPUSD,2017,105,260,54.47551899918096,3.2786207296088428,1.4160500438796226,-1.9469208722687077,1.8625706857292201,-3.3629709161483303,100
GBPUSD,2018,20,261,51.84824219942851,5.209214480522121,0.13394902232696548,2.1299697003402547,5.0752654581951555,1.9960206780132892,100
GBPUSD,2019,35,261,53.11841279543567,4.065391088678043,-1.0921730065036208,-3.0034234693500013,5.157564095181663,-1.9112504628463804,100
GBPUSD,2020,85,262,69.03865216790393,2.4625000037842337,1.0487634161849249,-4.47936970507914,1.4137365875993089,-5.528133121264065,100
GBPUSD,2021,120,260,41.469797736043645,1.5805255254281714,2.369745112318158,-2.4973860305369344,-0.7892195868899865,-4.867131142855092,100
GBPUSD,2022,35,260,76.47344555524889,6.128776409890096,0.15736088708623497,0.16992482070832915,5.971415522803861,0.012563933622094181,100
GBPUSD,2023,170,260,51.20409911928521,2.0123009232379676,-1.5248497357793818,-3.659996438460076,3.5371506590173496,-2.135146702680694,100
GBPUSD,2024,30,262,39.422765940034786,1.0689600471602223,1.4777457193100687,-2.7113391788910595,-0.4087856721498464,-4.189084898201128,100
GBPUSD,2025,215,261,45.54878494814026,2.84267162499757,-6.992643455721507,0.4958247562075806,9.835315080719077,7.488468211929088,100
AUDUSD,2008,160,100,257.48652162003685,17.897780486435575,2.5180977596671332,4.570078211060916,15.379682726768442,2.0519804513937827,88
AUDUSD,2009,85,260,113.40565151136857,15.386326329742925,1.7881480704114403,7.40278692840522,13.598178259331485,5.61463885799378,100
AUDUSD,2010,150,261,86.83831953896583,6.8638493778247645,-0.2029223518363984,-1.6621050871540075,7.066771729661163,-1.4591827353176092,100
AUDUSD,2011,70,260,90.37692706626474,1.5020010078256305,-3.1582841996976345,-11.063335183403778,4.660285207523265,-7.905050983706143,100
AUDUSD,2012,10,261,54.112615898990875,4.032840203637631,2.030472077886305,-1.7193926540487947,2.0023681257513264,-3.7498647319350997,100
AUDUSD,2013,180,261,62.30955052488893,5.383966321963679,-1.6461165871505936,-2.1608243070845794,7.030082909114272,-0.5147077199339858,100
AUDUSD,2014,55,261,51.21133209363458,6.0457888566661,-0.7289385979127787,2.42381645127381,6.774727454578878,3.1527550491865886,100
AUDUSD,2015,85,261,71.85220400944766,4.207309822396974,-2.7314277852775417,-0.6840807558863173,6.938737607674516,2.0473470293912244,100
AUDUSD,2016,5,260,69.85623895012017,4.485172395919007,-0.9612361593913669,-1.9306870986869908,5.4464085553103745,-0.969450939295624,100
AUDUSD,2017,265,260,46.8723073609904,5.180330410476159,0.7720353076434985,1.4607320182266048,4.4082951028326605,0.6886967105831063,100
AUDUSD,2018,155,261,53.96202531541777,4.630611195869887,1.0407421318472347,2.450256591655172,3.589869064022652,1.4095144598079372,100
AUDUSD,2019,135,261,45.64582095950158,1.0772152059251254,3.115292502398241,-3.136122990220428,-2.0380772964731158,-6.251415492618669,100
AUDUSD,2020,15,262,77.15123630849949,10.398907966826648,1.463658087996235,4.807433765624215,8.935249878830414,3.3437756776279803,100
AUDUSD,2021,100,260,56.37579690234856,2.7486094467474462,-6.3773518285382975,-1.9597860528094848,9.125961275285743,4.4175657757288125,100
AUDUSD,2022,120,260,83.25207743312974,3.804242965108189,-2.245104675839405,-1.1599326199367619,6.049347640947594,1.085172055902643,100
AUDUSD,2023,285,260,67.34132009575436,4.579641035933297,-3.7616642503080953,-1.6811399073213469,8.341305286241392,2.0805243429867484,100
AUDUSD,2024,145,262,53.7151078294219,2.7217737835800926,-2.049854000478071,-1.740490437032598,4.771627784058164,0.3093635634454732,100
AUDUSD,2025,80,261,60.1460840562321,0.43647888652734995,4.616945278106315,-5.218842051784706,-4.180466391578965,-9.835787329891021,100
USDJPY,2008,20,218,108.899940498614,8.388759160593235,0.13960625413292152,0.3136181344690795,8.249152906460314,0.17401188033615797,93
USDJPY,2009,55,261,83.67077755256216,2.3276143705078125,-3.190180029737218,-5.895776550406592,5.51779440024503,-2.705596520669374,100
USDJPY,2010,300,261,61.29422178412423,7.15890834692787,1.9086217163699757,2.7650017682092876,5.250286630557894,0.8563800518393119,100
USDJPY,2011,145,260,53.96249604679861,2.8090014474564735,-0.11992286456695551,-2.2182447324555348,2.928924312023429,-2.098321867888579,100
USDJPY,2012,15,261,48.28374681359043,5.214963485082665,3.2152782762720844,0.988155916956767,1.9996852088105803,-2.2271223593153175,100
USDJPY,2013,110,261,77.89223704677599,7.96326521691874,3.6906235481151217,2.90464892272632,4.272641668803618,-0.7859746253888016,100
USDJPY,2014,250,261,50.00964865431038,5.5454443510566,0.30078798662320644,1.620421064028401,5.244656364433393,1.3196330774051945,100
USDJPY,2015,15,261,49.152370669240156,1.4301328537955702,0.2033881433901959,-3.303968215346203,1.2267447104053744,-3.507356358736399,100
USDJPY,2016,70,260,75.47256812131566,11.87983991112348,-3.3770354701035066,7.785016186844033,15.256875381226987,11.16205165694754,100
USDJPY,2017,15,260,53.38006021691872,1.6872264292241896,1.427681928637572,-5.653720628555284,0.2595445005866177,-7.081402557192856,100
USDJPY,2018,55,261,42.25692883228389,3.7752658798806578,-1.360589188738357,0.032955328312654665,5.135855068619015,1.3935445170510117,100
USDJPY,2019,210,261,35.795210332168594,1.2336602383339221,-5.425394256151845,-1.6581069009843086,6.659054494485767,3.7672873551675368,100
USDJPY,2020,245,262,54.06429684575512,0.8616369449822034,0.19475021253199756,-3.492201930638942,0.6668867324502059,-3.6869521431709398,100
USDJPY,2021,150,260,34.105577585768515,2.706802972080244,5.280207346122057,-0.5314155310211798,-2.573404374041813,-5.811622877143237,100
USDJPY,2022,35,260,73.94560153822026,10.717685435331006,-2.048401165648258,6.916155717826407,12.766086600979264,8.964556883474664,100
USDJPY,2023,295,260,60.85789326219361,6.039291845597912,-0.6436821810873591,-0.7783421690804839,6.6829740266852715,-0.13465998799312484,100
USDJPY,2024,195,262,63.606442240479566,7.450800541842094,-0.4921944646032792,0.5835209767450151,7.942995006445373,1.0757154413482943,100
USDJPY,2025,70,261,62.085548390649016,3.388226586995351,-1.415987926066436,-2.390424036186271,4.804214513061787,-0.9744361101198351,100
USDCHF,2008,35,226,92.94005327169349,8.013055750238236,-4.853927974883054,-6.408706953521985,12.86698372512129,-1.5547789786389314,94
USDCHF,2009,130,261,79.31448292178104,6.1458858984974745,0.9906576944430486,-2.507029905570001,5.155228204054426,-3.4976876000130495,100
USDCHF,2010,5,261,66.24600405368113,6.726758284139356,-3.92394803804363,0.3856797438307876,10.650706322182986,4.3096277818744175,100
USDCHF,2011,25,260,108.3832754666179,6.642245760348299,1.8116745807206867,-3.843236794883688,4.830571179627612,-5.6549113756043745,100
USDCHF,2012,25,261,51.10388913537782,1.811674580720687,-8.810133208839364,-4.4655643767134565,10.621807789560052,4.3445688321259075,100
USDCHF,2013,5,261,56.76919227182341,3.4929115355294225,0.6342685815495797,-1.7166294806923168,2.858642953979843,-2.3508980622418965,100
USDCHF,2014,50,261,42.40896676086751,5.054528407299051,-9.24755606051384,2.7053938958621893,14.302084467812891,11.95294995637603,100
USDCHF,2015,230,261,123.16415694268335,-1.1840272114000892,-4.5790218835540095,-13.01528572038843,3.3949946721539206,-8.43626383683442,100
USDCHF,2016,260,260,48.87588097801538,0.5359487492058382,-1.3473311986517205,-5.6178371943484935,1.8832799478575586,-4.270505995696773,100
USDCHF,2017,85,260,43.9320486686449,0.5215545000176611,-3.4031117787044955,-3.7908183933010107,3.9246662787221567,-0.3877066145965151,100
USDCHF,2018,20,261,40.29188329021003,3.1623398743431306,0.43300852099304493,-0.6018466447591209,2.729331353350086,-1.0348551657521659,100
USDCHF,2019,260,261,34.69961372893801,0.48546622664752925,3.2914622744065944,-2.238963058785026,-2.805996047759065,-5.530425333191621,100
USDCHF,2020,290,262,45.21851008154051,3.51397782234029,-3.068728796218986,1.3497008983367198,6.582706618559277,4.418429694555706,100
USDCHF,2021,20,260,40.33450145111591,2.784952194638506,-4.952343348953755,-0.2690912263747549,7.737295543592261,4.683252122579,100
USDCHF,2022,130,260,58.56646246240281,4.155466011343394,0.6028047142723397,-1.524804437703783,3.5526612970710545,-2.127609151976123,100
USDCHF,2023,10,260,48.76921991491495,3.7739390898408742,-0.8501632760573535,-1.1337490846382359,4.624102365898228,-0.28358580858088234,100
USDCHF,2024,30,262,44.987995956097606,4.391384344159285,3.024473273916618,1.4539213519159173,1.3669110702426668,-1.5705519220007005,100
USDCHF,2025,205,261,56.02369135987692,5.18089920703491,-1.3365036349267936,2.746208163598861,6.517402841961704,4.082711798525654,100
USDCAD,2008,145,116,126.68014395660244,17.54012634381361,2.081573748584768,12.30262116453078,15.458552595228843,10.221047415946012,80
USDCAD,2009,120,261,87.69318169239222,6.213042060027474,-1.98345365443396,-2.4182044421715365,8.196495714461435,-0.43475078773757647,100
USDCAD,2010,255,261,68.467531189432,1.7846956825435227,-4.006229129884569,-3.38376523201482,5.790924812428091,0.622463897869749,100
USDCAD,2011,75,260,61.50720639941164,3.116828820185725,-0.6741606934054242,-2.646011977273636,3.7909895135911493,-1.9718512838682116,100
USDCAD,2012,210,261,38.725908855130044,1.1171386439204096,1.762472440550396,-2.7250107449672276,-0.6453337966299864,-4.487483185517624,100
USDCAD,2013,5,261,37.22705242698025,2.5389977882935053,1.0959712244286002,-2.049827511891626,1.4430265638649051,-3.145798736320226,100
USDCAD,2014,40,261,37.73035754516234,4.926407668910971,2.9240906461575547,3.418941445068541,2.0023170227534166,0.49485079891098627,100
USDCAD,2015,120,261,55.175150960314205,6.84743620613881,-4.077337585844963,3.7279083828220694,10.924773791983773,7.805245968667032,100
USDCAD,2016,10,260,56.93846342651083,3.707624320948049,-1.6090140117214509,0.8547970993909025,5.3166383326695,2.4638111111123533,100
USDCAD,2017,35,260,44.7141781359247,4.090087258808365,0.9645039542883483,0.29576477161362524,3.125583304520017,-0.6687391826747231,100
USDCAD,2018,130,261,42.65619836904322,3.0961132672359186,-0.35309244052118705,0.5759098027667356,3.4492057077571054,0.9290022432879227,100
USDCAD,2019,130,261,32.602846034126614,-0.35309244052118677,-0.3332644108809982,-4.14119205250277,-0.019828029640188594,-3.807927641621772,100
USDCAD,2020,50,262,51.27566997635726,4.389408833775204,-3.0246194882524797,0.7225583865694638,7.414028322027684,3.7471778748219435,100
USDCAD,2021,15,260,43.18157381589127,2.320416874485012,-5.040774215801493,-2.2844950532662214,7.361191090286505,2.7562791625352716,100
USDCAD,2022,125,260,51.42673820123696,3.114038749729934,-0.46790366813893125,-1.8731455844653695,3.5819424178688655,-1.4052419163264382,100
USDCAD,2023,295,260,37.07697498049245,1.745386294735205,-0.04755821696666189,-3.556353600908707,1.792944511701867,-3.508795383942045,100
USDCAD,2024,200,262,30.42890121078087,2.936201745033622,-2.8290309148607236,0.6137739043641457,5.7652326598943455,3.442804819224869,100
USDCAD,2025,30,261,33.52284580478377,2.0601417032256992,-0.14079921689148622,-1.5146025460295116,2.2009409201171852,-1.3738033291380254,100
EURJPY,2008,40,221,146.30445633954614,14.132529857109247,-11.038418495472225,7.218533362132923,25.170948352581473,18.25695185760515,87
EURJPY,2009,65,261,106.86123719680963,6.177711343113573,3.13153257655611,-1.8037131110784566,3.0461787665574627,-4.935245687634566,100
EURJPY,2010,155,261,92.00544520534216,7.45177537860407,-2.444500058671509,-2.412471293422196,9.89627543727558,0.032028765249313196,100
EURJPY,2011,60,260,82.66045448784419,3.9269789665797363,4.157525569652109,-3.588278462058296,-0.23054660307237285,-7.745804031710405,100
EURJPY,2012,15,261,71.26621011949001,10.362406417054103,0.19559846051664173,7.165443024784956,10.166807956537461,6.969844564268314,100
EURJPY,2013,110,261,83.29544313523823,9.303759254230526,-0.8100988551966943,5.923951395177772,10.11385810942722,6.734050250374466,100
EURJPY,2014,5,261,46.76938843172644,1.662496205754521,4.541017780539023,-3.976495649197286,-2.878521574784502,-8.517513429736308,100
EURJPY,2015,10,261,64.59884396495623,4.824725972134166,5.63012539665354,-2.151628121602174,-0.8053994245193739,-7.781753518255714,100
EURJPY,2016,60,260,70.54354870263144,9.06020408963934,2.081379205152143,4.115542770445181,6.978824884487198,2.034163565293038,100
EURJPY,2017,210,260,49.7707382244107,8.485796922903068,-2.287654700362666,4.425293966671769,10.773451623265734,6.712948667034436,100
EURJPY,2018,160,261,51.175895954815914,0.7420673894879032,1.0954944927045012,-3.207915879774792,-0.353427103216598,-4.303410372479293,100
EURJPY,2019,40,261,42.418447733384646,2.271372463497062,-0.09964694295026635,0.03647661050378472,2.3710194064473282,0.13612355345405108,100
EURJPY,2020,195,262,50.555419365418295,3.736093405528334,1.6493983174822147,-0.3715657751415317,2.0866950880461195,-2.020964092623746,100
EURJPY,2021,15,260,34.42307077626837,2.730073250433961,-5.491144855490403,-1.6671129676729202,8.221218105924365,3.8240318878174833,100
EURJPY,2022,170,260,73.98006951385325,2.70243243173329,1.84909624070383,-3.9308065307412887,0.8533361910294599,-5.779902771445119,100
EURJPY,2023,140,260,59.787166706028025,4.411790920399977,-3.2679573070395005,-0.7720364197065719,7.679748227439477,2.495920887332929,100
EURJPY,2024,5,262,56.27149946939154,5.211474300949966,-2.5876292991507177,-1.6663694516571042,7.799103600100684,0.9212598474936136,100
GBPJPY,2008,155,106,211.60934482492982,41.86318340596348,-14.390845802724442,37.252865712009864,56.254029208687925,51.643711514734306,87
GBPJPY,2009,45,261,127.96604527308065,3.9553941915662634,-5.665769691722146,-9.220500517331558,9.62116388328841,-3.554730825609412,100
GBPJPY,2010,155,261,89.5864220090649,6.366090781840155,-1.9666195770409811,-3.6648086525079804,8.332710358881137,-1.6981890754669993,100
GBPJPY,2011,300,260,70.53127381405305,2.518480183736229,0.09630882924110364,-5.1274232484895315,2.4221713544951253,-5.223732077730635,100
GBPJPY,2012,45,261,62.57028996755513,7.5347348832483005,4.000588536467265,1.9880214475736802,3.5341463467810357,-2.0125670888935847,100
GBPJPY,2013,110,261,74.8997636012242,8.494801949401914,1.5494797325965899,5.427456491119026,6.945322216805325,3.877976758522436,100
GBPJPY,2014,140,261,53.97137948446572,3.581852312025735,-1.4313373611219928,-0.6902370046516083,5.013189673147728,0.7411003564703845,100
GBPJPY,2015,20,261,57.953906399302284,6.146073450060589,6.356373918908801,-1.6636716805566243,-0.21030046884821196,-8.020045599465426,100
GBPJPY,2016,60,260,113.01723629574133,13.676894155150991,1.19638032306237,6.0752005488584215,12.480513832088622,4.878820225796051,100
GBPJPY,2017,170,260,63.560538478885974,6.0941736070531505,0.33540334883614603,-0.1533323508733125,5.758770258217004,-0.4887356997094585,100
GBPJPY,2018,270,261,59.339581790146525,2.766760260676824,-3.8909577517289393,-1.6326958058895698,6.657718012405763,2.2582619458393696,100
GBPJPY,2019,30,261,64.47519940626289,6.398124064028455,-1.771060786612203,2.01405154325452,8.169184850640658,3.785112329866723,100
GBPJPY,2020,50,262,67.99401971055093,5.025703812880396,-1.8483436196681955,-5.642396361459672,6.874047432548592,-3.794052741791476,100
GBPJPY,2021,220,260,45.92426176526013,4.489578008064652,-0.018971027275028318,-0.04937786127856748,4.50854903533968,-0.03040683400353916,100
GBPJPY,2022,10,260,77.70998568676293,2.421758203619393,-1.2744928232268071,-3.794047200248558,3.6962510268462,-2.519554377021751,100
GBPJPY,2023,70,260,61.11263729210425,5.4013588899901945,-2.238402509751796,0.23767553451321308,7.639761399741991,2.476078044265009,100
GBPJPY,2024,5,262,60.48331114197523,4.461957001154468,-6.408780534326394,-3.0776042599682927,10.870737535480862,3.3311762743581013,100
GBPJPY,2025,185,261,52.59298662066666,4.122623183992534,1.6917689320265492,-1.0672192982895978,2.430854251965985,-2.758988230316147,100
XAUUSD,2008,20,154,225.41402271449215,15.447399891641448,0.37013284814314473,-13.233383480814682,15.077267043498303,-13.603516328957827,99
XAUUSD,2009,5,261,120.93368827409647,13.181050175669629,-3.468108296616732,0.66869443568641,16.64915847228636,4.136802732303142,99
XAUUSD,2010,120,261,95.6096949957541,11.630387655829379,4.123220529349929,6.351264654870172,7.50716712647945,2.228044125520243,100
XAUUSD,2011,70,260,129.5352853797433,12.725428552944091,1.8367016111438146,1.2240069833561347,10.888726941800277,-0.6126946277876799,100
XAUUSD,2012,290,261,89.64491919079462,7.7075153229828,7.610142823729112,-4.552192146683954,0.09737249925368818,-12.162334970413067,100
XAUUSD,2013,245,259,132.6841758064593,12.531464190046355,-0.0013902277357574304,3.7833207714379107,12.532854417782113,3.7847109991736683,100
XAUUSD,2014,140,260,87.16397555582279,3.0718379038055024,1.3606911073748693,-7.245435256675787,1.711146796430633,-8.606126364050656,100
XAUUSD,2015,265,259,83.01374948308374,6.47374596624809,-8.602437943300242,-3.6055857015363544,15.07618390954833,4.996852241763888,100
XAUUSD,2016,50,259,94.052498249248,10.984022400299045,-1.5691259003910127,0.8482037053830811,12.553148300690058,2.4173296057740936,100
XAUUSD,2017,5,259,62.024225012230694,9.782231965432413,-5.4951889547769985,5.187698314439875,15.277420920209412,10.682887269216874,100
XAUUSD,2018,60,260,59.90678119708383,5.382462171285299,4.993025491547307,3.4471856896467723,0.389436679737992,-1.5458398019005348,100
XAUUSD,2019,110,260,73.82607460477475,6.738731580853194,7.123018048533175,1.264494349157951,-0.3842864676799813,-5.858523699375224,100
XAUUSD,2020,165,260,121.97260520030922,9.363415292830547,-4.188278531255416,3.428630991783283,13.551693824085962,7.616909523038699,100
XAUUSD,2021,115,258,82.41319771015729,1.058118682915992,-1.6010414054608664,-10.805306308064718,2.6591600883768587,-9.204264902603851,100
XAUUSD,2022,30,259,93.12440663942645,6.838360718733813,-5.319855887679811,-2.2527208320249734,12.158216606413625,3.0671350556548376,100
XAUUSD,2023,5,259,81.28215915889258,8.692620671050955,2.5983953770529706,1.517130421550813,6.094225293997985,-1.0812649555021576,100
XAUUSD,2024,80,261,94.16343551919088,9.67285353999637,19.34030476441055,4.247180221008545,-9.667451224414181,-15.093124543402006,100
XAUUSD,2025,95,260,120.3390978507139,19.900934127386453,14.625143630108449,15.386969155100722,5.275790497278004,0.7618255249922736,100
XAGUSD,2008,115,146,394.79103179515056,24.200472248050044,-0.44535847472688167,-6.081043005053011,24.645830722776925,-5.635684530326129,95
XAGUSD,2009,75,261,210.79644237223772,14.080464780714987,8.245460687895816,-18.29060862440666,5.835004092819171,-26.536069312302473,100
XAGUSD,2010,215,261,184.16209468910318,25.113726787722225,3.0179397621709643,15.248441590956654,22.09578702555126,12.23050182878569,100
XAGUSD,2011,5,260,280.39364763191116,35.19748699721793,-3.0091209721912495,6.931909024359344,38.20660796940918,9.941029996550593,100
XAGUSD,2012,15,261,156.54178013890518,14.757918783216875,5.322500245249977,-9.081746548277243,9.435418537966898,-14.40424679352722,100
XAGUSD,2013,270,259,199.9131026520419,19.043262523182605,1.5869124780630628,3.1775174327497977,17.456350045119542,1.590604954686735,100
XAGUSD,2014,245,260,137.08361217907174,12.872781328191921,1.2713420363816397,-1.0216565698151445,11.601439291810282,-2.292998606196784,100
XAGUSD,2015,95,259,146.32794023149077,4.619395940932602,8.997577926968008,-9.523933167060171,-4.378181986035406,-18.521511094028178,100
XAGUSD,2016,60,259,151.82923419768017,17.334156485545368,-11.787998388785066,5.794079806079899,29.122154874330434,17.582078194864966,100
XAGUSD,2017,5,259,102.13643428034969,11.201303453642659,-18.20398541080684,-2.7484420801153635,29.4052888644495,15.455543330691476,100
XAGUSD,2018,75,260,100.37534906803086,3.313778803384667,-3.0067204292187735,-9.07940127743785,6.32049923260344,-6.0726808482190755,100
XAGUSD,2019,185,260,117.73241121572437,10.223138856822384,-1.9785900372282552,1.9510709850886951,12.201728894050639,3.9296610223169504,100
XAGUSD,2020,30,260,292.61183891434285,30.274465833539235,-7.85156997245004,13.920986155864888,38.126035805989275,21.77255612831493,100
XAGUSD,2021,135,258,160.867701713135,8.920680164802192,-0.9463583423528498,-8.68643915263375,9.867038507155042,-7.740080810280899,100
XAGUSD,2022,40,259,186.74931275821353,15.666722061639438,-13.58770929309127,0.36292878827399233,29.25443135473071,13.950638081365263,100
XAGUSD,2023,5,259,155.50251383443583,12.260046874257297,-1.963413450136873,-3.618087535030107,14.22346032439417,-1.654674084893234,100
XAGUSD,2024,260,261,193.61270665025242,12.100090569149984,36.89595525242847,-2.1273232118589664,-24.795864683278488,-39.023278464287436,100
XAGUSD,2025,210,260,197.8676444905448,36.895955252428465,-1.3009894120086685,25.24203800233319,38.19694466443713,26.543027414341857,100
WTI,2012,25,259,153.6427132708498,11.352035887071468,-11.828640106259954,-4.3578935312368765,23.18067599333142,7.470746575023077,93
WTI,2013,70,256,117.79533262928557,2.910020367582283,26.782086729852292,-8.422481034235206,-23.872066362270008,-35.2045677640875,100
WTI,2014,225,255,142.0802119931273,28.305870423333182,9.883681634570115,22.99764993283035,18.422188788763066,13.113968298260234,100
WTI,2015,45,258,262.3276698817112,19.107403221165665,2.590846427465895,1.7960681200433946,16.51655679369977,-0.7947783074225006,100
WTI,2016,10,258,286.35869701716456,12.901534882397831,1.7331538947350242,-6.07952723603034,11.168380987662808,-7.812681130765364,100
WTI,2017,5,258,148.87505073918993,11.446699848672282,16.113309277911586,-3.1726628962122914,-4.666609429239305,-19.285972174123877,100
WTI,2018,115,260,188.56824725132526,22.158669912144074,-25.89634898943863,15.241539651896574,48.0550189015827,41.1378886413352,100
WTI,2019,15,260,193.987337815319,4.071802785095977,9.11138099266331,-22.113691494532006,-5.039578207567334,-31.225072487195316,100
WTI,2020,20,260,553.7178599603471,45.95587933833644,17.606166427984697,3.8090270452569452,28.34971291035174,-13.797139382727751,100
WTI,2021,140,258,217.2984807758124,19.572405861844114,8.613117201724988,9.065796797869751,10.959288660119126,0.4526795961447636,100
WTI,2022,85,259,295.31753409330486,26.069201320094933,-6.266506428538542,14.899205413632103,32.335707748633475,21.165711842170644,100
WTI,2023,5,259,207.1849899723069,12.8916034973762,-25.958056234918164,-4.8092352533352685,38.84965973229436,21.148820981582894,100
WTI,2024,75,261,172.45248506151842,1.7116785208901004,-6.375437526990899,-20.092135153552565,8.087116047880999,-13.716697626561666,100
WTI,2025,35,260,204.1469656620627,13.256446682542846,67.63516755521334,-3.8943486819785313,-54.3787208726705,-71.52951623719187,100
UKOIL,2011,15,239,186.78554655362169,8.642622723217857,-1.5069077995885363,-13.927496912046445,10.149530522806392,-12.42058911245791,98
UKOIL,2012,25,237,148.62018934328276,8.93174996174553,-7.61615800172668,-8.299008313097382,16.54790796347221,-0.6828503113707018,100
UKOIL,2013,225,225,125.44531545246582,1.7833892519407573,22.4446304945421,-12.474265304365526,-20.661241242601342,-34.91889579890763,100
UKOIL,2014,220,258,125.59638877111644,26.39577370762284,12.505386822400386,17.553098645299173,13.890386885222455,5.047711822898787,100
UKOIL,2015,10,258,260.31923441929854,19.92105119659753,9.254561665267591,-1.6640842383687646,10.66648953132994,-10.918645903636357,100
UKOIL,2016,50,258,275.1252682217984,10.198013758021613,0.9594354594124659,-0.02002139353647974,9.238578298609147,-0.9794568529489456,100
UKOIL,2017,245,257,149.1708738315763,10.790179754215655,3.88777173485841,-3.5468368715138197,6.902408019357246,-7.43460860637223,100
UKOIL,2018,115,258,181.96132011668396,18.76562808900728,-19.545313387546756,11.749281496236877,38.310941476554035,31.29459488378363,100
UKOIL,2019,260,258,190.0105428237837,0.39122678436222663,-5.016211641434417,-21.914869250649584,5.407438425796643,-16.898657609215167,100
UKOIL,2020,5,259,432.3207753243823,47.41435007018488,-14.453300605343518,10.285158669513008,61.867650675528395,24.738459274856524,100
UKOIL,2021,140,259,208.3783238639396,17.998451824061593,12.430597940933406,3.7795864541371134,5.567853883128187,-8.651011486796293,100
UKOIL,2022,85,258,295.0652701161994,25.6421775220154,-9.152681881229144,10.92427904814245,34.794859403244544,20.076960929371594,100
UKOIL,2023,5,257,193.77467710533952,12.757468692063318,-20.76213430940899,1.9816613408200792,33.519603001472305,22.743795650229067,100
UKOIL,2024,250,259,156.7981098713052,4.989133296679942,4.096933283322585,-8.721238205431916,0.8922000133573569,-12.818171488754501,100
UKOIL,2025,275,258,186.57946703954707,9.01113380906732,-19.13256617402015,-13.833931194827201,28.14369998308747,5.298634979192947,100
US500,2012,130,121,75.61026448974286,5.729729313358589,10.362306045479984,-4.76185405973156,-4.632576732121396,-15.124160105211544,93
US500,2013,85,256,67.82075684407992,10.362306045479986,0.105609069113793,8.452469797454722,10.256696976366193,8.346860728340928,100
US500,2014,130,258,69.43968232624277,4.704100347510459,-3.2583307914473196,-0.7359238709252895,7.962431138957779,2.5224069205220303,100
US500,2015,25,259,97.99523868135317,3.713234639870202,-1.7466631367140808,-7.484041213815245,5.459897776584283,-5.737378077101164,100
US500,2016,120,258,81.84476479745247,4.416826313579122,6.998727539904811,1.2417749209477686,-2.581901226325689,-5.756952618957042,100
US500,2017,65,257,40.923760457518945,6.998727539904813,1.2499341901876702,6.42485715557543,5.748793349717143,5.1749229653877595,100
US500,2018,205,259,104.70269022826574,6.931595350167937,0.20171318680213035,0.1649828873744558,6.729882163365807,-0.036730299427674556,100
US500,2019,10,260,84.51144029452679,8.467715243854276,7.227211849105596,0.11728892422066853,1.2405033947486794,-7.109922924884928,100
US500,2020,30,260,198.38270673564233,13.786169948699868,2.469917723111713,0.46188373024085905,11.316252225588155,-2.0080339928708537,100
US500,2021,70,259,83.68303217049642,9.614124212386752,-10.520136701018176,8.30754392618075,20.13426091340493,18.827680627198927,100
US500,2022,5,259,147.7534474224594,4.881565932574623,1.2283396380673604,-10.6927472493826,3.6532262945072627,-11.921086887449961,100
US500,2023,145,260,77.63539781894049,9.36328554243095,8.384555690940257,-1.8936813162905763,0.9787298514906926,-10.278237007230834,100
US500,2024,70,261,76.75579777128584,8.384555690940248,3.797002014028756,2.7911020495278196,4.587553676911492,-1.0058999645009363,100
US500,2025,195,260,122.44801437614281,5.2546270356434395,7.343479151787224,-8.354918708833129,-2.0888521161437845,-15.698397860620354,100
USTECH,2012,125,116,91.90889301106424,9.441131124385826,8.00864871607614,-1.0811586868179315,1.4324824083096868,-9.08980740289407,94
USTECH,2013,280,208,74.84244819334394,13.744215271108573,7.142155852382766,13.444528473524564,6.602059418725807,6.302372621141798,100
USTECH,2014,100,257,85.93775457274707,7.14215585238277,-7.170980945103657,-0.8400375268872353,14.313136797486427,6.330943418216421,100
USTECH,2015,275,258,111.6122371392436,3.7608534443388137,-6.652892281681675,-7.2199291796730085,10.413745726020489,-0.5670368979913336,100
USTECH,2016,120,258,101.00368520762194,5.514584363482466,10.8597628869782,-7.0403468130790285,-5.345178523495734,-17.90010970005723,100
USTECH,2017,65,257,64.0067091270031,10.859762886978197,-0.512769578873027,10.448229881909349,11.372532465851224,10.960999460782375,100
USTECH,2018,100,259,139.3219549124988,8.885516026445957,-3.0027991493661044,2.3545957096092893,11.888315175812062,5.357394858975393,100
USTECH,2019,280,260,108.01357973748466,11.236818390563995,15.967336466044957,2.9011539693476793,-4.730518075480962,-13.066182496697277,100
USTECH,2020,20,260,212.69408703301838,17.518058403125604,-3.3765489318234208,1.0960102158602059,20.894607334949026,4.472559147683627,100
USTECH,2021,90,259,118.57231930167224,9.8887277033606,-3.4990890053109625,0.6763100298084637,13.387816708671561,4.175399035119426,100
USTECH,2022,105,259,196.7403912774371,7.244617469230968,3.031985479978122,-11.807714132432086,4.212631989252846,-14.839699612410207,100
USTECH,2023,55,260,107.62434181775302,13.88487839706397,-0.032480761929402704,0.7789988842892305,13.917359158993373,0.8114796462186332,100
USTECH,2024,120,261,111.54560292988391,9.181006084424991,-3.57031292328432,-0.5472632061427928,12.751319007709311,3.0230497171415274,100
USTECH,2025,195,260,153.8636019295485,7.123156298054925,15.070497754803586,-8.593181708294235,-7.947341456748662,-23.66367946309782,100
BTCUSD,2017,60,139,597.540860762518,162.61366923976462,0.9459739117993786,115.4709760887759,161.66769532796525,114.52500217697651,82
BTCUSD,2018,5,312,448.8751151477434,37.83097003408674,-13.985741012719302,-21.0169091189088,51.81671104680604,-7.031168106189497,100
BTCUSD,2019,40,313,403.7818905823689,45.61579472927157,19.935897059121547,22.15764373468586,25.679897670150023,2.2217466755643116,100
BTCUSD,2020,15,334,413.1231542447451,53.18984116105181,-11.443324588507004,30.167038228507217,64.63316574955881,41.61036281701422,100
BTCUSD,2021,40,365,424.2394805680776,36.24706009353434,0.27926470266251374,18.070281139118677,35.96779539087182,17.791016436456164,100
BTCUSD,2022,250,365,334.16191582423323,29.93130387198579,5.685535536829538,12.863850002931827,24.245768335156253,7.178314466102289,100
BTCUSD,2023,30,365,230.9316746593219,27.414644317300944,-2.591081593658141,4.835781487770594,30.005725910959086,7.426863081428735,100
BTCUSD,2024,75,366,279.2182759455895,28.673031642916722,5.915878948307441,10.151681291625517,22.75715269460928,4.235802343318076,100
BTCUSD,2025,85,365,219.0050293273782,10.688272630262157,4.376836409900482,-6.9458929590848335,6.311436220361674,-11.322729368985316,100
