sym,rule,n_years,c,a,b,lam,rss_const,rss_exp,aic_const,aic_exp,dAIC_const_minus_exp,half_life_years,lam_ci_lo,lam_ci_hi,lam_null_p95,lam_null_mean,lam_null_pct,ci_excludes_zero_pos,above_null_p95,decay_ok,flat_ok,first_year,last_year
EURUSD,TSMOM20,19,0.2803666335542059,10.535850692110827,-0.508096829167548,1.2150000000000016,199.64508198957003,89.73690759923551,46.689942196704955,35.496420063357135,11.19352213334782,0.5704915066336991,-0.5,3.000000000000003,3.000000000000003,0.4804500000000008,0.816,False,False,False,False,2008,2026
GBPUSD,TSMOM20,19,-0.511233749019511,-3.094970461355432,0.6484190940930729,0.14000000000000057,133.4010523952274,119.92127299332543,39.029499822769544,41.005533308597315,-1.9760334858277702,4.951051289713875,-0.48574999999999996,3.000000000000003,3.000000000000003,0.6884900000000012,0.482,False,False,False,True,2008,2026
AUDUSD,TSMOM20,19,0.9921276734385015,16.152624024228498,-0.22972355958192214,1.1900000000000015,508.5651251779725,249.41347321344705,64.4559317234562,54.91878842743465,9.537143296021554,0.582476622319281,-0.5,3.000000000000003,3.000000000000003,0.573000000000001,0.77,False,False,False,False,2008,2026
USDJPY,TSMOM20,19,0.5297005614572295,8.296760366996002,0.07014925066534522,3.000000000000003,249.80263651002022,184.80791270365523,50.948411286107124,49.22268193891435,1.7257293471927753,0.2310490601866482,-0.13812499999999964,3.000000000000003,3.000000000000003,0.594650000000001,0.838,False,False,False,True,2008,2026
USDCHF,TSMOM20,19,-0.2905613057863827,7.535583573950809,-0.7079516070377525,3.000000000000003,269.70554686348345,216.0894999138465,52.40494453361279,52.19382018886633,0.2111243447464588,0.2310490601866482,0.06212500000000052,3.000000000000003,3.000000000000003,0.5878100000000009,0.846,True,False,False,True,2008,2026
USDCAD,TSMOM20,19,-1.019953607889774,-2.4350745064305777,-0.38089971155918434,0.22000000000000064,107.17769260539087,98.28314919046605,34.87093397252389,37.22485860934591,-2.353924636822015,3.1506690025451967,-0.5,0.8483750000000003,3.000000000000003,0.600980000000001,0.576,False,False,False,True,2008,2026
EURJPY,TSMOM20,18,0.6109284511547034,13.780008232158188,-0.19473940224181607,3.000000000000003,262.346077118628,83.66940619778632,50.22727002686511,33.65702943776327,16.570240589101843,0.2310490601866482,0.11425000000000059,3.000000000000003,3.000000000000003,0.45889000000000085,0.882,True,False,False,False,2008,2025
GBPJPY,TSMOM20,19,0.6710730746195497,18.662831220552523,-0.36264709700424613,3.000000000000003,591.0474692817234,262.18367270226366,67.31168975046822,55.86752007674414,11.444169673724076,0.2310490601866482,-0.5,3.000000000000003,3.000000000000003,0.586650000000001,0.842,False,False,False,False,2008,2026
XAUUSD,TSMOM20,19,1.8006722684293806,14.377041165031429,1.0043387815685016,3.000000000000003,529.0254849602056,333.8613361913284,65.20535491793284,60.45944856356122,4.74590635437162,0.2310490601866482,-0.5,3.000000000000003,3.000000000000003,0.6390000000000011,0.84,False,False,False,False,2008,2026
XAGUSD,TSMOM20,19,-2.1735606381364754,-0.004791552545101855,3.019574033586774,-0.5,5309.622191408833,3437.2193399066546,109.02390266074393,104.76160314514777,4.262299515596155,,-0.5,3.000000000000003,3.000000000000003,0.5260100000000009,0.0,False,False,False,False,2008,2026
WTI,TSMOM20,15,7.421727370191803,0.023692985199347035,3.0218686415380356,-0.5,4536.981392904134,3759.3848481013174,87.67950466046062,88.85940626503088,-1.1799016045702615,,-0.5,1.2652499999999969,3.000000000000003,0.620920000000001,0.0,False,False,False,True,2012,2026
UKOIL,TSMOM20,16,4.1390958367846995,0.012595473045482062,0.5229452843732636,-0.5,4000.538244708256,3389.324087627227,90.34552751978828,91.6927531851886,-1.347225665400316,,-0.5,3.000000000000003,3.000000000000003,0.5084100000000009,0.0,False,False,False,True,2011,2026
US500,TSMOM20,15,0.596905672675864,-6.545844887719875,3.7412239552819644,0.12500000000000056,307.19041078672285,266.3389273614943,47.29126377195714,49.150791894537086,-1.8595281225799454,5.545177444479537,-0.5,2.9311249999999998,3.000000000000003,0.6632600000000012,0.478,False,False,False,True,2012,2026
USTECH,TSMOM20,15,0.42052033657442606,-0.007970455883200559,1.9006580057616855,-0.5,574.0862936750256,486.08661619275915,56.67094281996135,58.17504944306048,-1.5041066230991333,,-0.5,3.000000000000003,3.000000000000003,0.49922000000000083,0.0,False,False,False,True,2012,2026
BTCUSD,TSMOM20,10,13.458075496118903,56.02054943060434,7.5624969825350865,3.000000000000003,4711.659480956494,1913.1375794286296,63.55210363375549,58.539147920142355,5.012955713613138,0.2310490601866482,-0.5,3.000000000000003,3.000000000000003,0.7369200000000011,0.814,False,False,False,False,2017,2026
EURUSD,DONCHIAN55_20,19,0.09771387965398348,2.498044625847283,-1.3326821534666489,0.0700000000000005,51.86548681999629,46.31531092835014,21.08007732332667,22.9296387202866,-1.8495613969599312,9.902102579427718,-0.5,3.000000000000003,3.000000000000003,0.6402300000000011,0.436,False,False,False,True,2008,2026
GBPUSD,DONCHIAN55_20,19,-0.3046036659883427,5.723248548737187,-0.6216100945483869,3.000000000000003,90.37190374555826,59.444303526618896,31.63039437232697,27.671415576395585,3.958978795931383,0.2310490601866482,-0.5,3.000000000000003,3.000000000000003,0.546210000000001,0.842,False,False,False,False,2008,2026
AUDUSD,DONCHIAN55_20,19,0.07632068594032,12.821775411535663,-0.7370541689454757,1.7700000000000022,320.270197316901,163.5300155285288,55.6697945123482,46.8985939351867,8.771200577161494,0.3916085765875392,-0.5,3.000000000000003,3.000000000000003,0.558840000000001,0.826,False,False,False,False,2008,2026
USDJPY,DONCHIAN55_20,19,0.6693233685919466,6.112542207549876,0.33075425733685987,3.000000000000003,195.99477804120673,160.71671343871955,46.33933170418277,46.56888155072833,-0.22954984654555943,0.2310490601866482,-0.5,3.000000000000003,3.000000000000003,0.618850000000001,0.842,False,False,False,True,2008,2026
USDCHF,DONCHIAN55_20,19,-0.5238642307332517,2.2959843699139917,-0.8795019397630991,0.4150000000000008,208.3185178288371,201.37407809905892,47.49795603407886,50.85378040150002,-3.3558243674211568,1.6702341700239614,-0.5,3.000000000000003,3.000000000000003,0.601190000000001,0.656,False,False,False,True,2008,2026
USDCAD,DONCHIAN55_20,19,-0.24234210469735026,3.374515708312836,-0.42925398939053816,3.000000000000003,87.62500727989419,76.87313944007059,31.043921536099887,32.556633340973676,-1.5127118048737884,0.2310490601866482,-0.5,3.000000000000003,3.000000000000003,0.7042800000000011,0.806,False,False,False,True,2008,2026
EURJPY,DONCHIAN55_20,18,0.33974514175051407,9.771561676536974,-0.23156316138206312,3.000000000000003,252.51978523652386,162.67417697084028,49.54012121219318,45.62479550626408,3.9153257059290993,0.2310490601866482,-0.2538749999999997,3.000000000000003,3.000000000000003,0.4859900000000009,0.872,False,False,False,False,2008,2025
GBPJPY,DONCHIAN55_20,19,0.49072022728245135,18.824050707009484,-0.5519297703275463,3.000000000000003,623.0012310185191,288.43109159593166,68.31208079586305,57.680327325001805,10.631753470861248,0.2310490601866482,0.03112500000000055,3.000000000000003,3.000000000000003,0.5933500000000009,0.85,True,False,False,False,2008,2026
XAUUSD,DONCHIAN55_20,19,1.2919071370366018,0.0021322218549379274,-1.0190171695336043,-0.5,617.8932546540599,247.1172975144476,68.15565798922913,54.74305853574064,13.41259945348849,,-0.5,3.000000000000003,3.000000000000003,0.45510000000000084,0.0,False,False,False,False,2008,2026
XAGUSD,DONCHIAN55_20,19,2.0745402078552284,0.0017074334057324823,0.22400605728391776,-0.5,1593.534116049454,1355.7765578254778,86.15614071540722,87.08612321243722,-0.9299824970299966,,-0.5,2.314999999999998,3.000000000000003,0.7576800000000012,0.0,False,False,False,True,2008,2026
WTI,DONCHIAN55_20,15,3.506221567792595,0.01774350979986595,0.2111983441236167,-0.5,2506.1230933799698,2070.0153305239182,78.7766307891913,79.90891636769973,-1.13228557850843,,-0.5,1.9306249999999947,3.000000000000003,0.594380000000001,0.0,False,False,False,True,2012,2026
UKOIL,DONCHIAN55_20,16,3.8476482330162654,0.008446914627001064,1.4225455882562419,-0.5,2202.6270734532327,1927.7359926671168,80.79707726406727,82.66420496464882,-1.8671277005815483,,-0.5,3.000000000000003,3.000000000000003,0.7445400000000011,0.0,False,False,False,True,2011,2026
US500,DONCHIAN55_20,15,0.2337551559402185,-3.7011827679454528,1.688828875095781,0.1700000000000006,190.11162623770878,174.6327653993431,40.093418075872194,42.81952626731172,-2.726108191439529,4.077336356234958,-0.5,3.000000000000003,3.000000000000003,0.720140000000001,0.48,False,False,False,True,2012,2026
USTECH,DONCHIAN55_20,15,1.3239004089065358,-7.366851916577074,6.802332271785467,0.045000000000000484,327.4363025873065,310.5500674060865,48.24865008709537,51.45442402435457,-3.2057739372592025,15.40327067910973,-0.5,3.000000000000003,3.000000000000003,0.6969500000000012,0.38,False,False,False,True,2012,2026
BTCUSD,DONCHIAN55_20,10,14.513531778269897,92.49674756753869,4.779213870319232,3.000000000000003,9208.136802761526,1578.7979133002364,70.25257714243608,56.61833929093897,13.634237851497112,0.2310490601866482,0.534250000000001,3.000000000000003,3.000000000000003,0.4770000000000009,0.902,True,False,False,False,2017,2026
