sym,rule,year,y,n_days
EURUSD,TSMOM20,2008,10.19724789307248,241
EURUSD,TSMOM20,2009,0.9844755052253646,261
EURUSD,TSMOM20,2010,5.499555996757694,261
EURUSD,TSMOM20,2011,-4.771436654637698,260
EURUSD,TSMOM20,2012,-1.6123819870568947,261
EURUSD,TSMOM20,2013,-3.233943788519139,261
EURUSD,TSMOM20,2014,1.8827333970707025,261
EURUSD,TSMOM20,2015,1.72832506972748,261
EURUSD,TSMOM20,2016,-1.3671002486412656,260
EURUSD,TSMOM20,2017,-0.4263516420198125,260
EURUSD,TSMOM20,2018,-1.4362648289953241,261
EURUSD,TSMOM20,2019,-2.266865638162675,261
EURUSD,TSMOM20,2020,-1.9284260366313302,262
EURUSD,TSMOM20,2021,-1.5852302258257878,260
EURUSD,TSMOM20,2022,-0.5597370783403475,260
EURUSD,TSMOM20,2023,2.0551696538405797,260
EURUSD,TSMOM20,2024,0.5020175565159639,262
EURUSD,TSMOM20,2025,1.813488861924079,261
EURUSD,TSMOM20,2026,-0.14830976777415614,129
EURUSD,DONCHIAN55_20,2008,0.8581125928722194,206
EURUSD,DONCHIAN55_20,2009,0.5749647078496275,261
EURUSD,DONCHIAN55_20,2010,4.14493132829527,261
EURUSD,DONCHIAN55_20,2011,-0.6710050309193294,260
EURUSD,DONCHIAN55_20,2012,-0.9338452603227546,261
EURUSD,DONCHIAN55_20,2013,-2.697468276478598,261
EURUSD,DONCHIAN55_20,2014,3.3953210512274423,261
EURUSD,DONCHIAN55_20,2015,0.027174426758964573,261
EURUSD,DONCHIAN55_20,2016,0.331989246391176,260
EURUSD,DONCHIAN55_20,2017,0.956089828472909,260
EURUSD,DONCHIAN55_20,2018,0.9826481583167364,261
EURUSD,DONCHIAN55_20,2019,-1.7203804666703246,261
EURUSD,DONCHIAN55_20,2020,-1.1240420015251293,262
EURUSD,DONCHIAN55_20,2021,-1.069982593302759,260
EURUSD,DONCHIAN55_20,2022,1.410217453140649,260
EURUSD,DONCHIAN55_20,2023,-1.0552622190012473,260
EURUSD,DONCHIAN55_20,2024,-0.3027200973333818,262
EURUSD,DONCHIAN55_20,2025,0.4562380990524317,261
EURUSD,DONCHIAN55_20,2026,-1.7064172333982164,129
GBPUSD,TSMOM20,2008,-1.037304610804522,241
GBPUSD,TSMOM20,2009,-4.939335103365235,261
GBPUSD,TSMOM20,2010,3.3614566925510143,261
GBPUSD,TSMOM20,2011,-5.549892782967985,260
GBPUSD,TSMOM20,2012,-3.1689122072501226,261
GBPUSD,TSMOM20,2013,-0.6582456393921168,261
GBPUSD,TSMOM20,2014,1.0335998835387163,261
GBPUSD,TSMOM20,2015,1.2914546368438087,261
GBPUSD,TSMOM20,2016,-3.6162431268722703,260
GBPUSD,TSMOM20,2017,-1.010368492116907,260
GBPUSD,TSMOM20,2018,5.20921448052212,261
GBPUSD,TSMOM20,2019,0.13394902232696548,261
GBPUSD,TSMOM20,2020,-1.4549640355444564,262
GBPUSD,TSMOM20,2021,-1.9813014065133319,260
GBPUSD,TSMOM20,2022,1.8699053816219333,260
GBPUSD,TSMOM20,2023,1.8096145614087575,260
GBPUSD,TSMOM20,2024,-0.9051346043344984,262
GBPUSD,TSMOM20,2025,1.1096358111163633,261
GBPUSD,TSMOM20,2026,-1.2105696921389397,129
GBPUSD,DONCHIAN55_20,2008,5.260917717623092,206
GBPUSD,DONCHIAN55_20,2009,-3.561571737384481,261
GBPUSD,DONCHIAN55_20,2010,0.06989639191584086,261
GBPUSD,DONCHIAN55_20,2011,-3.8658989077383508,260
GBPUSD,DONCHIAN55_20,2012,-0.4676204784352383,261
GBPUSD,DONCHIAN55_20,2013,-0.9707741587064574,261
GBPUSD,DONCHIAN55_20,2014,1.8679481589468383,261
GBPUSD,DONCHIAN55_20,2015,1.3787350864927854,261
GBPUSD,DONCHIAN55_20,2016,-1.0286339539144036,260
GBPUSD,DONCHIAN55_20,2017,-2.5663768795722848,260
GBPUSD,DONCHIAN55_20,2018,0.5424772611943909,261
GBPUSD,DONCHIAN55_20,2019,1.1040351504032704,261
GBPUSD,DONCHIAN55_20,2020,-0.7667476681727101,262
GBPUSD,DONCHIAN55_20,2021,-0.5717457757083091,260
GBPUSD,DONCHIAN55_20,2022,3.311890104631858,260
GBPUSD,DONCHIAN55_20,2023,-0.4472621080874273,260
GBPUSD,DONCHIAN55_20,2024,-1.6008821385570773,262
GBPUSD,DONCHIAN55_20,2025,-1.2759486091500971,261
GBPUSD,DONCHIAN55_20,2026,-2.1999071095597498,129
AUDUSD,TSMOM20,2008,15.751716389594739,240
AUDUSD,TSMOM20,2009,5.468436023599145,260
AUDUSD,TSMOM20,2010,2.1847341491098193,261
AUDUSD,TSMOM20,2011,-6.412603936755144,260
AUDUSD,TSMOM20,2012,2.721415123268912,261
AUDUSD,TSMOM20,2013,4.024710600256054,261
AUDUSD,TSMOM20,2014,-0.45314687335635984,261
AUDUSD,TSMOM20,2015,-2.9766126187964956,261
AUDUSD,TSMOM20,2016,2.4189575896552795,260
AUDUSD,TSMOM20,2017,-0.28184452437601915,260
AUDUSD,TSMOM20,2018,-0.9699177436620207,261
AUDUSD,TSMOM20,2019,-3.9072447531778334,261
AUDUSD,TSMOM20,2020,8.045556219011422,262
AUDUSD,TSMOM20,2021,-3.5329967337686594,260
AUDUSD,TSMOM20,2022,3.1021309428595845,260
AUDUSD,TSMOM20,2023,-2.3422736377137396,260
AUDUSD,TSMOM20,2024,-1.7098980376704662,262
AUDUSD,TSMOM20,2025,-6.175083135723293,261
AUDUSD,TSMOM20,2026,3.894390752976606,129
AUDUSD,DONCHIAN55_20,2008,12.017755837212839,205
AUDUSD,DONCHIAN55_20,2009,2.076121173332398,260
AUDUSD,DONCHIAN55_20,2010,-0.7324047872503596,261
AUDUSD,DONCHIAN55_20,2011,-6.878509738313838,260
AUDUSD,DONCHIAN55_20,2012,-0.21895980425267483,261
AUDUSD,DONCHIAN55_20,2013,3.485539858089396,261
AUDUSD,DONCHIAN55_20,2014,2.31801330706693,261
AUDUSD,DONCHIAN55_20,2015,0.9168399640536458,261
AUDUSD,DONCHIAN55_20,2016,-1.3744209370273455,260
AUDUSD,DONCHIAN55_20,2017,-1.891776082509633,260
AUDUSD,DONCHIAN55_20,2018,-0.6758554989281788,261
AUDUSD,DONCHIAN55_20,2019,-3.2832237402673945,261
AUDUSD,DONCHIAN55_20,2020,6.056425736988436,262
AUDUSD,DONCHIAN55_20,2021,-2.624379900773066,260
AUDUSD,DONCHIAN55_20,2022,-1.1232079305019023,260
AUDUSD,DONCHIAN55_20,2023,-1.1267234646894673,260
AUDUSD,DONCHIAN55_20,2024,-3.7154866275238083,262
AUDUSD,DONCHIAN55_20,2025,-4.575566402449753,261
AUDUSD,DONCHIAN55_20,2026,2.799912070609858,129
USDJPY,TSMOM20,2008,8.38875916059324,218
USDJPY,TSMOM20,2009,0.13960625413292152,261
USDJPY,TSMOM20,2010,-1.5709738936504416,261
USDJPY,TSMOM20,2011,-5.165612968874307,260
USDJPY,TSMOM20,2012,4.049732659461771,261
USDJPY,TSMOM20,2013,-4.1428159700835065,261
USDJPY,TSMOM20,2014,2.127207993489762,261
USDJPY,TSMOM20,2015,1.232479907410721,261
USDJPY,TSMOM20,2016,3.6764243892650885,260
USDJPY,TSMOM20,2017,-1.2208678686959407,260
USDJPY,TSMOM20,2018,0.3213271202203437,261
USDJPY,TSMOM20,2019,-1.4208819525387741,261
USDJPY,TSMOM20,2020,-4.091882920559002,262
USDJPY,TSMOM20,2021,-1.3590769951560009,260
USDJPY,TSMOM20,2022,8.305667084392935,260
USDJPY,TSMOM20,2023,2.835747258426936,260
USDJPY,TSMOM20,2024,-1.6948001952102918,262
USDJPY,TSMOM20,2025,-0.5647151290480112,261
USDJPY,TSMOM20,2026,0.21898673410991754,129
USDJPY,DONCHIAN55_20,2008,6.700270130938412,183
USDJPY,DONCHIAN55_20,2009,-4.401662076158007,261
USDJPY,DONCHIAN55_20,2010,-1.9599166005913418,261
USDJPY,DONCHIAN55_20,2011,-3.7927558610462193,260
USDJPY,DONCHIAN55_20,2012,2.6524502173116704,261
USDJPY,DONCHIAN55_20,2013,4.290853282273007,261
USDJPY,DONCHIAN55_20,2014,0.8897425996635365,261
USDJPY,DONCHIAN55_20,2015,-1.338183153560204,261
USDJPY,DONCHIAN55_20,2016,5.194437540767658,260
USDJPY,DONCHIAN55_20,2017,-1.4442240426624018,260
USDJPY,DONCHIAN55_20,2018,0.8575305819056259,261
USDJPY,DONCHIAN55_20,2019,-0.5343524382258729,261
USDJPY,DONCHIAN55_20,2020,-1.0023979323348842,262
USDJPY,DONCHIAN55_20,2021,0.6911763751139675,260
USDJPY,DONCHIAN55_20,2022,7.062968441860335,260
USDJPY,DONCHIAN55_20,2023,1.0382494665056532,260
USDJPY,DONCHIAN55_20,2024,1.5502438855478566,262
USDJPY,DONCHIAN55_20,2025,-0.8534899093268751,261
USDJPY,DONCHIAN55_20,2026,-2.883796504734928,129
USDCHF,TSMOM20,2008,7.093710696802671,241
USDCHF,TSMOM20,2009,-5.951880837877258,261
USDCHF,TSMOM20,2010,4.618942576524382,261
USDCHF,TSMOM20,2011,3.5683472666731304,260
USDCHF,TSMOM20,2012,-1.453063474146773,261
USDCHF,TSMOM20,2013,-3.4512633763316125,261
USDCHF,TSMOM20,2014,1.1514377930609228,261
USDCHF,TSMOM20,2015,-8.66679181670702,261
USDCHF,TSMOM20,2016,-1.2871862123930127,260
USDCHF,TSMOM20,2017,-2.4521643246226037,260
USDCHF,TSMOM20,2018,3.162339874343127,261
USDCHF,TSMOM20,2019,0.43300852099304493,261
USDCHF,TSMOM20,2020,-1.401632996543341,262
USDCHF,TSMOM20,2021,2.784952194638503,260
USDCHF,TSMOM20,2022,-4.952343348953755,260
USDCHF,TSMOM20,2023,0.6572052953253682,260
USDCHF,TSMOM20,2024,0.22645910520429238,262
USDCHF,TSMOM20,2025,2.2450623805609267,261
USDCHF,TSMOM20,2026,-1.8458041264922624,129
USDCHF,DONCHIAN55_20,2008,1.4425520608501563,206
USDCHF,DONCHIAN55_20,2009,-2.807534693439319,261
USDCHF,DONCHIAN55_20,2010,4.387767866921263,261
USDCHF,DONCHIAN55_20,2011,5.077527024442913,260
USDCHF,DONCHIAN55_20,2012,-1.9627981192331976,261
USDCHF,DONCHIAN55_20,2013,-5.732781271536047,261
USDCHF,DONCHIAN55_20,2014,2.8862522205075893,261
USDCHF,DONCHIAN55_20,2015,-9.236581441083349,261
USDCHF,DONCHIAN55_20,2016,-2.2122597762534753,260
USDCHF,DONCHIAN55_20,2017,-2.0015676464850904,260
USDCHF,DONCHIAN55_20,2018,2.3451611042379636,261
USDCHF,DONCHIAN55_20,2019,-1.6541624539722313,261
USDCHF,DONCHIAN55_20,2020,-0.9354241299548421,262
USDCHF,DONCHIAN55_20,2021,-2.541705075340603,260
USDCHF,DONCHIAN55_20,2022,0.40058127129095783,260
USDCHF,DONCHIAN55_20,2023,0.10496534027353338,260
USDCHF,DONCHIAN55_20,2024,1.5993622679944834,262
USDCHF,DONCHIAN55_20,2025,0.9815750105735134,261
USDCHF,DONCHIAN55_20,2026,-0.09434994372600225,129
USDCAD,TSMOM20,2008,-1.0813747778132112,241
USDCAD,TSMOM20,2009,-1.0670066590826752,261
USDCAD,TSMOM20,2010,-4.7990907154969795,261
USDCAD,TSMOM20,2011,-5.23412713616621,260
USDCAD,TSMOM20,2012,-1.539941412848206,261
USDCAD,TSMOM20,2013,-4.0930456953528465,261
USDCAD,TSMOM20,2014,0.5524959267292764,261
USDCAD,TSMOM20,2015,4.997032616717288,261
USDCAD,TSMOM20,2016,-0.6944989794630109,260
USDCAD,TSMOM20,2017,-0.5865356062120098,260
USDCAD,TSMOM20,2018,2.570822684195676,261
USDCAD,TSMOM20,2019,-0.5835509603029604,261
USDCAD,TSMOM20,2020,1.162685765927485,262
USDCAD,TSMOM20,2021,-0.8079893111305473,260
USDCAD,TSMOM20,2022,-2.492114549169413,260
USDCAD,TSMOM20,2023,-2.8111539377481827,260
USDCAD,TSMOM20,2024,-0.7420012499775083,262
USDCAD,TSMOM20,2025,-2.309025169944733,261
USDCAD,TSMOM20,2026,0.17930061723306326,129
USDCAD,DONCHIAN55_20,2008,2.9568602031807636,206
USDCAD,DONCHIAN55_20,2009,-0.2764797690879066,261
USDCAD,DONCHIAN55_20,2010,-4.689401112715062,261
USDCAD,DONCHIAN55_20,2011,-2.5491622072585844,260
USDCAD,DONCHIAN55_20,2012,0.013530390979628043,261
USDCAD,DONCHIAN55_20,2013,-2.343846258399887,261
USDCAD,DONCHIAN55_20,2014,1.966891049552136,261
USDCAD,DONCHIAN55_20,2015,4.3278821570193236,261
USDCAD,DONCHIAN55_20,2016,0.6406108366968329,260
USDCAD,DONCHIAN55_20,2017,-0.8267417953329403,260
USDCAD,DONCHIAN55_20,2018,-1.1309723467441033,261
USDCAD,DONCHIAN55_20,2019,-1.7191449972933357,261
USDCAD,DONCHIAN55_20,2020,3.2147067435575947,262
USDCAD,DONCHIAN55_20,2021,0.5181837273499293,260
USDCAD,DONCHIAN55_20,2022,-0.8172449672742034,260
USDCAD,DONCHIAN55_20,2023,-1.9182905441263638,260
USDCAD,DONCHIAN55_20,2024,0.4024176317166894,262
USDCAD,DONCHIAN55_20,2025,-0.98706996235191,261
USDCAD,DONCHIAN55_20,2026,-1.3872287687182558,129
EURJPY,TSMOM20,2008,13.797976311530997,241
EURJPY,TSMOM20,2009,-3.888791391449931,261
EURJPY,TSMOM20,2010,1.883022259914272,261
EURJPY,TSMOM20,2011,1.9898612282097063,260
EURJPY,TSMOM20,2012,4.7901750749627015,261
EURJPY,TSMOM20,2013,0.24733338711688785,261
EURJPY,TSMOM20,2014,1.0468786636333967,261
EURJPY,TSMOM20,2015,0.49196848828420564,261
EURJPY,TSMOM20,2016,-0.0883442657096002,260
EURJPY,TSMOM20,2017,-1.7303618703769876,260
EURJPY,TSMOM20,2018,-3.324173351163835,261
EURJPY,TSMOM20,2019,-1.4355987717079544,261
EURJPY,TSMOM20,2020,-2.837890341350497,262
EURJPY,TSMOM20,2021,1.5328945589447422,260
EURJPY,TSMOM20,2022,-1.8515232701357358,260
EURJPY,TSMOM20,2023,-0.44904050411064617,260
EURJPY,TSMOM20,2024,-0.3707804039980052,262
EURJPY,TSMOM20,2025,1.193106318190943,261
EURJPY,DONCHIAN55_20,2008,9.961542144284683,206
EURJPY,DONCHIAN55_20,2009,-8.25809637221495,261
EURJPY,DONCHIAN55_20,2010,0.6670340985161555,261
EURJPY,DONCHIAN55_20,2011,0.5962745638999283,260
EURJPY,DONCHIAN55_20,2012,3.811707813291414,261
EURJPY,DONCHIAN55_20,2013,3.080877450621534,261
EURJPY,DONCHIAN55_20,2014,-1.8141836389394213,261
EURJPY,DONCHIAN55_20,2015,0.8987370692162561,261
EURJPY,DONCHIAN55_20,2016,3.8679941510025744,260
EURJPY,DONCHIAN55_20,2017,-1.248809269975053,260
EURJPY,DONCHIAN55_20,2018,-3.351772020515039,261
EURJPY,DONCHIAN55_20,2019,1.2907728798540508,261
EURJPY,DONCHIAN55_20,2020,-1.1933854371099484,262
EURJPY,DONCHIAN55_20,2021,-0.7439203993860947,260
EURJPY,DONCHIAN55_20,2022,-4.459397586322696,260
EURJPY,DONCHIAN55_20,2023,0.6271473807990131,260
EURJPY,DONCHIAN55_20,2024,-0.17439118112584714,262
EURJPY,DONCHIAN55_20,2025,2.5572809056126937,261
GBPJPY,TSMOM20,2008,18.463694165005386,241
GBPJPY,TSMOM20,2009,-2.6149157115863706,261
GBPJPY,TSMOM20,2010,-2.4323795238921906,261
GBPJPY,TSMOM20,2011,0.5682618294930644,260
GBPJPY,TSMOM20,2012,2.1068060198150698,261
GBPJPY,TSMOM20,2013,-1.6101830826786514,261
GBPJPY,TSMOM20,2014,-2.2701938866659312,261
GBPJPY,TSMOM20,2015,6.1460734500605865,261
GBPJPY,TSMOM20,2016,6.356373918908801,260
GBPJPY,TSMOM20,2017,0.9630046613787153,260
GBPJPY,TSMOM20,2018,-1.9909407946954103,261
GBPJPY,TSMOM20,2019,4.673768970838737,261
GBPJPY,TSMOM20,2020,-6.81227092941951,262
GBPJPY,TSMOM20,2021,0.09960864546277653,260
GBPJPY,TSMOM20,2022,-3.6375425881744534,260
GBPJPY,TSMOM20,2023,3.2138084006067578,260
GBPJPY,TSMOM20,2024,1.1582431519930199,262
GBPJPY,TSMOM20,2025,-2.4888939062852518,261
GBPJPY,TSMOM20,2026,-7.1419343723937,129
GBPJPY,DONCHIAN55_20,2008,18.58765356193195,206
GBPJPY,DONCHIAN55_20,2009,-5.630250206276254,261
GBPJPY,DONCHIAN55_20,2010,-7.013032424269265,261
GBPJPY,DONCHIAN55_20,2011,0.010490844150466326,260
GBPJPY,DONCHIAN55_20,2012,3.1422579494266034,261
GBPJPY,DONCHIAN55_20,2013,4.609481263102339,261
GBPJPY,DONCHIAN55_20,2014,-3.703769171394164,261
GBPJPY,DONCHIAN55_20,2015,-1.2777943550258264,261
GBPJPY,DONCHIAN55_20,2016,9.02229341388597,260
GBPJPY,DONCHIAN55_20,2017,-1.2205265288692726,260
GBPJPY,DONCHIAN55_20,2018,-2.184588282024184,261
GBPJPY,DONCHIAN55_20,2019,4.130659455749013,261
GBPJPY,DONCHIAN55_20,2020,-1.1505394363393366,262
GBPJPY,DONCHIAN55_20,2021,-0.4842905608739631,260
GBPJPY,DONCHIAN55_20,2022,-5.6796688547155965,260
GBPJPY,DONCHIAN55_20,2023,1.879758184318024,260
GBPJPY,DONCHIAN55_20,2024,0.49483998114358496,262
GBPJPY,DONCHIAN55_20,2025,-3.4352267020435945,261
GBPJPY,DONCHIAN55_20,2026,-0.7740638135099149,129
XAUUSD,TSMOM20,2008,15.447399891641439,154
XAUUSD,TSMOM20,2009,0.37013284814314473,261
XAUUSD,TSMOM20,2010,0.9866318215118476,261
XAUUSD,TSMOM20,2011,11.805573669667936,260
XAUUSD,TSMOM20,2012,-0.15152238275392596,261
XAUUSD,TSMOM20,2013,-2.030395905162934,259
XAUUSD,TSMOM20,2014,-3.5436667663307744,260
XAUUSD,TSMOM20,2015,-0.8352106015668865,259
XAUUSD,TSMOM20,2016,2.2916143643656373,259
XAUUSD,TSMOM20,2017,-2.8442899773959796,259
XAUUSD,TSMOM20,2018,-0.6573663687121676,260
XAUUSD,TSMOM20,2019,4.652179655377402,260
XAUUSD,TSMOM20,2020,-3.0836259924554814,260
XAUUSD,TSMOM20,2021,-0.7454808321445296,258
XAUUSD,TSMOM20,2022,4.301760530054723,259
XAUUSD,TSMOM20,2023,2.289330360971799,259
XAUUSD,TSMOM20,2024,-5.1917187420903685,261
XAUUSD,TSMOM20,2025,1.3467352821627772,260
XAUUSD,TSMOM20,2026,9.80469224487458,128
XAUUSD,DONCHIAN55_20,2008,-10.113508161349682,119
XAUUSD,DONCHIAN55_20,2009,-0.6947300851433774,261
XAUUSD,DONCHIAN55_20,2010,3.6016071921475845,261
XAUUSD,DONCHIAN55_20,2011,4.094706740266823,260
XAUUSD,DONCHIAN55_20,2012,-0.3700124322177388,261
XAUUSD,DONCHIAN55_20,2013,3.5340400084217527,259
XAUUSD,DONCHIAN55_20,2014,-3.0287623772981167,260
XAUUSD,DONCHIAN55_20,2015,-1.7428797618202467,259
XAUUSD,DONCHIAN55_20,2016,0.8794383866764615,259
XAUUSD,DONCHIAN55_20,2017,-7.015597222351547,259
XAUUSD,DONCHIAN55_20,2018,2.4181566247428776,260
XAUUSD,DONCHIAN55_20,2019,3.894523218593252,260
XAUUSD,DONCHIAN55_20,2020,-0.10176354638188015,260
XAUUSD,DONCHIAN55_20,2021,-1.7175792209934575,258
XAUUSD,DONCHIAN55_20,2022,-1.2153985634005955,259
XAUUSD,DONCHIAN55_20,2023,-0.1563990918731495,259
XAUUSD,DONCHIAN55_20,2024,5.316179422500916,261
XAUUSD,DONCHIAN55_20,2025,9.946690340342709,260
XAUUSD,DONCHIAN55_20,2026,17.017524132832847,128
XAGUSD,TSMOM20,2008,-18.344585827035324,241
XAGUSD,TSMOM20,2009,-4.394957200257654,261
XAGUSD,TSMOM20,2010,6.45678082916977,261
XAGUSD,TSMOM20,2011,19.919458658922093,260
XAGUSD,TSMOM20,2012,12.035226012211117,261
XAGUSD,TSMOM20,2013,11.168819509163882,259
XAGUSD,TSMOM20,2014,6.042892345011101,260
XAGUSD,TSMOM20,2015,-11.746945094425394,259
XAGUSD,TSMOM20,2016,2.5562119062757085,259
XAGUSD,TSMOM20,2017,-9.278459538426898,259
XAGUSD,TSMOM20,2018,-6.604425855850986,260
XAGUSD,TSMOM20,2019,7.895523549488518,260
XAGUSD,TSMOM20,2020,9.52934517441079,260
XAGUSD,TSMOM20,2021,-4.752789002972929,258
XAGUSD,TSMOM20,2022,1.5081208980247172,259
XAGUSD,TSMOM20,2023,-14.783200107674126,259
XAGUSD,TSMOM20,2024,-6.005622444146704,261
XAGUSD,TSMOM20,2025,15.418077014800375,260
XAGUSD,TSMOM20,2026,-57.91712295128109,128
XAGUSD,DONCHIAN55_20,2008,9.372794580467568,206
XAGUSD,DONCHIAN55_20,2009,-0.5904388705343241,261
XAGUSD,DONCHIAN55_20,2010,12.432637427516687,261
XAGUSD,DONCHIAN55_20,2011,0.44683351088318923,260
XAGUSD,DONCHIAN55_20,2012,-0.6478452020174214,261
XAGUSD,DONCHIAN55_20,2013,12.429678988311046,259
XAGUSD,DONCHIAN55_20,2014,-0.701707291092997,260
XAGUSD,DONCHIAN55_20,2015,-9.81180450649421,259
XAGUSD,DONCHIAN55_20,2016,4.185637737102184,259
XAGUSD,DONCHIAN55_20,2017,-8.477985229092749,259
XAGUSD,DONCHIAN55_20,2018,0.7478191053640129,260
XAGUSD,DONCHIAN55_20,2019,2.53472914747876,260
XAGUSD,DONCHIAN55_20,2020,11.926598915922302,260
XAGUSD,DONCHIAN55_20,2021,-13.666920698660638,258
XAGUSD,DONCHIAN55_20,2022,-1.987593810261798,259
XAGUSD,DONCHIAN55_20,2023,-13.437751875887537,259
XAGUSD,DONCHIAN55_20,2024,1.3278729544169534,261
XAGUSD,DONCHIAN55_20,2025,19.2545939115941,260
XAGUSD,DONCHIAN55_20,2026,14.07911515423421,128
WTI,TSMOM20,2012,2.1601520612101726,259
WTI,TSMOM20,2013,2.0187720224414174,256
WTI,TSMOM20,2014,16.936828398485808,255
WTI,TSMOM20,2015,-2.7462106869975367,258
WTI,TSMOM20,2016,-8.703431303494545,258
WTI,TSMOM20,2017,-16.06058988836497,258
WTI,TSMOM20,2018,13.711561987695946,260
WTI,TSMOM20,2019,-10.28185492619173,260
WTI,TSMOM20,2020,45.9558793383364,260
WTI,TSMOM20,2021,17.606166427984697,258
WTI,TSMOM20,2022,8.467697204810705,259
WTI,TSMOM20,2023,-1.4975440514557612,259
WTI,TSMOM20,2024,-3.0081372368022476,261
WTI,TSMOM20,2025,2.9604693294122257,260
WTI,TSMOM20,2026,43.80615187580645,128
WTI,DONCHIAN55_20,2012,2.37443262311453,241
WTI,DONCHIAN55_20,2013,2.237476407399151,256
WTI,DONCHIAN55_20,2014,19.982134331040985,255
WTI,DONCHIAN55_20,2015,1.9271986179536418,258
WTI,DONCHIAN55_20,2016,-3.747069893483023,258
WTI,DONCHIAN55_20,2017,-1.1268115814213833,258
WTI,DONCHIAN55_20,2018,7.733214538076542,260
WTI,DONCHIAN55_20,2019,-12.966962122242537,260
WTI,DONCHIAN55_20,2020,16.866665616571332,260
WTI,DONCHIAN55_20,2021,3.804366372259887,258
WTI,DONCHIAN55_20,2022,-1.8459964927114885,259
WTI,DONCHIAN55_20,2023,-8.125519258608668,259
WTI,DONCHIAN55_20,2024,-6.025730638500243,261
WTI,DONCHIAN55_20,2025,-8.04428005517329,260
WTI,DONCHIAN55_20,2026,39.55020505261349,128
UKOIL,TSMOM20,2011,-5.470119243178263,239
UKOIL,TSMOM20,2012,0.46441979913443704,237
UKOIL,TSMOM20,2013,-8.173871900223299,225
UKOIL,TSMOM20,2014,24.281418548158527,258
UKOIL,TSMOM20,2015,3.5539762109193638,258
UKOIL,TSMOM20,2016,-6.2843729520573826,258
UKOIL,TSMOM20,2017,-14.393243998410343,257
UKOIL,TSMOM20,2018,15.627260836922888,258
UKOIL,TSMOM20,2019,-11.379500208726041,258
UKOIL,TSMOM20,2020,33.17079948651345,259
UKOIL,TSMOM20,2021,8.432575471130333,259
UKOIL,TSMOM20,2022,-3.0313032876899126,258
UKOIL,TSMOM20,2023,1.7716911380915885,257
UKOIL,TSMOM20,2024,-10.149602792152665,259
UKOIL,TSMOM20,2025,-2.934696893308479,258
UKOIL,TSMOM20,2026,40.740103173430974,127
UKOIL,DONCHIAN55_20,2011,-7.876381704295927,204
UKOIL,DONCHIAN55_20,2012,6.111980053338213,237
UKOIL,DONCHIAN55_20,2013,-5.749160137883579,225
UKOIL,DONCHIAN55_20,2014,19.812323341230414,258
UKOIL,DONCHIAN55_20,2015,12.733265466818215,258
UKOIL,DONCHIAN55_20,2016,-4.065641062331714,258
UKOIL,DONCHIAN55_20,2017,-1.9369366160678796,257
UKOIL,DONCHIAN55_20,2018,9.326901110312159,258
UKOIL,DONCHIAN55_20,2019,-9.680635052680621,258
UKOIL,DONCHIAN55_20,2020,17.649255742102284,259
UKOIL,DONCHIAN55_20,2021,3.383732428996904,259
UKOIL,DONCHIAN55_20,2022,6.011000494065559,258
UKOIL,DONCHIAN55_20,2023,-6.0789733900734175,257
UKOIL,DONCHIAN55_20,2024,-4.004912124260459,259
UKOIL,DONCHIAN55_20,2025,-7.0771254592778075,258
UKOIL,DONCHIAN55_20,2026,33.0036786382679,127
US500,TSMOM20,2012,-1.8965551456040548,231
US500,TSMOM20,2013,0.9384130040268157,256
US500,TSMOM20,2014,-2.377877564168786,258
US500,TSMOM20,2015,-9.679298435101387,259
US500,TSMOM20,2016,0.41275199934458556,258
US500,TSMOM20,2017,4.417858317148641,257
US500,TSMOM20,2018,-2.1736561927930764,259
US500,TSMOM20,2019,6.368478229153911,260
US500,TSMOM20,2020,6.065219783209222,260
US500,TSMOM20,2021,-6.941180487075045,259
US500,TSMOM20,2022,4.0040107039773485,259
US500,TSMOM20,2023,4.318716151498917,260
US500,TSMOM20,2024,2.494839253094546,261
US500,TSMOM20,2025,4.08588478228141,260
US500,TSMOM20,2026,-1.084019308855086,128
US500,DONCHIAN55_20,2012,-1.737802574808877,196
US500,DONCHIAN55_20,2013,2.4690416869890655,256
US500,DONCHIAN55_20,2014,-5.072770932296879,258
US500,DONCHIAN55_20,2015,-4.097388509369863,259
US500,DONCHIAN55_20,2016,-2.0664442828941416,258
US500,DONCHIAN55_20,2017,4.610325765334096,257
US500,DONCHIAN55_20,2018,-0.6157191034883647,259
US500,DONCHIAN55_20,2019,0.7185596771815042,260
US500,DONCHIAN55_20,2020,5.914757002952369,260
US500,DONCHIAN55_20,2021,4.200758464478884,259
US500,DONCHIAN55_20,2022,-6.699367789326277,259
US500,DONCHIAN55_20,2023,2.4406245561087743,260
US500,DONCHIAN55_20,2024,1.6077203956446173,261
US500,DONCHIAN55_20,2025,2.519715786047445,260
US500,DONCHIAN55_20,2026,-0.6856828034490761,128
USTECH,TSMOM20,2012,4.305935162253704,221
USTECH,TSMOM20,2013,-2.97686838148067,247
USTECH,TSMOM20,2014,-0.8500618084568728,257
USTECH,TSMOM20,2015,-5.136358469877354,258
USTECH,TSMOM20,2016,-1.837218698107433,258
USTECH,TSMOM20,2017,4.940649200568688,257
USTECH,TSMOM20,2018,-2.848461563335107,259
USTECH,TSMOM20,2019,5.097787017710511,260
USTECH,TSMOM20,2020,17.5180584031256,260
USTECH,TSMOM20,2021,-3.3765489318234208,259
USTECH,TSMOM20,2022,-1.4307604449167708,259
USTECH,TSMOM20,2023,1.505443757559206,260
USTECH,TSMOM20,2024,0.506573364974536,261
USTECH,TSMOM20,2025,2.3727265204115375,260
USTECH,TSMOM20,2026,-11.483090079989758,128
USTECH,DONCHIAN55_20,2012,0.8980655282413369,186
USTECH,DONCHIAN55_20,2013,3.1020440080485026,247
USTECH,DONCHIAN55_20,2014,-1.4468056918653993,257
USTECH,DONCHIAN55_20,2015,-7.208418245348447,258
USTECH,DONCHIAN55_20,2016,-4.623662002670627,258
USTECH,DONCHIAN55_20,2017,7.821793609526893,257
USTECH,DONCHIAN55_20,2018,3.3161607117135077,259
USTECH,DONCHIAN55_20,2019,1.3309303307760572,260
USTECH,DONCHIAN55_20,2020,9.308743922354275,260
USTECH,DONCHIAN55_20,2021,-3.9424163708038096,259
USTECH,DONCHIAN55_20,2022,-2.0741191497590954,259
USTECH,DONCHIAN55_20,2023,7.6341750100415995,260
USTECH,DONCHIAN55_20,2024,-0.7130037651186398,261
USTECH,DONCHIAN55_20,2025,5.201880128971621,260
USTECH,DONCHIAN55_20,2026,1.2531381094902643,128
BTCUSD,TSMOM20,2017,64.20234309347227,179
BTCUSD,TSMOM20,2018,-1.8858290343628492,312
BTCUSD,TSMOM20,2019,2.0009295756873193,313
BTCUSD,TSMOM20,2020,40.44981950689061,334
BTCUSD,TSMOM20,2021,15.054106442734502,365
BTCUSD,TSMOM20,2022,-9.321099595076852,365
BTCUSD,TSMOM20,2023,18.020965603824138,365
BTCUSD,TSMOM20,2024,0.27211605714827486,366
BTCUSD,TSMOM20,2025,-4.250643274946404,365
BTCUSD,TSMOM20,2026,10.038046585817998,181
BTCUSD,DONCHIAN55_20,2017,98.63918540597253,144
BTCUSD,DONCHIAN55_20,2018,-19.13903781168163,312
BTCUSD,DONCHIAN55_20,2019,27.638828832957476,313
BTCUSD,DONCHIAN55_20,2020,10.714009323904182,334
BTCUSD,DONCHIAN55_20,2021,12.811982665869282,365
BTCUSD,DONCHIAN55_20,2022,-5.744818442192414,365
BTCUSD,DONCHIAN55_20,2023,7.5752456895179225,365
BTCUSD,DONCHIAN55_20,2024,4.047196383311446,366
BTCUSD,DONCHIAN55_20,2025,0.29355908615337045,365
BTCUSD,DONCHIAN55_20,2026,8.29916664888679,181
