period,s1,s2,angle_deg,corr,selected
全期間,TSMOM5,TSMOM10,8.500309035942916,0.5971539544745863,False
全期間,TSMOM5,TSMOM20,12.246901322322636,0.49611953906751105,False
全期間,TSMOM5,TSMOM40,16.113854716519647,0.39060095948910833,False
全期間,TSMOM5,TSMOM60,15.157509772539028,0.31202729549801483,False
全期間,TSMOM5,TSMOM120,19.16197311417628,0.26941489027521515,False
全期間,TSMOM5,TSMOM250,26.267759016659504,0.15185916174465613,False
全期間,TSMOM5,DONCH20_10,11.620555652384589,0.5326363539960421,False
全期間,TSMOM5,DONCH55_20,15.10157881457682,0.34749131272310557,False
全期間,TSMOM5,DONCH100_50,15.960782875696962,0.2928748505154548,False
全期間,TSMOM5,MAZ1,172.20910956784596,-0.6904808431044962,True
全期間,TSMOM5,MAZ2,110.70700024387762,-0.37475778981703356,True
全期間,TSMOM10,TSMOM20,7.50457744220158,0.5991210764749192,False
全期間,TSMOM10,TSMOM40,9.84116317067214,0.4834697106771538,False
全期間,TSMOM10,TSMOM60,11.514576267132583,0.486684332203387,False
全期間,TSMOM10,TSMOM120,16.8608859142078,0.3112360170537248,False
全期間,TSMOM10,TSMOM250,24.684967022553298,0.06705945122143066,False
全期間,TSMOM10,DONCH20_10,7.178702641208218,0.7621117384183187,False
全期間,TSMOM10,DONCH55_20,11.714968776225428,0.568425932444023,False
全期間,TSMOM10,DONCH100_50,13.51582817573513,0.35691048888398996,False
全期間,TSMOM10,MAZ1,174.49296502838953,-0.7581743850641308,True
全期間,TSMOM10,MAZ2,109.19240340834125,-0.37242304364773166,True
全期間,TSMOM20,TSMOM40,6.321536830089011,0.6258035523798866,False
全期間,TSMOM20,TSMOM60,9.428151372512186,0.5212903306507833,False
全期間,TSMOM20,TSMOM120,16.174690517802546,0.3994020570733708,False
全期間,TSMOM20,TSMOM250,23.41110616666364,0.12686580245164578,False
全期間,TSMOM20,DONCH20_10,7.689495951443437,0.8414396619553828,False
全期間,TSMOM20,DONCH55_20,8.991316180773856,0.7200682564196345,False
全期間,TSMOM20,DONCH100_50,13.662513539984076,0.5012815574329822,False
全期間,TSMOM20,MAZ1,172.31759433853438,-0.7161556743978409,True
全期間,TSMOM20,MAZ2,108.30179128553996,-0.35917924874688734,True
全期間,TSMOM40,TSMOM60,8.85030022271481,0.768160839408056,False
全期間,TSMOM40,TSMOM120,15.2560027015879,0.5688067344619995,False
全期間,TSMOM40,TSMOM250,22.33092250939808,0.184805618803911,False
全期間,TSMOM40,DONCH20_10,8.662588198182327,0.6822331139822745,False
全期間,TSMOM40,DONCH55_20,7.300942290299723,0.8786624570438607,False
全期間,TSMOM40,DONCH100_50,13.23431473374529,0.802348718948103,False
全期間,TSMOM40,MAZ1,168.5502700034397,-0.5264558790198848,True
全期間,TSMOM40,MAZ2,107.58048262752949,-0.3029874551857226,True
全期間,TSMOM60,TSMOM120,9.940455955982756,0.6342592849345304,False
全期間,TSMOM60,TSMOM250,20.813893645056687,0.21853923582437926,False
全期間,TSMOM60,DONCH20_10,8.78680449962977,0.5703828991636877,False
全期間,TSMOM60,DONCH55_20,5.881861279261084,0.8142050835420805,False
全期間,TSMOM60,DONCH100_50,7.369463920581513,0.8126359493245999,False
全期間,TSMOM60,MAZ1,167.9267980641404,-0.46940911257200524,True
全期間,TSMOM60,MAZ2,111.84689295536816,-0.28418988382451504,True
全期間,TSMOM120,TSMOM250,18.901588354295153,0.3482572378092943,False
全期間,TSMOM120,DONCH20_10,14.596538389096743,0.4102490974640729,False
全期間,TSMOM120,DONCH55_20,12.890749671923064,0.5821661967111009,False
全期間,TSMOM120,DONCH100_50,5.93273398758967,0.7639953228655776,False
全期間,TSMOM120,MAZ1,162.69122309852304,-0.3182460232994073,True
全期間,TSMOM120,MAZ2,116.91273908494131,-0.2586914575621687,True
全期間,TSMOM250,DONCH20_10,20.843584742029616,0.05154071647449909,False
全期間,TSMOM250,DONCH55_20,19.88388143194399,0.17512138998481047,False
全期間,TSMOM250,DONCH100_50,20.94258134307737,0.2823837348106659,False
全期間,TSMOM250,MAZ1,156.42782524985589,-0.15222676142267444,True
全期間,TSMOM250,MAZ2,124.29048948492841,-0.050770913371459864,True
全期間,DONCH20_10,DONCH55_20,8.62687412944482,0.7903606153554358,False
全期間,DONCH20_10,DONCH100_50,11.894671463026548,0.5687441450590065,False
全期間,DONCH20_10,MAZ1,171.2025144717288,-0.7660824061158646,True
全期間,DONCH20_10,MAZ2,111.56489383834233,-0.40615887881325785,True
全期間,DONCH55_20,DONCH100_50,10.777913051041422,0.8207432306077167,False
全期間,DONCH55_20,MAZ1,167.9940507164047,-0.5790712992240108,True
全期間,DONCH55_20,MAZ2,110.93117112823982,-0.33662925785256687,True
全期間,DONCH100_50,MAZ1,166.0229781686017,-0.3845955454752969,True
全期間,DONCH100_50,MAZ2,115.60964860622333,-0.27743277762237356,True
全期間,MAZ1,MAZ2,68.67455611286145,0.4817974916076185,True
前半,TSMOM5,TSMOM10,,0.5620921248126968,False
前半,TSMOM5,TSMOM20,,0.41008394457517405,False
前半,TSMOM5,TSMOM40,,0.25702369683265514,False
前半,TSMOM5,TSMOM60,,0.16085193630671596,False
前半,TSMOM5,TSMOM120,,0.1534844523930487,False
前半,TSMOM5,TSMOM250,,0.05996119420939851,False
前半,TSMOM5,DONCH20_10,,0.473840909875602,False
前半,TSMOM5,DONCH55_20,,0.23024049700886892,False
前半,TSMOM5,DONCH100_50,,0.09634098908399866,False
前半,TSMOM5,MAZ1,,-0.7351420900909134,False
前半,TSMOM5,MAZ2,,-0.48641034668313105,False
前半,TSMOM10,TSMOM20,,0.6365139530440767,False
前半,TSMOM10,TSMOM40,,0.4185111317961632,False
前半,TSMOM10,TSMOM60,,0.31159806784523125,False
前半,TSMOM10,TSMOM120,,0.19609037957610673,False
前半,TSMOM10,TSMOM250,,0.1030996578681535,False
前半,TSMOM10,DONCH20_10,,0.7974446641608653,False
前半,TSMOM10,DONCH55_20,,0.4605285577071422,False
前半,TSMOM10,DONCH100_50,,0.2124792035241705,False
前半,TSMOM10,MAZ1,,-0.8175857922460359,False
前半,TSMOM10,MAZ2,,-0.45529230885848426,False
前半,TSMOM20,TSMOM40,,0.6285157293036238,False
前半,TSMOM20,TSMOM60,,0.4841711302670997,False
前半,TSMOM20,TSMOM120,,0.34712730606278686,False
前半,TSMOM20,TSMOM250,,0.20427929774634085,False
前半,TSMOM20,DONCH20_10,,0.8843193181742529,False
前半,TSMOM20,DONCH55_20,,0.7531361345399769,False
前半,TSMOM20,DONCH100_50,,0.4070430415533415,False
前半,TSMOM20,MAZ1,,-0.7410225794938258,False
前半,TSMOM20,MAZ2,,-0.41414523381978346,False
前半,TSMOM40,TSMOM60,,0.7360838099165762,False
前半,TSMOM40,TSMOM120,,0.5198904664725498,False
前半,TSMOM40,TSMOM250,,0.2600747214773943,False
前半,TSMOM40,DONCH20_10,,0.6069622021929059,False
前半,TSMOM40,DONCH55_20,,0.8567176497777658,False
前半,TSMOM40,DONCH100_50,,0.6950241134828775,False
前半,TSMOM40,MAZ1,,-0.48570430707792933,False
前半,TSMOM40,MAZ2,,-0.26812336120280633,False
前半,TSMOM60,TSMOM120,,0.6494099329700765,False
前半,TSMOM60,TSMOM250,,0.3159094144813358,False
前半,TSMOM60,DONCH20_10,,0.46780869460822627,False
前半,TSMOM60,DONCH55_20,,0.8140695698297249,False
前半,TSMOM60,DONCH100_50,,0.8593069218030147,False
前半,TSMOM60,MAZ1,,-0.3596710397754778,False
前半,TSMOM60,MAZ2,,-0.14590951178997452,False
前半,TSMOM120,TSMOM250,,0.5513484759426213,False
前半,TSMOM120,DONCH20_10,,0.32442166533689604,False
前半,TSMOM120,DONCH55_20,,0.5804387646012679,False
前半,TSMOM120,DONCH100_50,,0.827846971264084,False
前半,TSMOM120,MAZ1,,-0.25184137630312553,False
前半,TSMOM120,MAZ2,,-0.14073289635780983,False
前半,TSMOM250,DONCH20_10,,0.18411191646090405,False
前半,TSMOM250,DONCH55_20,,0.3031503462696008,False
前半,TSMOM250,DONCH100_50,,0.4152301146192879,False
前半,TSMOM250,MAZ1,,-0.13574924461362112,False
前半,TSMOM250,MAZ2,,-0.0950368324891461,False
前半,DONCH20_10,DONCH55_20,,0.7357878431504846,False
前半,DONCH20_10,DONCH100_50,,0.38262659525635384,False
前半,DONCH20_10,MAZ1,,-0.8246269684435306,False
前半,DONCH20_10,MAZ2,,-0.46458631419072177,False
前半,DONCH55_20,DONCH100_50,,0.7625348912847654,False
前半,DONCH55_20,MAZ1,,-0.5349797764472999,False
前半,DONCH55_20,MAZ2,,-0.2783369441290659,False
前半,DONCH100_50,MAZ1,,-0.2587656215425595,False
前半,DONCH100_50,MAZ2,,-0.11758128317885194,False
前半,MAZ1,MAZ2,,0.5984125189150475,False
後半,TSMOM5,TSMOM10,9.55895678787177,0.5998906025978838,False
後半,TSMOM5,TSMOM20,14.409488890226024,0.503078297991843,False
後半,TSMOM5,TSMOM40,18.78313127902987,0.40152125551691864,False
後半,TSMOM5,TSMOM60,19.163164104136335,0.3244451008314257,False
後半,TSMOM5,TSMOM120,23.779553280869845,0.27893194172079006,False
後半,TSMOM5,TSMOM250,25.601038234098485,0.15952449455474338,False
後半,TSMOM5,DONCH20_10,13.185302954889998,0.5373121826331925,False
後半,TSMOM5,DONCH55_20,19.227686504917237,0.3562666202966039,False
後半,TSMOM5,DONCH100_50,19.51617696186957,0.3081984520288483,False
後半,TSMOM5,MAZ1,170.40702101398892,-0.686961439357907,True
後半,TSMOM5,MAZ2,133.41374722387872,-0.3664327963772557,True
後半,TSMOM10,TSMOM20,8.206181870466288,0.5962075387354212,False
後半,TSMOM10,TSMOM40,14.30908878196556,0.48874171260336696,False
後半,TSMOM10,TSMOM60,16.824990454495808,0.5009123908012947,False
後半,TSMOM10,TSMOM120,22.02431874620077,0.3205806857729983,False
後半,TSMOM10,TSMOM250,23.827008682653368,0.06408582594794476,False
後半,TSMOM10,DONCH20_10,6.904996942455082,0.759358459447927,False
後半,TSMOM10,DONCH55_20,15.947086382029521,0.5764021117832187,False
後半,TSMOM10,DONCH100_50,18.679887386905808,0.36802464756346137,False
後半,TSMOM10,MAZ1,174.99988964318274,-0.7535516613449802,True
後半,TSMOM10,MAZ2,130.97184908128182,-0.36631205207827705,True
後半,TSMOM20,TSMOM40,9.689112626557133,0.625562972025511,False
後半,TSMOM20,TSMOM60,13.02506311852376,0.5243481333699118,False
後半,TSMOM20,TSMOM120,18.555901894368624,0.4037194058296416,False
後半,TSMOM20,TSMOM250,20.47743303106066,0.12007679123487673,False
後半,TSMOM20,DONCH20_10,8.301662320526363,0.8379799108042929,False
後半,TSMOM20,DONCH55_20,12.317172772703932,0.7177164959309724,False
後半,TSMOM20,DONCH100_50,16.647565586386023,0.5087364930229273,False
後半,TSMOM20,MAZ1,172.16279026115805,-0.7141507763477568,True
後半,TSMOM20,MAZ2,129.9647738104532,-0.3549800750445923,True
後半,TSMOM40,TSMOM60,7.547806161712184,0.7708679668565868,False
後半,TSMOM40,TSMOM120,15.452871065754765,0.5729301312318313,False
後半,TSMOM40,TSMOM250,17.248271890089256,0.17824166568400931,False
後半,TSMOM40,DONCH20_10,12.30288703995792,0.6884148346234197,False
後半,TSMOM40,DONCH55_20,5.683996683119893,0.8806109705036028,False
後半,TSMOM40,DONCH100_50,13.613489708346371,0.811049192795984,False
後半,TSMOM40,MAZ1,165.2091257734814,-0.529781048836175,True
後半,TSMOM40,MAZ2,130.11946035586604,-0.3057269138730928,True
後半,TSMOM60,TSMOM120,11.206944712828378,0.632946792360046,False
後半,TSMOM60,TSMOM250,16.69446308560997,0.21001105894364516,False
後半,TSMOM60,DONCH20_10,14.71198354538928,0.5788394147562081,False
後半,TSMOM60,DONCH55_20,7.1001623036813015,0.8144822922296543,False
後半,TSMOM60,DONCH100_50,9.553589657306139,0.8089230958432941,False
後半,TSMOM60,MAZ1,163.20864705893143,-0.4784069872909891,True
後半,TSMOM60,MAZ2,132.5239281452857,-0.294981450493176,True
後半,TSMOM120,TSMOM250,15.693980594841163,0.3306536365051564,False
後半,TSMOM120,DONCH20_10,20.429332091949295,0.4173093166988511,False
後半,TSMOM120,DONCH55_20,14.667294256469564,0.5824766115650104,False
後半,TSMOM120,DONCH100_50,6.607309558731869,0.7588867033567261,False
後半,TSMOM120,MAZ1,159.2902106942927,-0.3236733463726383,True
後半,TSMOM120,MAZ2,140.24160870272746,-0.26789575348000555,True
後半,TSMOM250,DONCH20_10,20.966122296358094,0.04032426959769647,False
後半,TSMOM250,DONCH55_20,16.671244264249005,0.16508584350373098,False
後半,TSMOM250,DONCH100_50,17.09427809318782,0.27142941033861845,False
後半,TSMOM250,MAZ1,158.25075345400188,-0.15350676028957633,True
後半,TSMOM250,MAZ2,141.92681759037117,-0.04714977138002126,True
後半,DONCH20_10,DONCH55_20,13.548832113414194,0.7945557583680614,False
後半,DONCH20_10,DONCH100_50,18.24034831128953,0.5833184371400065,False
後半,DONCH20_10,MAZ1,170.7751387936911,-0.7614184071536642,True
後半,DONCH20_10,MAZ2,130.7360935109103,-0.40176962701767305,True
後半,DONCH55_20,DONCH100_50,12.911367147464158,0.8250778404453589,False
後半,DONCH55_20,MAZ1,163.86071620073483,-0.5824131772667132,True
後半,DONCH55_20,MAZ2,130.71377548666644,-0.34072242228037464,True
後半,DONCH100_50,MAZ1,162.38777555813257,-0.3943787402671503,True
後半,DONCH100_50,MAZ2,139.04194670380028,-0.2892224925768091,True
後半,MAZ1,MAZ2,46.75423166960714,0.47307315310607,False
