sym,period,n_days,p_wrc,p_spa_consistent,p_spa_conservative,p_spa_lower,stat_wrc,stat_spa,best_dbar_bp,n_rules_positive,best_rule,rej_p_wrc,rej_p_spa_consistent,rej_p_spa_conservative,rej_p_spa_lower,disagree
EURUSD,前半,2047,0.6846846846846847,0.7787787787787788,0.7797797797797797,0.6596596596596597,77.23727660546929,1.3018406486483463,1.7071356460560079,73,both_L30,False,False,False,False,False
EURUSD,後半,2476,0.7987987987987988,0.8048048048048048,0.8048048048048048,0.6886886886886887,41.80594040960722,1.0902357551427062,0.8401613078663612,79,both_L105,False,False,False,False,False
GBPUSD,前半,2047,0.7727727727727728,0.8598598598598599,0.8618618618618619,0.6766766766766766,63.52100839065327,1.1079139817544759,1.403972051617214,46,both_L135,False,False,False,False,False
GBPUSD,後半,2476,0.933933933933934,0.9079079079079079,0.9109109109109109,0.8358358358358359,30.697360068606063,0.756932493562207,0.6169155371363885,32,both_L60,False,False,False,False,False
AUDUSD,前半,2045,0.7287287287287287,0.7927927927927928,0.7927927927927928,0.7237237237237237,90.55467005373455,1.28192093255238,2.0024615986465624,80,both_L40,False,False,False,False,False
AUDUSD,後半,2476,0.958958958958959,0.968968968968969,0.970970970970971,0.8838838838838838,26.568288306489627,0.4544075108069224,0.5339348339649178,21,both_L150,False,False,False,False,False
USDJPY,前半,2024,0.17717717717717718,0.2042042042042042,0.2042042042042042,0.19019019019019018,134.63071697970557,2.304343024594611,2.9925326988671848,163,both_L270,False,False,False,False,False
USDJPY,後半,2476,0.6956956956956957,0.5835835835835835,0.5865865865865866,0.3993993993993994,67.8367746720816,1.7203098828501635,1.3632950908774262,80,long_L60,False,False,False,False,False
USDCHF,前半,2047,0.978978978978979,0.9769769769769769,0.9769769769769769,0.8948948948948949,6.6190505544876155,0.13114884777684022,0.14629745689159177,3,short_L50,False,False,False,False,False
USDCHF,後半,2476,0.908908908908909,0.8948948948948949,0.8978978978978979,0.6806806806806807,33.076158664979836,0.8928174660023434,0.6647215312199654,27,short_L210,False,False,False,False,False
USDCAD,前半,2047,0.918918918918919,0.9229229229229229,0.9229229229229229,0.8298298298298298,39.406550522599574,0.8175418598692716,0.8709826400128805,56,both_L70,False,False,False,False,False
USDCAD,後半,2476,0.984984984984985,0.980980980980981,0.9819819819819819,0.8568568568568569,15.95327422480534,0.5199051718258653,0.3206081146875245,9,both_L35,False,False,False,False,False
EURJPY,前半,2047,0.4214214214214214,0.5695695695695696,0.5695695695695696,0.5605605605605606,126.74711101881341,1.6480059346385947,2.801425953430274,140,both_L60,False,False,False,False,False
EURJPY,後半,2411,0.46346346346346345,0.34934934934934936,0.35935935935935936,0.2132132132132132,84.62964667976094,2.033273873382616,1.7235501420430244,91,long_L180,False,False,False,False,False
GBPJPY,前半,2047,0.37237237237237236,0.4994994994994995,0.4994994994994995,0.4804804804804805,139.07882317874194,1.7051998290307235,3.0739874202547735,153,both_L75,False,False,False,False,False
GBPJPY,後半,2476,0.7587587587587588,0.6946946946946947,0.7057057057057057,0.5135135135135135,71.32318149623117,1.4653185480798225,1.4333603516617184,77,long_L215,False,False,False,False,False
XAUUSD,前半,1954,0.24424424424424424,0.3233233233233233,0.3233233233233233,0.3213213213213213,200.13749832059713,1.956307832013022,4.527580566946085,171,both_L140,False,False,False,False,False
XAUUSD,後半,2464,0.057057057057057055,0.042042042042042045,0.04504504504504504,0.01901901901901902,262.7153623251289,2.9836203686218132,5.292551799095928,119,long_L115,False,True,True,True,True
XAGUSD,前半,2041,0.5595595595595596,0.6776776776776777,0.6776776776776777,0.6336336336336337,272.53634360085385,1.4146555154022773,6.03257767678293,141,both_L245,False,False,False,False,False
XAGUSD,後半,2464,0.36736736736736736,0.27927927927927926,0.2802802802802803,0.17717717717717718,331.35915525225215,2.060721982280688,6.675420416057899,105,long_L35,False,False,False,False,False
WTI,前半,1023,0.38738738738738737,0.5265265265265265,0.5265265265265265,0.47847847847847846,344.8371288512656,1.7011856628910136,10.7814259306063,120,both_L45,False,False,False,False,False
WTI,後半,2463,0.3963963963963964,0.28128128128128127,0.28128128128128127,0.23523523523523523,415.809792871781,2.0029083685662763,8.378427334488196,68,both_L20,False,False,False,False,False
UKOIL,前半,1195,0.5525525525525525,0.7247247247247247,0.7267267267267268,0.5865865865865866,266.7392342608422,1.4208624174266578,7.716190612488225,88,both_L10,False,False,False,False,False
UKOIL,後半,2450,0.6596596596596597,0.5305305305305306,0.5305305305305306,0.4694694694694695,261.3746482931747,1.5187930148785913,5.280565321095791,79,both_L35,False,False,False,False,False
US500,前半,982,0.5255255255255256,0.36236236236236236,0.3783783783783784,0.22322322322322322,114.36235556146278,1.9106832651622807,3.6494494143735885,82,long_L135,False,False,False,False,False
US500,後半,2463,0.15215215215215216,0.031031031031031032,0.031031031031031032,0.02002002002002002,230.36678436272393,3.1425627445324538,4.641813146661418,112,long_L210,False,True,True,True,True
USTECH,前半,961,0.2552552552552553,0.17517517517517517,0.18518518518518517,0.09009009009009009,186.1793033829501,2.416166883015892,6.005783980095165,105,long_L120,False,False,False,False,False
USTECH,後半,2463,0.05805805805805806,0.009009009009009009,0.009009009009009009,0.004004004004004004,343.5809788185068,3.4214254008340226,6.923041048797168,117,long_L210,False,True,True,True,True
BTCUSD,後半,2865,0.06606606606606606,0.03203203203203203,0.03203203203203203,0.024024024024024024,887.3076604505384,3.183007533534892,16.577228270608124,125,both_L40,False,True,True,True,True
