sym,date,nfp,year,abs_bar_bp,1h,4h,nfp_p
EURUSD,2021-01-08,0,2021,17.71457493183526,-13.038340871124438,-33.57372774314372,0
EURUSD,2021-01-15,0,2021,3.9590894094354567,-14.181122617240856,-33.96873557153151,0
EURUSD,2021-01-22,0,2021,2.0555491605134257,-2.7127672692293037,-1.9729216503492286,0
EURUSD,2021-02-05,1,2021,14.01834066236507,11.998900100824002,26.580896751130908,0
EURUSD,2021-03-05,1,2021,10.47322206582213,-4.109807342298001,7.967993826901098,0
EURUSD,2021-03-19,0,2021,0.7563597246851295,-19.747899159663135,3.3613445378168842,0
EURUSD,2021-03-26,0,2021,5.3500912912385346,0.6790133935393399,10.949090970818386,1
EURUSD,2021-04-09,0,2021,7.828810020877874,-11.541799004205169,-26.200726206622964,0
EURUSD,2021-04-16,0,2021,1.0014186764573108,-4.5902952811769016,2.5037974260957796,1
EURUSD,2021-04-23,0,2021,2.3200702649850413,-5.301787696539036,-1.242606491376349,0
EURUSD,2021-04-30,0,2021,2.979269251457417,-5.212168344763315,-47.654110580702316,0
EURUSD,2021-05-07,1,2021,51.728425764734354,-14.267570554373881,13.855213023901031,1
EURUSD,2021-05-14,0,2021,3.7120749674168785,7.009095331943137,5.6072762655542165,0
EURUSD,2021-05-21,0,2021,6.06955380577423,-7.459383248355834,-21.558437300194033,0
EURUSD,2021-05-28,0,2021,0.7411494404319097,-15.894716036369054,-52.04901831598308,0
EURUSD,2021-06-11,0,2021,6.596850004123578,-13.679439637412926,-32.71528636176414,0
EURUSD,2021-06-18,0,2021,14.318321555812918,-21.110354166141146,-16.148159362147634,0
EURUSD,2021-06-25,0,2021,3.682039180243901,6.524848799177001,-16.897685351713903,0
EURUSD,2021-07-16,0,2021,0.8472709403006817,-2.965699566159249,-5.931399132321244,1
EURUSD,2021-08-06,1,2021,17.5344972173519,1.697130152910923,21.12927040374776,0
EURUSD,2021-08-13,0,2021,3.8258148985748086,0.5948991645916197,27.110404786389672,0
EURUSD,2021-08-20,0,2021,0.3427445267978335,9.596517834957154,23.305829027752658,0
EURUSD,2021-09-10,0,2021,2.1116113283714544,7.856853203568771,11.658556366586527,0
EURUSD,2021-09-17,0,2021,2.8012393361909194,16.727235675711917,38.63397072309198,0
EURUSD,2021-09-24,0,2021,4.779706730851929,-2.9033525182319577,-8.453879391320172,0
EURUSD,2021-10-08,0,2021,8.819409618343599,-13.994954905144771,-11.662462420954231,1
EURUSD,2021-10-15,0,2021,8.625597322613476,-3.361083820258618,-10.772704552113925,0
EURUSD,2021-10-22,0,2021,3.3535117286942473,8.50990673485963,-4.641767309923828,1
EURUSD,2021-10-29,0,2021,8.24515597086739,2.7506532801525663,80.88639801952858,0
EURUSD,2021-11-05,1,2021,12.566298055256553,-3.470926650642096,-31.498659354581196,0
EURUSD,2021-11-12,0,2021,3.9298221100514397,7.950097847359749,-3.0577299412896446,0
EURUSD,2021-11-19,0,2021,3.72175454142587,17.538886723594697,3.2774687311786037,0
EURUSD,2021-11-26,0,2021,10.194854701157663,-1.5055306109789597,-2.0368943560310977,0
EURUSD,2021-12-17,0,2021,8.03581678337717,8.74929298642551,37.73684954751083,0
EURUSD,2021-12-24,0,2021,6.185494132615599,-5.121955527296385,-13.42305586463871,0
EURUSD,2021-12-31,0,2021,3.089307465531377,13.32403886031133,41.736889939911336,0
EURUSD,2022-01-14,0,2022,3.7572961448417708,-5.066077371230056,-41.31473442399653,0
EURUSD,2022-02-04,1,2022,29.758268609825222,-16.455286260709837,-31.335066390076364,1
EURUSD,2022-02-11,0,2022,9.117928126177732,5.0018866765531484,-3.4223435155368946,0
EURUSD,2022-02-18,0,2022,6.254790200241889,-15.847302436963416,-34.68798422312869,1
EURUSD,2022-03-04,1,2022,23.41449137505114,-8.617686426227529,-12.743174608996561,0
EURUSD,2022-03-11,0,2022,11.006904330896905,-26.62377785046931,-77.50881401519216,0
EURUSD,2022-03-18,0,2022,4.3518073599946305,-20.752716430894782,26.552602245643417,1
EURUSD,2022-04-01,1,2022,2.443151484441408,-12.484168626741095,-10.76533381581349,0
EURUSD,2022-04-08,0,2022,3.222569032033107,-26.23246566768589,5.430580611906041,1
EURUSD,2022-04-15,0,2022,4.252368846775489,1.664678300919093,3.976731496639014,0
EURUSD,2022-05-06,1,2022,3.8779486597428914,-13.142095360557073,-5.767394366862879,0
EURUSD,2022-05-13,0,2022,3.855087269537538,-9.15230397209968,30.25077312883714,0
EURUSD,2022-05-20,0,2022,1.6073066268296188,-13.896241397564138,-23.822128110110377,0
EURUSD,2022-06-03,1,2022,21.805982667039146,-20.172587694722186,-14.942657551646363,0
EURUSD,2022-06-10,0,2022,25.129900803023688,18.847552659493605,36.55856948022422,0
EURUSD,2022-06-17,0,2022,4.575001429687475,-13.43292113636697,-25.055732332374024,0
EURUSD,2022-06-24,0,2022,0.5696490961559775,2.5632749159821753,10.442971879926036,0
EURUSD,2022-07-22,0,2022,10.790237777602574,-16.792034094701588,-52.73287899915341,0
EURUSD,2022-07-29,0,2022,15.394722649854087,18.953901753971934,-3.928269793568309,0
EURUSD,2022-08-05,1,2022,56.88148712836405,9.239600534719218,-4.718093890068453,1
EURUSD,2022-08-12,0,2022,14.580093312596132,-0.4867127421382522,13.530614231482762,0
EURUSD,2022-08-19,0,2022,7.26397070530016,-1.889250166550619,-22.969304656505376,1
EURUSD,2022-08-26,0,2022,15.000750037501565,48.42977682360678,-40.7409256577958,1
EURUSD,2022-09-02,1,2022,8.498130411310756,-5.203278065180617,25.81626424647487,0
EURUSD,2022-09-09,0,2022,19.2232990368435,-14.315253698106826,-18.9875934467938,0
EURUSD,2022-09-16,0,2022,8.936012128879511,-6.319844311135901,33.00363140260472,0
EURUSD,2022-09-23,0,2022,7.579404504625131,-3.2800664213461457,46.125934050164076,0
EURUSD,2022-09-30,0,2022,10.036664550092667,-14.016779210149402,3.5809289952929744,1
EURUSD,2022-10-07,1,2022,50.69980005712682,-2.87088207851792,-10.458213286032677,0
EURUSD,2022-10-14,0,2022,13.989754562100387,1.540832049307006,-7.909604519774726,1
EURUSD,2022-10-21,0,2022,8.441511648256128,52.25208545478885,122.40153876220202,1
EURUSD,2022-10-28,0,2022,6.9368345916820395,20.997006168498462,-22.001647611967616,0
EURUSD,2022-11-04,1,2022,11.952191235060639,50.812697052251316,108.46164049506754,0
EURUSD,2022-11-11,0,2022,4.460216805319828,34.14558435511326,-28.42231879559211,0
EURUSD,2022-11-18,0,2022,3.083237785077575,-41.70720195725167,-40.936630096609555,1
EURUSD,2022-11-25,0,2022,2.122691572914448,5.402068220404376,32.798271338170956,0
EURUSD,2022-12-02,1,2022,82.67522211253709,-30.819000583838907,-79.0574362802805,0
EURUSD,2022-12-09,0,2022,16.193181818182634,2.2764135105141365,4.5528270210288,0
EURUSD,2022-12-16,0,2022,3.388299073863177,-1.4113130856963219,-20.322908434006205,0
EURUSD,2022-12-23,0,2022,14.133343383710972,-25.59229220376066,-8.185769932822128,0
EURUSD,2022-12-30,0,2022,12.301855608143342,25.605192320318526,39.95535504928958,1
EURUSD,2023-01-06,1,2023,28.68251033904423,-21.75916688045665,101.09936052753964,0
EURUSD,2023-01-13,0,2023,13.678752645638337,1.0180566224581817,-19.805828836917453,0
EURUSD,2023-01-20,0,2023,4.24950114551903,3.419530138074207,-23.56703203268014,0
EURUSD,2023-01-27,0,2023,1.7482034908877786,-2.7598388254125372,-5.703666905853117,0
EURUSD,2023-02-10,0,2023,7.199962597596032,-3.087921548078242,14.971740839165971,0
EURUSD,2023-02-24,0,2023,17.218217252277235,8.150113722515046,-1.8006065200924113,1
EURUSD,2023-03-03,1,2023,7.535582076616532,-11.29486177912814,-4.612068559810057,0
EURUSD,2023-03-10,0,2023,41.82836208443064,33.09763803219491,27.45599518579812,0
EURUSD,2023-03-17,0,2023,2.4492256678843027,4.7088960464110095,45.29957996647194,1
EURUSD,2023-03-24,0,2023,7.822977201608072,8.375209380234406,9.771077610272972,0
EURUSD,2023-03-31,0,2023,8.458525642205394,-3.6745117492527894,-23.70060078267197,0
EURUSD,2023-04-14,0,2023,29.937141048251846,-5.715115118746192,43.54373423807626,0
EURUSD,2023-04-21,0,2023,2.1856132011044416,3.277703422466639,-8.37635319075397,1
EURUSD,2023-04-28,0,2023,4.282030958172589,-23.9714165922291,-55.963687405437206,0
EURUSD,2023-05-05,1,2023,34.603018909049595,-11.756664388243834,-51.21895648211414,0
EURUSD,2023-05-12,0,2023,0.7347403611235315,4.316916802909223,33.61684148648823,0
EURUSD,2023-06-02,1,2023,12.637760886130556,-9.955525782019535,30.61091572228768,0
EURUSD,2023-06-23,0,2023,7.710878764790596,-8.81923327790778,-4.134015599019705,0
EURUSD,2023-06-30,0,2023,16.648883329042352,16.988530446202397,19.927087063922198,0
EURUSD,2023-07-07,1,2023,21.493919241650783,0.36662939267677275,52.24468845667123,0
EURUSD,2023-07-28,0,2023,7.1726241817315906,6.087477966963811,-22.714470025985296,1
EURUSD,2023-08-04,1,2023,28.039090327882654,40.16503183147051,48.3619771032006,0
EURUSD,2023-08-11,0,2023,18.904966189196017,14.205580243316312,23.858089895826502,0
EURUSD,2023-08-18,0,2023,1.1978917105892606,-13.731326777929809,-21.28816433356988,0
EURUSD,2023-09-01,1,2023,12.081527252605362,2.947651550742129,-71.01997955066601,0
EURUSD,2023-09-08,0,2023,0.2802690582948131,6.539428080303972,-3.8302364470359223,0
EURUSD,2023-09-15,0,2023,7.038090143859366,-13.898279618359767,-24.13417474269286,0
EURUSD,2023-10-06,1,2023,43.49268015350405,-6.376337127415233,-74.51749210095524,0
EURUSD,2023-10-13,0,2023,5.790772735903005,-23.52918852762148,-29.411485659527614,0
EURUSD,2023-10-20,0,2023,8.98617075616226,2.6461776908315553,6.048406150472887,0
EURUSD,2023-10-27,0,2023,1.0433166086520895,-43.444442336515564,-39.83988161863749,0
EURUSD,2023-11-03,1,2023,50.68376148597231,5.883286796224169,26.428097830655013,0
EURUSD,2023-11-10,0,2023,1.7781937295269223,-2.2465389259649937,5.148318372008185,0
EURUSD,2023-11-17,0,2023,6.254944165424714,-3.129429523407551,-24.022973694384326,0
EURUSD,2023-11-24,0,2023,7.883182239007969,8.792899733465006,14.380054772438008,0
EURUSD,2023-12-01,1,2023,6.985615147754309,15.084759793596906,-11.221589602552157,0
EURUSD,2023-12-08,0,2023,4.270766602606502,11.424537677754126,12.353361879197926,0
EURUSD,2023-12-15,0,2023,24.95064707172756,-6.047112503779733,1.4659666675820586,0
EURUSD,2023-12-22,0,2023,0.5444003883381399,12.611255772598447,-8.982117420771955,0
EURUSD,2023-12-29,0,2023,2.3519833551965963,-7.148092183245984,-10.85786154417047,0
EURUSD,2024-01-05,1,2024,2.0147627158995096,-23.174440332685705,-32.05950243652403,0
EURUSD,2024-01-12,0,2024,7.853953004137715,19.52822010311578,-8.486562942008058,0
EURUSD,2024-01-19,0,2024,6.614728796118241,4.596602191661688,-13.514010443478778,0
EURUSD,2024-01-26,0,2024,3.3105883651218804,-2.391772303277814,7.543281879565758,0
EURUSD,2024-02-02,1,2024,51.45261765192144,21.61103825338467,39.527881933541565,0
EURUSD,2024-02-09,0,2024,9.097998440346089,2.133303652585922,-0.4637616636062709,0
EURUSD,2024-02-16,0,2024,24.240735580941532,-13.779106033944977,-29.327151356031845,0
EURUSD,2024-02-23,0,2024,3.4160573159025542,-3.232509812976107,0.6465019625954878,1
EURUSD,2024-03-01,1,2024,0.27749514383446083,-1.4800151701552147,-25.5302616851824,0
EURUSD,2024-03-08,0,2024,29.433541440049282,-14.126739639631062,-33.083912833459785,0
EURUSD,2024-03-15,0,2024,3.3977996951162215,-2.664045490873368,-2.9396364037216016,0
EURUSD,2024-03-22,0,2024,3.048160942900058,-7.387229327301992,-21.2382843159881,0
EURUSD,2024-04-05,1,2024,26.83264177040123,15.994970367699096,-22.466923695669433,0
EURUSD,2024-04-12,0,2024,10.893962303134552,-2.4444131058133047,-4.606778545575087,1
EURUSD,2024-04-19,0,2024,9.847689075630495,-3.4667241330847363,-23.79859269739309,1
EURUSD,2024-04-26,0,2024,5.504398854336845,-15.944650616338887,-28.62577625272679,0
EURUSD,2024-05-03,1,2024,41.11092508882752,-15.654525917966549,-27.696468931787326,1
EURUSD,2024-05-10,0,2024,8.350343291891882,-16.436066487139044,-9.28591326957131,0
EURUSD,2024-05-17,0,2024,2.029576464293026,3.504920724228435,22.8742194633776,0
EURUSD,2024-05-24,0,2024,7.194775486107918,-3.77915015208764,0.09217439395324889,1
EURUSD,2024-05-31,0,2024,23.130016495112038,-5.976022359518323,-25.558987937629333,0
EURUSD,2024-06-07,1,2024,58.73391700163544,5.261894651329682,21.87840407658318,0
EURUSD,2024-06-14,0,2024,1.310198963071496,-13.755286895984375,10.57379196765973,0
EURUSD,2024-06-28,0,2024,1.5881764931191533,-0.9343698609661288,-14.576169831067194,0
EURUSD,2024-07-05,1,2024,6.096434509512694,-3.8771855325578564,-8.862138360133685,0
EURUSD,2024-07-12,0,2024,0.2755681296273682,-6.889393090399067,-17.36127058780348,0
EURUSD,2024-07-19,0,2024,3.4897603085681794,-0.5512071436439787,-3.0316392900451246,1
EURUSD,2024-07-26,0,2024,6.633743642661116,1.2890394814369532,2.1177077195056615,1
EURUSD,2024-08-02,1,2024,30.929453148802466,22.91846915671181,39.670121311414675,0
EURUSD,2024-08-09,0,2024,4.581103862786318,-14.299594844813978,-11.45800868975384,0
EURUSD,2024-08-16,0,2024,2.457024815950559,-14.017585698422561,-15.65600480602832,1
EURUSD,2024-08-23,0,2024,0.8097530253281526,0.9897782896613465,-49.39893463864181,0
EURUSD,2024-08-30,0,2024,14.617640424091638,-0.361457759143633,14.548674805491393,0
EURUSD,2024-09-06,1,2024,23.22608523433134,-55.77510328722659,-57.032513023170715,1
EURUSD,2024-09-13,0,2024,2.255462730733626,2.435350464972094,-10.28259085210206,1
EURUSD,2024-09-27,0,2024,24.202006077391758,3.4874051023428545,-32.72795557582392,0
EURUSD,2024-10-04,1,2024,56.11967361740633,-9.937910850556047,7.020359041220908,0
EURUSD,2024-10-11,0,2024,10.967718348993127,-8.234820480914866,-14.731178860301313,0
EURUSD,2024-10-18,0,2024,4.424411691508201,0.7370758358913907,9.858389305029528,0
EURUSD,2024-10-25,0,2024,10.993477819041253,-9.689475384118198,-29.898952613850515,0
EURUSD,2024-11-01,1,2024,36.279592268948505,-23.670810587642084,-50.09404101105563,0
EURUSD,2024-11-08,0,2024,11.985839984390845,-8.8373737185811,45.024093471508344,1
EURUSD,2024-11-15,0,2024,19.746787603929228,24.14064053166269,5.490812356221662,0
EURUSD,2024-11-22,0,2024,13.820771467785153,-13.705851344228261,-17.923036373221194,1
EURUSD,2024-11-29,0,2024,6.532606225858606,-0.9473734072284161,-1.326322770119817,1
EURUSD,2024-12-06,1,2024,31.93771201254858,-35.32104474940893,-64.42558562292137,1
EURUSD,2024-12-13,0,2024,4.1842197856545305,-29.08717597741366,-22.053022309672702,0
EURUSD,2024-12-20,0,2024,15.48434254058595,-24.775055935929426,17.28492274599814,0
EURUSD,2024-12-27,0,2024,1.3421917992073595,-1.72544358278729,-14.953844384161176,0
EURUSD,2025-01-03,1,2025,5.342970108510592,-4.563372623648444,-1.5534885527337077,0
EURUSD,2025-01-10,0,2025,52.59786891291252,-23.218606103178097,-0.09755716850139362,0
EURUSD,2025-01-17,0,2025,8.944109040356363,-12.529989412645023,-14.764018532727881,0
EURUSD,2025-01-24,0,2025,3.5350543634038445,4.4888876154474815,40.97303802183368,0
EURUSD,2025-01-31,0,2025,7.315993146070898,6.9360152592342015,-44.12076373234636,1
EURUSD,2025-02-07,1,2025,3.374079358346993,-12.05435065623892,47.3494893777058,0
EURUSD,2025-02-14,0,2025,2.1941749425224977,21.46004616294514,15.641989203212995,0
EURUSD,2025-02-21,0,2025,4.872270095725995,3.8195273334919833,-12.126999283837776,1
EURUSD,2025-02-28,0,2025,4.130365873571407,2.978936039360934,6.053966789668951,0
EURUSD,2025-03-07,1,2025,10.407456528145342,-1.8401126148920315,-32.75400454507638,0
EURUSD,2025-03-14,0,2025,9.075325199153772,5.138180350128634,10.001101038646203,0
EURUSD,2025-03-21,0,2025,3.596691044240874,3.597985128327238,14.945476686900413,1
EURUSD,2025-03-28,0,2025,10.028320720552042,19.108930178194413,41.74280864168826,0
EURUSD,2025-04-04,1,2025,47.46821163963744,1.2694382735637415,52.500340028110216,1
EURUSD,2025-04-11,0,2025,9.431384474356541,20.518149315766735,-55.83050071329215,0
EURUSD,2025-04-18,0,2025,3.161888701517235,0.6150061500618649,-10.455104551044997,1
EURUSD,2025-04-25,0,2025,4.492204703603342,-17.52053600514097,15.407506537185206,1
EURUSD,2025-05-02,1,2025,3.705860553762097,-35.395261801363,-3.7072344031362605,0
EURUSD,2025-05-09,0,2025,4.798549771624083,-15.913940256046317,-13.869132290184389,0
EURUSD,2025-05-16,0,2025,1.4290945792672094,-3.841240631395243,44.8442510920739,0
EURUSD,2025-05-23,0,2025,20.13156152046225,-19.914877118157943,4.582184115682271,1
EURUSD,2025-05-30,0,2025,5.28629703703043,-30.996556916547046,-9.77448243675175,0
EURUSD,2025-06-06,1,2025,6.575140708011684,7.9830863840117825,-0.6140835680008687,0
EURUSD,2025-06-13,0,2025,4.429005644810413,-5.902726538832236,33.419848786034926,0
EURUSD,2025-06-20,0,2025,2.0840931589649614,-8.508273862234953,12.415134309181072,0
EURUSD,2025-06-27,0,2025,8.44832441565746,-2.1316143994803536,-5.968520318548288,1
EURUSD,2025-07-04,1,2025,0.42494242030066687,6.458850324643014,5.439031852330985,0
EURUSD,2025-07-11,0,2025,0.6844275618989037,9.495782503807206,0.513285540745791,0
EURUSD,2025-07-18,0,2025,4.035027472526487,1.5447063770627643,-18.107391420015453,1
EURUSD,2025-07-25,0,2025,2.985915012326812,7.3390111109216,-10.069805942892874,0
EURUSD,2025-08-01,1,2025,118.57117781288507,32.092704547620194,9.714548403604022,0
EURUSD,2025-08-08,0,2025,2.9185551435240153,-3.8639212790454582,-10.303790077450094,0
EURUSD,2025-08-29,0,2025,0.8578610093590289,-10.724182602802205,-40.06554620406959,0
EURUSD,2025-09-05,1,2025,30.77317604821106,-1.5339383868078433,7.32881673697181,0
EURUSD,2025-09-12,0,2025,7.940031418619542,-4.443115307386912,-23.497244414063942,0
EURUSD,2025-09-19,0,2025,1.789793065831713,13.889717348512226,10.566410743655647,1
EURUSD,2025-09-26,0,2025,0.2569087032111561,3.5109954100149143,10.618620264438203,0
EURUSD,2025-10-03,1,2025,0.6817852546880943,-9.97178921171761,-5.966027733505754,1
EURUSD,2025-10-10,0,2025,0.43201023000261074,3.5426369315578863,-32.57497861457058,0
EURUSD,2025-10-17,0,2025,0.5997309778182913,-5.397902529303237,-3.5129206936739967,0
EURUSD,2025-10-24,0,2025,25.748781453989178,-8.417725324468671,-18.037982838148125,0
EURUSD,2025-10-31,0,2025,2.854597199034581,19.209137319372434,18.603443800293412,0
EURUSD,2025-11-07,1,2025,0.51871255543956,1.8153997769653638,8.558313234263636,0
EURUSD,2025-11-14,0,2025,2.232832949743413,8.675634352076061,25.5974162071154,1
EURUSD,2025-11-21,0,2025,0.7812703455811754,5.295690523318333,10.851824842864824,0
EURUSD,2025-11-28,0,2025,2.679690538964774,1.2098586193779621,22.38238445850173,0
EURUSD,2025-12-05,1,2025,1.7169297861552302,1.888298557167035,-9.527324538439363,0
EURUSD,2025-12-12,0,2025,1.6196540759882971,2.3012409654987813,11.165280240010851,0
EURUSD,2025-12-19,0,2025,1.0245376773743153,15.707968379175572,1.8781266540318953,0
EURUSD,2025-12-26,0,2025,2.6290570166143112,-9.411246015057195,-23.74008003798359,1
EURUSD,2026-01-02,1,2026,1.7915795759937403,-7.252931037424576,-13.908561871769193,0
EURUSD,2026-01-09,0,2026,10.907092186400735,-21.104105005792395,-23.677776347961075,0
EURUSD,2026-01-16,0,2026,2.1522038567489687,-4.475620777209322,-20.914920170417638,0
EURUSD,2026-01-23,0,2026,1.7030407793117153,-0.2554996295252898,-39.3469429469325,0
EURUSD,2026-01-30,0,2026,3.020565013467369,-8.471803990974355,-42.694536944614775,0
EURUSD,2026-02-06,1,2026,1.9490038895342288,15.419547241425366,10.844516741223007,1
EURUSD,2026-02-13,0,2026,4.553388479926479,0.8428363127604297,8.259795865047035,0
EURUSD,2026-02-20,0,2026,10.869565217390686,-1.1901523395003004,-12.921653971707565,1
EURUSD,2026-02-27,0,2026,6.100505833607217,-17.040974642011836,-24.077795016573717,0
EURUSD,2026-03-06,1,2026,22.570240143895415,-22.2605694564289,6.298533218291157,0
EURUSD,2026-03-13,0,2026,4.446730780967023,9.238116818599503,-34.25075386519376,1
EURUSD,2026-03-20,0,2026,5.355816243672873,8.729472774416069,8.47018150388925,0
EURUSD,2026-03-27,0,2026,4.865461306549079,11.376169096768649,2.8657525205602132,0
EURUSD,2026-04-03,1,2026,9.096973740069236,-0.780450580134793,8.584956381484123,0
EURUSD,2026-04-10,0,2026,3.5003841885083986,8.022462896109465,-4.437958197848821,0
EURUSD,2026-04-17,0,2026,1.6095284081774075,22.86856503989167,-6.437077566785668,0
EURUSD,2026-04-24,0,2026,5.293037947665669,1.3666686597266149,-8.114595167118273,1
EURUSD,2026-05-01,1,2026,5.0147041324555275,3.7416556826387986,10.544666014712554,0
EURUSD,2026-05-08,0,2026,10.88065283917139,2.717206711498525,-5.51932613273612,0
EURUSD,2026-05-15,0,2026,7.653083160638063,-4.388833430862162,-10.84300024095697,0
EURUSD,2026-05-22,0,2026,1.465744684518988,1.8965680738619373,4.137966706609353,0
EURUSD,2026-05-29,0,2026,1.2020778774746166,-6.52635013868538,-23.786828794943396,0
EURUSD,2026-06-05,1,2026,23.7223454179758,20.849487378306996,69.18238993710673,1
EURUSD,2026-06-12,0,2026,1.2974207275950889,1.98912037637521,6.399778602252594,0
EURUSD,2026-06-19,0,2026,0.436144136914951,-4.53570120196172,-1.1339253004891054,0
EURUSD,2026-06-26,0,2026,3.244447172507936,11.658689668471801,-18.233138729640196,1
EURUSD,2026-07-10,0,2026,2.6249015661905517,-1.4878347628215978,-9.189567652721434,0
USDJPY,2021-01-08,0,2021,17.234075329276564,-18.035395669576083,-28.258668081207425,1
USDJPY,2021-01-29,0,2021,6.588558824371926,-17.38997496607902,-5.541860154024853,0
USDJPY,2021-02-12,0,2021,1.5226928823630637,-4.281921726471493,-17.127686905882655,0
USDJPY,2021-02-19,0,2021,7.687708208763411,-0.09483706991540064,14.984257046394966,0
USDJPY,2021-02-26,0,2021,6.958680483721835,-15.432679640154518,-40.181428087477514,1
USDJPY,2021-03-05,1,2021,6.184748594584288,-9.409767707890712,-11.900588571744816,0
USDJPY,2021-03-12,0,2021,4.1256016502411175,0.458589379070389,1.8343575162810202,0
USDJPY,2021-03-19,0,2021,0.45934772622935327,11.115704377382643,-1.5617105323604137,0
USDJPY,2021-03-26,0,2021,3.188775510205577,-6.835269993165063,8.384597858281959,1
USDJPY,2021-04-02,1,2021,8.504940103506442,4.06805402375814,4.429658825868589,1
USDJPY,2021-04-09,0,2021,7.650203550058077,-10.374482413433213,-25.572189106793836,0
USDJPY,2021-04-16,0,2021,1.1027182003631175,-2.848374588824452,-5.880515280151409,0
USDJPY,2021-04-23,0,2021,3.717541218237752,-11.714609791926806,-40.071403335873406,1
USDJPY,2021-04-30,0,2021,3.121327849588962,-1.00952625686012,30.10223747728614,0
USDJPY,2021-05-07,1,2021,53.01760843886561,-20.34428794992347,-8.377059744085404,0
USDJPY,2021-05-14,0,2021,10.341261633919352,-11.61047319534884,1.0056315366051185,1
USDJPY,2021-05-21,0,2021,4.780949754057406,-3.311471489150287,-24.928021487770124,1
USDJPY,2021-05-28,0,2021,2.9072936730023535,-6.4486830154397445,-29.609445958219656,0
USDJPY,2021-06-04,1,2021,23.342415985466715,21.576249738263336,32.22781606474834,0
USDJPY,2021-06-11,0,2021,1.0949504534918386,-11.041959445895694,-11.772006351408399,0
USDJPY,2021-06-25,0,2021,2.1696876553811695,0.09042327133316519,-21.339892034614913,0
USDJPY,2021-07-02,1,2021,8.522701786178866,2.4243077254604932,8.350393276586107,0
USDJPY,2021-07-09,0,2021,1.4546644725488278,0.727226449224186,16.180788495276936,0
USDJPY,2021-07-23,0,2021,5.246874491143805,-5.430650591942474,-6.064226494335909,0
USDJPY,2021-08-13,0,2021,0.7257881605804428,6.169647150620243,48.086955732781384,1
USDJPY,2021-08-20,0,2021,2.7350302676687477,5.2862793707507905,4.830565631892458,0
USDJPY,2021-08-27,0,2021,3.9040156886960276,-15.622161671208197,24.977293369662394,1
USDJPY,2021-09-03,1,2021,1.2733176290824488,13.189612043480949,26.925001137035267,0
USDJPY,2021-09-10,0,2021,4.006738605837334,-0.5461546163714506,3.3679534676262746,0
USDJPY,2021-09-17,0,2021,0.18185455272878848,-4.819233287263625,-3.3643704080881136,0
USDJPY,2021-09-24,0,2021,0.6332148317000907,8.773992799897997,13.929844239013896,1
USDJPY,2021-10-01,1,2021,16.097556588756667,-0.09007548325463577,0.900754832549967,0
USDJPY,2021-10-15,0,2021,3.237293622531112,2.7989154202747697,-10.933263360448422,0
USDJPY,2021-10-22,0,2021,2.3722082623134355,-1.3182061850240834,21.88222267138841,0
USDJPY,2021-10-29,0,2021,2.0208410213173877,6.851902281331203,20.555706843994827,0
USDJPY,2021-11-12,0,2021,2.193655947001494,-5.178163945936277,1.667544321572577,0
USDJPY,2021-11-19,0,2021,7.293112841151306,0.26341437715742444,10.79998946342591,1
USDJPY,2021-11-26,0,2021,19.637753581260853,14.932977284305583,45.062454981466146,0
USDJPY,2021-12-03,1,2021,9.618693799030575,-23.054093205666128,31.533759672120432,0
USDJPY,2021-12-10,0,2021,6.329892919310076,16.098668121118333,28.414589088094868,0
USDJPY,2021-12-17,0,2021,5.9137649499096945,-8.556659197967635,19.671494857183365,1
USDJPY,2021-12-24,0,2021,1.9232450389028433,-2.098489087857014,0.3497481813099721,0
USDJPY,2021-12-31,0,2021,0.17373326731462413,5.298956713604159,0.6080769999217319,0
USDJPY,2022-01-07,1,2022,1.7259531576307996,14.32788413402719,15.881510124463038,0
USDJPY,2022-01-14,0,2022,11.260666842614064,-16.029310739638348,-52.40351587958684,0
USDJPY,2022-01-21,0,2022,4.041788579312033,3.428119368874751,7.471542214213735,0
USDJPY,2022-01-28,0,2022,23.360240870038407,-1.214107934195008,3.4688798119868025,0
USDJPY,2022-02-11,0,2022,5.005739339070114,-5.865861548415114,-2.5016174250589946,0
USDJPY,2022-02-18,0,2022,2.172836072555917,1.3909173099664045,-5.042075248625128,0
USDJPY,2022-02-25,0,2022,1.643797691762705,2.076717402026694,-17.565568025475766,1
USDJPY,2022-03-04,1,2022,2.859742623164685,-15.680770696884629,-55.878989499948254,0
USDJPY,2022-03-18,0,2022,3.1912392085720054,-25.4540566877815,-10.08081452981374,0
USDJPY,2022-04-08,0,2022,9.094128251352362,15.518336562970061,-4.502729779928957,0
USDJPY,2022-04-15,0,2022,1.4228349195311019,-1.3439797612457816,7.668590402402089,1
USDJPY,2022-04-22,0,2022,4.6741348955303685,-11.991341317177614,30.601280114619705,0
USDJPY,2022-04-29,0,2022,8.530783833013977,-1.9197100469943316,-36.6280676966564,0
USDJPY,2022-05-06,1,2022,8.208165206584628,0.38324454834611155,-7.971486605602802,0
USDJPY,2022-05-13,0,2022,3.0255777689847108,24.429967426710903,29.315960912052702,1
USDJPY,2022-05-20,0,2022,1.0953159595361583,12.594754011156018,-15.802113728282595,1
USDJPY,2022-06-03,1,2022,35.5095076322387,-3.140126217756957,18.764168862200545,0
USDJPY,2022-06-10,0,2022,3.065283052722245,-34.85024118460954,-41.431402610028066,1
USDJPY,2022-07-15,0,2022,6.92246122340201,-0.28823635381137325,-13.763285894432437,1
USDJPY,2022-07-22,0,2022,2.121185523273894,9.51078010344796,41.26215367957452,1
USDJPY,2022-07-29,0,2022,14.352564773423282,18.512159801740456,-37.92006927130744,0
USDJPY,2022-08-05,1,2022,90.44713158743889,18.150440371339815,61.51809093073144,0
USDJPY,2022-08-26,0,2022,11.973774513384106,7.090539611992849,-41.008172395141266,0
USDJPY,2022-09-02,1,2022,15.517670925719873,-33.26155092642054,-34.611913036681166,0
USDJPY,2022-10-07,1,2022,16.906812410291128,-0.4133455499909642,5.9246195498653265,0
USDJPY,2022-10-14,0,2022,1.1502029769971944,-13.330355994939865,-64.96011043219002,1
USDJPY,2022-10-21,0,2022,1.38327163502594,19.434361268305764,307.5240623744192,0
USDJPY,2022-10-28,0,2022,2.1690356602999117,-9.758543808406708,7.115604860296252,0
USDJPY,2022-11-04,1,2022,1.015111628444032,-30.11192161427097,-41.277016145403536,0
USDJPY,2022-11-18,0,2022,4.649100220295299,-3.360094940555788,16.871966084488147,0
USDJPY,2022-12-09,0,2022,35.21412100986332,-0.2202335944318301,18.05915474346661,1
USDJPY,2022-12-23,0,2022,2.4112000241127696,-28.790642287576627,-11.22985785562521,1
USDJPY,2022-12-30,0,2022,8.255949585688205,19.70936270533732,55.64104702199082,0
USDJPY,2023-01-06,1,2023,63.02177115731,-39.385702840114526,102.20814520295555,0
USDJPY,2023-01-13,0,2023,5.062699587194963,26.495226962788774,42.70407169296547,1
USDJPY,2023-01-20,0,2023,11.909609902649443,-4.144218814752515,-48.11898512685958,0
USDJPY,2023-01-27,0,2023,9.85897050781337,-14.880149264087114,-14.494653169163671,1
USDJPY,2023-02-03,1,2023,113.07832989610577,21.0853572198087,76.56908917413091,0
USDJPY,2023-02-10,0,2023,3.1379392158203956,17.0619739862303,54.322876817139296,1
USDJPY,2023-02-17,0,2023,1.1876660876808387,-9.277539448099034,-43.864206510606266,0
USDJPY,2023-02-24,0,2023,12.451281597889441,27.52064048036126,37.23380770872362,0
USDJPY,2023-03-03,1,2023,13.66330960618889,-5.88473279635201,-8.459303394755723,0
USDJPY,2023-03-10,0,2023,47.20467802018513,85.44494610056255,88.23918702295721,0
USDJPY,2023-04-14,0,2023,47.03413183146266,0.37571385632446197,53.576795912231475,0
USDJPY,2023-04-21,0,2023,3.288883573520085,7.103334828773407,-31.03035740989762,0
USDJPY,2023-04-28,0,2023,9.9805525997132,-3.526067186273316,6.097157842927228,0
USDJPY,2023-05-05,1,2023,58.08671303674462,-3.035642889933176,-24.72938354237518,0
USDJPY,2023-05-12,0,2023,4.075643951745311,-0.8154611432756631,-61.0113200833243,1
USDJPY,2023-05-19,0,2023,8.09874686354295,10.837758751489103,-41.61699360572365,0
USDJPY,2023-06-09,0,2023,10.336214074478933,-22.562009599632987,-13.364757278763555,0
USDJPY,2023-06-16,0,2023,14.112774543106887,3.25765194113669,39.44591589592505,0
USDJPY,2023-07-07,1,2023,19.039219392005258,-42.12806092150757,-66.37090858280526,1
USDJPY,2023-07-14,0,2023,12.114394496605119,-8.786713337078597,-18.22162683836804,0
USDJPY,2023-07-21,0,2023,13.00334977597517,-19.17660878302599,-25.828273822160604,0
USDJPY,2023-07-28,0,2023,35.29032026682977,42.81415511732776,67.1160127799175,1
USDJPY,2023-08-04,1,2023,16.411493656327547,42.78217620074571,35.26543916711639,0
USDJPY,2023-08-11,0,2023,11.41639394169891,5.736243382587863,12.854714086278733,0
USDJPY,2023-08-25,0,2023,0.9594298245629851,16.240218180821206,24.737209971630744,0
USDJPY,2023-09-01,1,2023,30.246450003789114,-31.72036322925769,-104.83614601042339,0
USDJPY,2023-09-08,0,2023,2.307525247040587,14.113368345344385,23.952014547626973,1
USDJPY,2023-09-15,0,2023,4.194176858967058,-1.8257306303509404,-2.772405772012964,0
USDJPY,2023-09-22,0,2023,2.8339507297414634,1.011838510573548,-0.6071031063452308,0
USDJPY,2023-10-13,0,2023,2.3405422033206946,-10.568349799000075,-8.963030842190143,0
USDJPY,2023-10-27,0,2023,6.266666666666643,14.60915507051086,12.941443304470669,0
USDJPY,2023-11-17,0,2023,18.813478752821577,-0.13365231686272616,4.5441787733379755,0
USDJPY,2023-12-01,1,2023,4.254198488746752,-6.547329769425875,-83.76532210162394,0
USDJPY,2023-12-15,0,2023,37.16764228789194,-42.79179577984397,-21.641827750726794,0
USDJPY,2023-12-22,0,2023,1.6190456078102322,-4.785968665981941,27.37855604510161,0
USDJPY,2023-12-29,0,2023,10.241921243157037,-7.338413773638894,-60.40079029071458,1
USDJPY,2024-01-12,0,2024,34.18321377232858,30.159562720847862,-2.1394655477052673,0
USDJPY,2024-01-19,0,2024,3.3758920794801917,17.886189836595292,-5.332109422984454,0
USDJPY,2024-01-26,0,2024,5.214258627228574,5.482270607585191,13.536470636011908,0
USDJPY,2024-02-02,1,2024,68.19282202355393,7.179480232724643,53.7783707998335,0
USDJPY,2024-02-16,0,2024,16.763232643068893,-8.433998977294523,-19.657194466763784,0
USDJPY,2024-02-23,0,2024,1.6616705771321794,0.9306901732410278,1.5954688684129248,0
USDJPY,2024-03-01,1,2024,0.7967439729639203,-1.0622406639003983,-31.402489626556257,0
USDJPY,2024-03-08,0,2024,33.98355196085112,-17.59530791788852,-37.30478074064166,1
USDJPY,2024-03-15,0,2024,5.6466412567801605,3.224831200241603,10.950989284153241,0
USDJPY,2024-03-29,0,2024,3.3052388035037517,-2.1160522400391883,-2.4466854025455547,0
USDJPY,2024-04-05,1,2024,24.790110398624776,-0.06594348643470083,-4.9457614824099565,0
USDJPY,2024-05-24,0,2024,1.4006048066206311,-2.0375287323378592,9.105206522639694,0
USDJPY,2024-05-31,0,2024,16.03981948838151,1.6575607081606105,-20.6557565170826,1
USDJPY,2024-06-07,1,2024,77.63355930895388,9.50976825524391,-6.573866646243099,1
USDJPY,2024-06-21,0,2024,0.06291049095441537,-3.837515806161581,28.938643784169287,0
USDJPY,2024-07-12,0,2024,20.368268381887322,-39.961485937961385,-64.19010339641189,0
USDJPY,2024-07-19,0,2024,0.5076270971349217,-4.949112966676852,-15.608740894902464,0
USDJPY,2024-08-02,1,2024,110.12920035456175,-9.777560498656134,13.172546782911299,0
USDJPY,2024-08-09,0,2024,4.838160136285685,1.090817363085092,3.5451564300280154,0
USDJPY,2024-08-16,0,2024,9.525611057815686,-1.690548481549024,-11.225241917486516,0
USDJPY,2024-08-30,0,2024,23.945338571951247,-1.853389987576219,31.576273862395812,0
USDJPY,2024-09-06,1,2024,50.65006741698741,-94.93448677798675,-10.322018902637698,0
USDJPY,2024-11-01,1,2024,46.84224318658114,-15.79726838900854,-70.23202237946403,0
USDJPY,2024-11-08,0,2024,13.435838953448354,-14.465054783941719,-5.4980298726300925,0
USDJPY,2024-11-22,0,2024,2.333555885420946,-26.842156449572624,-34.687327779038455,0
USDJPY,2024-11-29,0,2024,5.994285447873393,6.131166987663521,10.396326631256274,0
USDJPY,2024-12-13,0,2024,6.844314655960471,-20.677464173196398,-26.48280900415669,0
USDJPY,2024-12-20,0,2024,15.89256878801626,-4.091339146444577,26.27406858107159,0
USDJPY,2024-12-27,0,2024,1.5843742672272398,-1.4578553046925338,-0.8873901854641089,1
USDJPY,2025-01-10,0,2025,44.759866796661996,-54.32967143784597,-68.00663048890367,0
USDJPY,2025-01-17,0,2025,1.4783391181394379,31.104798750666333,39.07379677769666,0
USDJPY,2025-01-24,0,2025,5.372939573619062,-13.823557646154564,36.73482448561555,0
USDJPY,2025-01-31,0,2025,4.65239501418413,-5.231510485624719,-7.621212806220152,0
USDJPY,2025-02-07,1,2025,21.175294612795213,5.667514597144961,7.644554572892901,1
USDJPY,2025-02-14,0,2025,33.65129662243005,2.1677866897911144,-4.729716414086486,0
USDJPY,2025-03-07,1,2025,11.583639294957537,0.27127655967109576,-1.8311167777764543,0
USDJPY,2025-03-14,0,2025,5.108659850638908,-0.06725356612021183,26.56515861753565,0
USDJPY,2025-03-21,0,2025,9.876974555032003,-8.070807887869524,-26.02835543837846,0
USDJPY,2025-04-04,1,2025,26.60160987981053,-13.059316791532881,68.25211354732225,0
USDJPY,2025-04-25,0,2025,3.625992789851873,-29.92529140537127,-28.948708469068396,0
USDJPY,2025-05-02,1,2025,4.498799166683387,37.11448711379493,-11.28668171557458,0
USDJPY,2025-05-09,0,2025,6.265060240964182,-20.50350554902104,-7.224389539084453,0
USDJPY,2025-05-23,0,2025,8.342446930821312,-21.259428170495134,-10.313980003507186,0
USDJPY,2025-06-06,1,2025,19.621982166875274,28.371935311987233,26.157540360810643,1
USDJPY,2025-06-20,0,2025,8.307529642777034,-18.48416134130483,-20.06459149316221,0
USDJPY,2025-06-27,0,2025,3.0443927820200667,-15.434234932587845,-6.921181584118877,1
USDJPY,2025-07-04,1,2025,1.3847634477848203,-3.877874647701339,-7.686501533838373,0
USDJPY,2025-07-11,0,2025,2.859087814839345,3.6068652937875507,27.970219542403015,1
USDJPY,2025-07-18,0,2025,2.7624123270963974,-0.13478905512918238,-20.9596980725165,1
USDJPY,2025-08-01,1,2025,101.4321394409623,48.71927363992127,72.00520745955134,0
USDJPY,2025-08-22,0,2025,3.094704691171124,-11.029881563284778,-134.30898464559806,0
USDJPY,2025-08-29,0,2025,6.316261316634542,-13.167539977737267,-30.203893247901775,0
USDJPY,2025-09-05,1,2025,37.78175796695149,10.244511384297475,24.016933973784997,1
USDJPY,2025-09-12,0,2025,4.9350666910052965,-14.392475370624462,-24.05502925794409,1
USDJPY,2025-09-19,0,2025,4.523909197715614,-21.79943172998399,-20.787074219304916,0
USDJPY,2025-10-17,0,2025,1.3957754529614341,-19.00647948164041,-3.987373317826556,0
USDJPY,2025-10-24,0,2025,28.914779900957033,-19.682327238373105,-29.326667585176942,0
USDJPY,2025-11-07,1,2025,6.922313358759258,0.13051933643993108,-9.984729237637486,1
USDJPY,2025-11-14,0,2025,2.730783734932185,-30.372008324660943,-61.91467221644245,0
USDJPY,2025-11-21,0,2025,2.5509878700535893,-1.0201349128435484,-18.68122059142437,0
USDJPY,2025-11-28,0,2025,0.704568163767405,12.553239184039722,-0.4483299708581967,0
USDJPY,2025-12-12,0,2025,1.218362648849336,-3.3990046688217217,9.299163716587104,0
USDJPY,2025-12-26,0,2025,0.7038333322662016,-10.62223246051804,-21.244464921035675,1
USDJPY,2026-01-02,1,2026,0.38244086508099073,0.4461980736978788,7.202911761144781,1
USDJPY,2026-01-16,0,2026,5.439079151251525,0.3796771478654639,-5.884995791913151,1
USDJPY,2026-01-23,0,2026,4.111243935915887,8.029437054271705,-100.58924687673823,0
USDJPY,2026-02-06,1,2026,1.1460588310197029,12.73544656843382,1.1461901911592272,0
USDJPY,2026-02-13,0,2026,2.3486276837969555,17.096805768540836,26.81979836210019,0
USDJPY,2026-02-20,0,2026,12.245029484740932,4.1195970519141145,-19.11750506903465,0
USDJPY,2026-03-13,0,2026,3.3878101571571673,13.242040654946845,-17.572376224574178,0
USDJPY,2026-03-20,0,2026,4.541383355829431,13.428827215756872,37.89072843506945,0
USDJPY,2026-03-27,0,2026,1.9391725363127055,-6.256608542773408,-19.02008997003155,0
USDJPY,2026-04-03,1,2026,0.8774458803917362,-4.010829238945695,2.820114308634264,0
USDJPY,2026-04-10,0,2026,1.0684499305502193,-3.897116134059358,-17.097025620393786,0
USDJPY,2026-04-24,0,2026,6.709810118643578,0.37599874667220257,-12.157292809023067,0
USDJPY,2026-05-08,0,2026,9.697959600343253,3.9595866702429072,-8.430087749549754,0
USDJPY,2026-05-15,0,2026,3.0279517798681432,6.369386583928938,6.873892451962016,0
USDJPY,2026-05-22,0,2026,0.12569525186245656,0.06284841590538837,-6.599083670096355,0
USDJPY,2026-05-29,0,2026,0.8790104853373393,-2.260114010194949,-7.659275256774746,0
USDJPY,2026-06-05,1,2026,9.006360742274122,3.3743462204186416,16.496803744273965,0
USDJPY,2026-06-12,0,2026,1.6225357737931212,0.4367656876867656,-3.4317304032595395,0
USDJPY,2026-06-19,0,2026,0.24803278993568156,-1.5502433882126194,-5.084798313336842,0
USDJPY,2026-06-26,0,2026,1.6081943688472933,-5.50408786750748,1.175029994185693,0
USDJPY,2026-07-03,1,2026,0.2482498386391363,5.957848223816233,14.584315964549512,0
