day,R,px,swap
2021-01-01,-0.001863013698630137,0,0
2021-01-02,-0.001863013698630137,0,0
2021-01-03,-0.10384115831516307,0,0
2021-01-04,0.012987797537072179,0,0
2021-01-05,-0.4323899125535454,0,0
2021-01-06,-0.09118810604597982,0,0
2021-01-07,0.5329967746115584,0,0
2021-01-08,0.13621536987043295,0,0
2021-01-09,-0.001863013698630137,0,0
2021-01-10,0.21228096954974038,0,0
2021-01-11,0.15227648216867257,0,0
2021-01-12,-0.3434412206794221,0,0
2021-01-13,0.19809604707837541,0,0
2021-01-14,-0.029264888146837382,0,0
2021-01-15,0.3410019136896948,0,0
2021-01-16,-0.001863013698630137,0,0
2021-01-17,0.026030518746733806,0,0
2021-01-18,-0.13131203061208177,0,0
2021-01-19,-0.22595139029092462,0,0
2021-01-20,-0.0508257816352237,0,0
2021-01-21,-0.2111574265505579,0,0
2021-01-22,0.10530573417742713,0,0
2021-01-23,-0.001863013698630137,0,0
2021-01-24,-0.0011533126564832027,0,0
2021-01-25,0.13562029541545803,0,0
2021-01-26,-0.15525304702702517,0,0
2021-01-27,0.5604169509022494,0,0
2021-01-28,-0.0011229806870923945,0,0
2021-01-29,0.09228583474285953,0,0
2021-01-30,-0.001863013698630137,0,0
2021-01-31,0.04069461720985689,0,0
2021-02-01,0.2231144785260546,0,0
2021-02-02,0.13342074690261507,0,0
2021-02-03,-0.027582782154770946,0,0
2021-02-04,0.3748691086756815,0,0
2021-02-05,-0.493304106789775,0,0
2021-02-06,-0.0018401826484018263,0,0
2021-02-07,0.08697442837281645,0,0
2021-02-08,-0.12048258859055044,0,0
2021-02-09,-0.34033441926896063,0,0
2021-02-10,0.02954622799808415,0,0
2021-02-11,-0.08989761986688788,0,0
2021-02-12,0.03654237947792611,0,0
2021-02-13,-0.0018401826484018263,0,0
2021-02-14,-0.0025179421723286626,0,0
2021-02-15,-0.14955006811983376,0,0
2021-02-16,0.2828417099608087,0,0
2021-02-17,0.13558436602330312,0,0
2021-02-18,-0.23157459300077718,0,0
2021-02-19,-0.2816973049480411,0,0
2021-02-20,-0.0018401826484018263,0,0
2021-02-21,-0.04602824730948011,0,0
2021-02-22,-0.2296475326439387,0,0
2021-02-23,0.1913899136988866,0,0
2021-02-24,-0.1325895943602204,0,0
2021-02-25,0.2673016523177458,0,0
2021-02-26,0.6176556869161355,0,0
2021-02-27,-0.0018401826484018263,0,0
2021-02-28,-0.16262551829428837,0,0
2021-03-01,0.273133190831126,0,0
2021-03-02,-0.2107175530051911,0,0
2021-03-03,0.23437770815190678,0,0
2021-03-04,0.5102040958324403,0,0
2021-03-05,0.2563556625306221,0,0
2021-03-06,-0.001863013698630137,0,0
2021-03-07,-0.08182525479769266,0,0
2021-03-08,0.5074124924301803,0,0
2021-03-09,-0.355020985165545,0,0
2021-03-10,-0.04933355520546976,0,0
2021-03-11,-0.3081134443915937,0,0
2021-03-12,0.24907103165474492,0,0
2021-03-13,-0.001863013698630137,0,0
2021-03-14,-0.014598475625406468,0,0
2021-03-15,0.08782547865981401,0,0
2021-03-16,0.050124630921960164,0,0
2021-03-17,-0.4018046249178794,0,0
2021-03-18,0.421506371755484,0,0
2021-03-19,0.06349422093707557,0,0
2021-03-20,-0.001863013698630137,0,0
2021-03-21,0.10897405927702888,0,0
2021-03-22,-0.22628070541915818,0,0
2021-03-23,0.6132280398170533,0,0
2021-03-24,0.12342660134014852,0,0
2021-03-25,0.1886801583285736,0,0
2021-03-26,-0.07016828507122873,0,0
2021-03-27,-0.001863013698630137,0,0
2021-03-28,0.0684248495885701,0,0
2021-03-29,0.044575202282958984,0,0
2021-03-30,0.33383472489183796,0,0
2021-03-31,0.1209973542785949,0,0
2021-04-01,-0.22092869863664036,0,0
2021-04-02,0.06745614363705581,0,0
2021-04-03,-0.001863013698630137,0,0
2021-04-04,-0.044338730253095926,0,0
2021-04-05,-0.3102361800121898,0,0
2021-04-06,-0.28890549542020383,0,0
2021-04-07,0.102685482757787,0,0
2021-04-08,-0.3640103093155842,0,0
2021-04-09,0.13611059225405445,0,0
2021-04-10,-0.001863013698630137,0,0
2021-04-11,0.05838498967668543,0,0
2021-04-12,-0.061899616626414,0,0
2021-04-13,-0.23402582276049325,0,0
2021-04-14,-0.22033269061071234,0,0
2021-04-15,0.01848928010442841,0,0
2021-04-16,-0.010406202087286922,0,0
2021-04-17,-0.001863013698630137,0,0
2021-04-18,0.0739476984692926,0,0
2021-04-19,-0.4231506165788121,0,0
2021-04-20,0.10540836930108319,0,0
2021-04-21,-0.08452123191174483,0,0
2021-04-22,0.09411564331048554,0,0
2021-04-23,-0.33672130336033446,0,0
2021-04-24,-0.001863013698630137,0,0
2021-04-25,-0.046478559670404575,0,0
2021-04-26,-0.029737168074754523,0,0
2021-04-27,0.1784377740085868,0,0
2021-04-28,-0.31884149509500015,0,0
2021-04-29,0.12035628067183078,0,0
2021-04-30,0.4971561478076178,0,0
2021-05-01,-0.001863013698630137,0,0
2021-05-02,-0.08278563761302182,0,0
2021-05-03,-0.16971102906224053,0,0
2021-05-04,0.21171922806055463,0,0
2021-05-05,-0.021265347190309283,0,0
2021-05-06,-0.28679627227972315,0,0
2021-05-07,-0.5148527228619951,0,0
2021-05-08,-0.001863013698630137,0,0
2021-05-09,0.02596485563385512,0,0
2021-05-10,0.21696372195978908,0,0
2021-05-11,0.08793892142449138,0,0
2021-05-12,0.5290783973807721,0,0
2021-05-13,-0.030315789106690395,0,0
2021-05-14,-0.35416482779306513,0,0
2021-05-15,-0.001863013698630137,0,0
2021-05-16,0.0783465521018323,0,0
2021-05-17,-0.01326073172920222,0,0
2021-05-18,-0.322519514750779,0,0
2021-05-19,0.32286838402471796,0,0
2021-05-20,-0.40372209943511667,0,0
2021-05-21,0.20063227331924224,0,0
2021-05-22,-0.001863013698630137,0,0
2021-05-23,-0.001213780636829322,0,0
2021-05-24,-0.18486226161271282,0,0
2021-05-25,-0.11109718700285842,0,0
2021-05-26,0.2503767037257498,0,0
2021-05-27,0.11121067401780825,0,0
2021-05-28,0.11475301213857204,0,0
2021-05-29,-0.001863013698630137,0,0
2021-05-30,-0.021765312248199505,0,0
2021-05-31,-0.26093317608130784,0,0
2021-06-01,-0.008283651892965807,0,0
2021-06-02,0.047243775996113006,0,0
2021-06-03,0.5188440006749072,0,0
2021-06-04,-0.41328903046624943,0,0
2021-06-05,-0.001863013698630137,0,0
2021-06-06,0.019560079601764434,0,0
2021-06-07,-0.12299718668609154,0,0
2021-06-08,0.06714237752337379,0,0
2021-06-09,0.029843014221050564,0,0
2021-06-10,-0.09190191993982959,0,0
2021-06-11,0.3098554004569704,0,0
2021-06-12,-0.001863013698630137,0,0
2021-06-13,0.07088942795869722,0,0
2021-06-14,0.03843669602777644,0,0
2021-06-15,0.04170838600779233,0,0
2021-06-16,0.714372801707163,0,0
2021-06-17,0.41815666743446706,0,0
2021-06-18,0.3242253145205381,0,0
2021-06-19,-0.001863013698630137,0,0
2021-06-20,-0.08350884119131101,0,0
2021-06-21,-0.18885232026298923,0,0
2021-06-22,-0.027582603128281695,0,0
2021-06-23,0.013973150679254673,0,0
2021-06-24,-0.04122026830940241,0,0
2021-06-25,-0.0774394951708826,0,0
2021-06-26,-0.001863013698630137,0,0
2021-06-27,-0.0032544958652518225,0,0
2021-06-28,0.13572185525498656,0,0
2021-06-29,0.18487400705707688,0,0
2021-06-30,0.31997829082626567,0,0
2021-07-01,0.1725041885361633,0,0
2021-07-02,-0.3108517620182044,0,0
2021-07-03,-0.001863013698630137,0,0
2021-07-04,0.07050997812196429,0,0
2021-07-05,-0.09146081659469225,0,0
2021-07-06,0.15716659426764326,0,0
2021-07-07,0.13360976553692186,0,0
2021-07-08,-0.26153166155530017,0,0
2021-07-09,-0.14944127706183402,0,0
2021-07-10,-0.001863013698630137,0,0
2021-07-11,0.014600721960005046,0,0
2021-07-12,0.041854484984963566,0,0
2021-07-13,0.35559930748216556,0,0
2021-07-14,-0.36757596386706204,0,0
2021-07-15,0.19222438758609456,0,0
2021-07-16,0.12770657361368604,0,0
2021-07-17,-0.001863013698630137,0,0
2021-07-18,0.011515598115351066,0,0
2021-07-19,0.08557116455139369,0,0
2021-07-20,0.12734762591022317,0,0
2021-07-21,-0.04836533310516278,0,0
2021-07-22,-0.028824558757003325,0,0
2021-07-23,0.09009556589737748,0,0
2021-07-24,-0.001863013698630137,0,0
2021-07-25,0.025559552233039008,0,0
2021-07-26,-0.2249503497564523,0,0
2021-07-27,-0.04863999701446799,0,0
2021-07-28,-0.14989590386192506,0,0
2021-07-29,-0.2089454590621558,0,0
2021-07-30,0.18504514710079484,0,0
2021-07-31,-0.0019771689497716893,0,0
2021-08-01,-0.033636021715183345,0,0
2021-08-02,-0.13959740715861085,0,0
2021-08-03,-0.07260577438869872,0,0
2021-08-04,0.23927667172616865,0,0
2021-08-05,0.058258690118055755,0,0
2021-08-06,0.38918112242941016,0,0
2021-08-07,-0.0019771689497716893,0,0
2021-08-08,0.06640863407770291,0,0
2021-08-09,0.04112119013483221,0,0
2021-08-10,0.09208162922461716,0,0
2021-08-11,-0.15654105817051936,0,0
2021-08-12,0.09452378523491056,0,0
2021-08-13,-0.35116201956199,0,0
2021-08-14,-0.0019771689497716893,0,0
2021-08-15,0.009357138892694484,0,0
2021-08-16,0.08429079345100166,0,0
2021-08-17,0.41305310775282617,0,0
2021-08-18,0.2204745505721275,0,0
2021-08-19,0.23459860723907264,0,0
2021-08-20,-0.03524895243071128,0,0
2021-08-21,-0.0019771689497716893,0,0
2021-08-22,-0.025245138411141538,0,0
2021-08-23,-0.28087532647930885,0,0
2021-08-24,-0.07148853592351279,0,0
2021-08-25,-0.046449206750856085,0,0
2021-08-26,0.19677458281514992,0,0
2021-08-27,-0.3122169188346487,0,0
2021-08-28,-0.0019771689497716893,0,0
2021-08-29,-0.05743953370337177,0,0
2021-08-30,0.028984671293859555,0,0
2021-08-31,-0.03263005109303729,0,0
2021-09-01,-0.18614901309709334,0,0
2021-09-02,-0.22706115410158606,0,0
2021-09-03,-0.1591897892194317,0,0
2021-09-04,-0.001863013698630137,0,0
2021-09-05,0.048991772329420216,0,0
2021-09-06,0.0026899831242743547,0,0
2021-09-07,0.25908741028926224,0,0
2021-09-08,0.15408102916451424,0,0
2021-09-09,-0.17974542479806216,0,0
2021-09-10,0.08626004636703459,0,0
2021-09-11,-0.001863013698630137,0,0
2021-09-12,0.028675291059005577,0,0
2021-09-13,0.09316729222538576,0,0
2021-09-14,0.020631682976137537,0,0
2021-09-15,-0.14064085098522888,0,0
2021-09-16,0.42417071937285084,0,0
2021-09-17,0.25624181996943074,0,0
2021-09-18,-0.001863013698630137,0,0
2021-09-19,0.018210947451022117,0,0
2021-09-20,-0.09326097523780089,0,0
2021-09-21,-0.007683981751239478,0,0
2021-09-22,0.21911194452995003,0,0
2021-09-23,-0.26338870014033816,0,0
2021-09-24,0.15609132109926666,0,0
2021-09-25,-0.001863013698630137,0,0
2021-09-26,-0.006074341060486379,0,0
2021-09-27,0.13144561285784126,0,0
2021-09-28,0.26300667682786233,0,0
2021-09-29,0.4200987231662804,0,0
2021-09-30,-0.09728798428529742,0,0
2021-10-01,-0.1987372756651478,0,0
2021-10-02,-0.001863013698630137,0,0
2021-10-03,-0.05569310017338169,0,0
2021-10-04,-0.08681923825268104,0,0
2021-10-05,0.20678359100430566,0,0
2021-10-06,0.07629254890633343,0,0
2021-10-07,-0.02795552236031229,0,0
2021-10-08,0.04009784972877401,0,0
2021-10-09,-0.001863013698630137,0,0
2021-10-10,-0.015093446109433774,0,0
2021-10-11,0.10232656823578308,0,0
2021-10-12,0.08723997221484632,0,0
2021-10-13,-0.41180228174575484,0,0
2021-10-14,0.020291798698383552,0,0
2021-10-15,-0.0175023202456657,0,0
2021-10-16,-0.001863013698630137,0,0
2021-10-17,0.08684011792126427,0,0
2021-10-18,-0.11510513830988225,0,0
2021-10-19,-0.11779207189833538,0,0
2021-10-20,-0.26764905475975836,0,0
2021-10-21,0.10554837838263045,0,0
2021-10-22,-0.13004100135010238,0,0
2021-10-23,-0.001863013698630137,0,0
2021-10-24,0.006395433540249383,0,0
2021-10-25,0.11386441301789496,0,0
2021-10-26,-0.010193539866494097,0,0
2021-10-27,-0.026183146768164942,0,0
2021-10-28,-0.4053648296009524,0,0
2021-10-29,0.43108677630274345,0,0
2021-10-30,-0.001863013698630137,0,0
2021-10-31,0.04470433057772205,0,0
2021-11-01,-0.19992593525105848,0,0
2021-11-02,0.38442257997498414,0,0
2021-11-03,-0.2820592050285983,0,0
2021-11-04,0.5968712233394351,0,0
2021-11-05,-0.015325161692944683,0,0
2021-11-06,-0.0018401826484018263,0,0
2021-11-07,0.061982198528360226,0,0
2021-11-08,-0.10353560202070218,0,0
2021-11-09,0.05423489062827763,0,0
2021-11-10,0.765951983019726,0,0
2021-11-11,0.37230957721115693,0,0
2021-11-12,-0.14727583546170495,0,0
2021-11-13,-0.0018401826484018263,0,0
2021-11-14,-0.02737504872699344,0,0
2021-11-15,0.21952150417868518,0,0
2021-11-16,0.3317549087456696,0,0
2021-11-17,-0.036684747585271314,0,0
2021-11-18,-0.19932468859546673,0,0
2021-11-19,0.45687505223868846,0,0
2021-11-20,-0.0018401826484018263,0,0
2021-11-21,0.02886877711122263,0,0
2021-11-22,0.19873227080765385,0,0
2021-11-23,0.06884956319827165,0,0
2021-11-24,0.18038858085825946,0,0
2021-11-25,0.048256650472257,0,0
2021-11-26,-0.43628948272385554,0,0
2021-11-27,-0.0018401826484018263,0,0
2021-11-28,0.08856361774059945,0,0
2021-11-29,0.012496768775552405,0,0
2021-11-30,-0.07723521991572188,0,0
2021-12-01,0.0554921178995745,0,0
2021-12-02,0.15235538588207728,0,0
2021-12-03,0.16162157864452822,0,0
2021-12-04,-0.0019771689497716893,0,0
2021-12-05,0.040228690156350715,0,0
2021-12-06,0.07230382217841928,0,0
2021-12-07,-0.13350034759470072,0,0
2021-12-08,-0.252285763787864,0,0
2021-12-09,0.1881686716049805,0,0
2021-12-10,-0.12297075194455935,0,0
2021-12-11,-0.0019771689497716893,0,0
2021-12-12,0.05428658485577078,0,0
2021-12-13,0.22609917811957836,0,0
2021-12-14,0.12850839840121867,0,0
2021-12-15,-0.17839080895788081,0,0
2021-12-16,-0.1311310940140577,0,0
2021-12-17,0.35852749970623765,0,0
2021-12-18,-0.0019726027397260273,0,0
2021-12-19,-0.07031242779579372,0,0
2021-12-20,-0.12348790644600512,0,0
2021-12-21,0.037093504024378346,0,0
2021-12-22,-0.1972491656909853,0,0
2021-12-23,0.06075786015273073,0,0
2021-12-24,0.035815884058688394,0,0
2021-12-25,-0.0019726027397260273,0,0
2021-12-26,-0.039424749654420665,0,0
2021-12-27,0.0938539580164827,0,0
2021-12-28,0.0710717674626947,0,0
2021-12-29,-0.06427682774028601,0,0
2021-12-30,0.15634671101718228,0,0
2021-12-31,-0.17492309575664025,0,0
2022-01-01,-0.0019726027397260273,0,0
2022-01-02,0.052764540842685906,0,0
2022-01-03,0.4046374242128792,0,0
2022-01-04,0.18983471099578336,0,0
2022-01-05,-0.01603222935732974,0,0
2022-01-06,0.13293689399926192,0,0
2022-01-07,-0.25196551935407346,0,0
2022-01-08,-0.0019726027397260273,0,0
2022-01-09,0.01691572984528375,0,0
2022-01-10,-0.014519434477620084,0,0
2022-01-11,-0.1605705709354544,0,0
2022-01-12,-0.4776938545016334,0,0
2022-01-13,-0.17184524715828475,0,0
2022-01-14,0.3042238974999128,0,0
2022-01-15,-0.0019726027397260273,0,0
2022-01-16,0.0406548412232575,0,0
2022-01-17,-0.019732646675043597,0,0
2022-01-18,0.302453869393707,0,0
2022-01-19,-0.23326820131350662,0,0
2022-01-20,0.06293931711939502,0,0
2022-01-21,-0.10737791299473905,0,0
2022-01-22,-0.0019726027397260273,0,0
2022-01-23,0.02486117538131177,0,0
2022-01-24,0.07787613611776248,0,0
2022-01-25,0.06740069364206175,0,0
2022-01-26,0.46087746769386956,0,0
2022-01-27,0.5911294108175739,0,0
2022-01-28,0.10309767761808582,0,0
2022-01-29,-0.0019726027397260273,0,0
2022-01-30,0.04637107794169472,0,0
2022-01-31,-0.42944187662248356,0,0
2022-02-01,-0.31120655974712363,0,0
2022-02-02,-0.04128208123485074,0,0
2022-02-03,-0.29702684572174926,0,0
2022-02-04,-0.027291726065516757,0,0
2022-02-05,-0.0019771689497716893,0,0
2022-02-06,0.007743024829053743,0,0
2022-02-07,-0.07652641373669768,0,0
2022-02-08,0.12205057007404431,0,0
2022-02-09,-0.08338477507083841,0,0
2022-02-10,0.23123266563695188,0,0
2022-02-11,0.18128581338824679,0,0
2022-02-12,-0.0019771689497716893,0,0
2022-02-13,-0.045817085175224294,0,0
2022-02-14,0.08439174589871414,0,0
2022-02-15,-0.1428303392550588,0,0
2022-02-16,-0.09786184925662611,0,0
2022-02-17,0.05875188155715908,0,0
2022-02-18,0.11182192132631637,0,0
2022-02-19,-0.0019771689497716893,0,0
2022-02-20,-0.027895300832159214,0,0
2022-02-21,-0.07748736336997057,0,0
2022-02-22,-0.1123385632343022,0,0
2022-02-23,0.03679083792404197,0,0
2022-02-24,0.1586088486413648,0,0
2022-02-25,-0.3361349257661787,0,0
2022-02-26,-0.0019771689497716893,0,0
2022-02-27,0.3019474083327287,0,0
2022-02-28,-0.18150737833408423,0,0
2022-03-01,0.011744152458656692,0,0
2022-03-02,0.3046859124911335,0,0
2022-03-03,-0.03496398381652871,0,0
2022-03-04,-0.1352785204801544,0,0
2022-03-05,-0.0018801369863013697,0,0
2022-03-06,0.14213709127630114,0,0
2022-03-07,-0.020122951104241383,0,0
2022-03-08,0.001001847275882095,0,0
2022-03-09,-0.21499633951970645,0,0
2022-03-10,0.055784120858584973,0,0
2022-03-11,0.40928315675017346,0,0
2022-03-12,-0.0018801369863013697,0,0
2022-03-13,0.06758013367305948,0,0
2022-03-14,0.09865138611322592,0,0
2022-03-15,0.1505891220153005,0,0
2022-03-16,-0.04764196912062496,0,0
2022-03-17,-0.4315358989835997,0,0
2022-03-18,0.11053390199705745,0,0
2022-03-19,-0.001608610567514677,0,0
2022-03-20,-0.00807627990460937,0,0
2022-03-21,0.270357199558173,0,0
2022-03-22,0.26778580807588664,0,0
2022-03-23,-0.2122711036323918,0,0
2022-03-24,0.010415762393878916,0,0
2022-03-25,0.00818694080859762,0,0
2022-03-26,-0.001608610567514677,0,0
2022-03-27,0.04078145645349801,0,0
2022-03-28,0.17226992725497695,0,0
2022-03-29,-0.48527652445777975,0,0
2022-03-30,-0.3311039260894289,0,0
2022-03-31,0.3022030391313809,0,0
2022-04-01,0.10477225312254908,0,0
2022-04-02,-0.001608610567514677,0,0
2022-04-03,-0.008799240129008606,0,0
2022-04-04,0.07420305069927727,0,0
2022-04-05,0.22664650948748236,0,0
2022-04-06,0.16211539959676044,0,0
2022-04-07,0.17052273899248035,0,0
2022-04-08,-0.05547550356808601,0,0
2022-04-09,-0.001608610567514677,0,0
2022-04-10,0.022124924133399528,0,0
2022-04-11,0.15796690291280027,0,0
2022-04-12,0.07730555049500501,0,0
2022-04-13,0.13420341593528387,0,0
2022-04-14,0.4170737054988746,0,0
2022-04-15,0.0587851335116178,0,0
2022-04-16,-0.001608610567514677,0,0
2022-04-17,0.034283438890220015,0,0
2022-04-18,0.18525003337082205,0,0
2022-04-19,0.25983357687349884,0,0
2022-04-20,-0.26807943201712814,0,0
2022-04-21,0.24960857359485716,0,0
2022-04-22,-0.02137987465008078,0,0
2022-04-23,-0.001608610567514677,0,0
2022-04-24,0.020893410992191247,0,0
2022-04-25,0.02693118553132012,0,0
2022-04-26,-0.047501383504202674,0,0
2022-04-27,0.4962005197889034,0,0
2022-04-28,0.24074318007263948,0,0
2022-04-29,0.15095288203804888,0,0
2022-04-30,-0.001608610567514677,0,0
2022-05-01,0.07337110411064796,0,0
2022-05-02,-0.12122143141109366,0,0
2022-05-03,-0.12301674255348168,0,0
2022-05-04,-0.4597220008760749,0,0
2022-05-05,0.6043253730370832,0,0
2022-05-06,0.19299627644998085,0,0
2022-05-07,-0.0009628180039138942,0,0
2022-05-08,0.2653700834566318,0,0
2022-05-09,0.2763878731291363,0,0
2022-05-10,0.14160759802363088,0,0
2022-05-11,-0.21623550066164143,0,0
2022-05-12,0.46048643875578993,0,0
2022-05-13,-0.2688599275301219,0,0
2022-05-14,-0.0009628180039138942,0,0
2022-05-15,0.044005068079117304,0,0
2022-05-16,-0.22569901260416922,0,0
2022-05-17,-0.4051871515102186,0,0
2022-05-18,-0.007902919430031059,0,0
2022-05-19,-0.5842279438079678,0,0
2022-05-20,0.12329628125036211,0,0
2022-05-21,-0.0009628180039138942,0,0
2022-05-22,-0.17408763123406942,0,0
2022-05-23,-0.3849847381615552,0,0
2022-05-24,-0.2906960359266733,0,0
2022-05-25,0.2158103759419927,0,0
2022-05-26,-0.22986730084843326,0,0
2022-05-27,-0.19867664514343433,0,0
2022-05-28,-0.0009628180039138942,0,0
2022-05-29,0.00953855538978472,0,0
2022-05-30,0.004292680602215977,0,0
2022-05-31,0.2806404167673526,0,0
2022-06-01,0.3202450669478855,0,0
2022-06-02,-0.5822231354615361,0,0
2022-06-03,0.2951185737759052,0,0
2022-06-04,-0.0007899543378995432,0,0
2022-06-05,0.03346320530519988,0,0
2022-06-06,0.5659473003470388,0,0
2022-06-07,0.13039811847524677,0,0
2022-06-08,0.24814886488310736,0,0
2022-06-09,0.3904870137011616,0,0
2022-06-10,0.33165588215026415,0,0
2022-06-11,-0.0007899543378995432,0,0
2022-06-12,0.2268731398666728,0,0
2022-06-13,0.25528805244625624,0,0
2022-06-14,0.0036268187280280584,0,0
2022-06-15,-0.3355984887190085,0,0
2022-06-16,-0.6950038689552904,0,0
2022-06-17,0.6704012410100064,0,0
2022-06-18,0.0002896281800391389,0,0
2022-06-19,-0.005621294375309073,0,0
2022-06-20,-0.23657733812252596,0,0
2022-06-21,0.20377206979816206,0,0
2022-06-22,-0.1298914005777196,0,0
2022-06-23,0.04392000329983658,0,0
2022-06-24,-0.16920275977991373,0,0
2022-06-25,0.0002896281800391389,0,0
2022-06-26,-0.027085621662028485,0,0
2022-06-27,0.028253785481669052,0,0
2022-06-28,0.2639529214416418,0,0
2022-06-29,0.3052197085806519,0,0
2022-06-30,-0.14442156698795627,0,0
2022-07-01,0.2969058943080349,0,0
2022-07-02,3.424657534246533e-06,0,0
2022-07-03,-0.0743463163641657,0,0
2022-07-04,-0.04710164979393279,0,0
2022-07-05,0.7524275463408369,0,0
2022-07-06,0.23195979390664062,0,0
2022-07-07,-0.19664289158170628,0,0
2022-07-08,-0.04225319670619898,0,0
2022-07-09,3.424657534246533e-06,0,0
2022-07-10,0.1940457767624639,0,0
2022-07-11,0.7258431524239193,0,0
2022-07-12,0.003302354091877218,0,0
2022-07-13,0.10509205179876382,0,0
2022-07-14,0.2706613882546375,0,0
2022-07-15,-0.42008208115123863,0,0
2022-07-16,3.424657534246533e-06,0,0
2022-07-17,-0.09128817663393848,0,0
2022-07-18,-0.052313373615874875,0,0
2022-07-19,-0.6645541499998103,0,0
2022-07-20,0.18622557478552282,0,0
2022-07-21,-0.28272135234439366,0,0
2022-07-22,-0.11520093146952019,0,0
2022-07-23,3.424657534246533e-06,0,0
2022-07-24,0.2610872630084192,0,0
2022-07-25,-0.22581867669166808,0,0
2022-07-26,0.25291473081758614,0,0
2022-07-27,-0.3745564043102545,0,0
2022-07-28,-0.5215297607425282,0,0
2022-07-29,-0.36700689415004406,0,0
2022-07-30,0.0011506849315068492,0,0
2022-07-31,-0.06750494634446653,0,0
2022-08-01,-0.8035673407752363,0,0
2022-08-02,1.0616998325883538,0,0
2022-08-03,-0.043377277056159236,0,0
2022-08-04,-0.3562431491523761,0,0
2022-08-05,0.903905014613756,0,0
2022-08-06,0.0006541095890410958,0,0
2022-08-07,0.1413866329745855,0,0
2022-08-08,-0.35563452421855957,0,0
2022-08-09,0.20087318341207216,0,0
2022-08-10,-1.1599598600294598,0,0
2022-08-11,0.09384240431405809,0,0
2022-08-12,0.08514788020350511,0,0
2022-08-13,0.0006541095890410958,0,0
2022-08-14,-0.10564166155851153,0,0
2022-08-15,0.35621057981517323,0,0
2022-08-16,0.2710836227118042,0,0
2022-08-17,0.36777480080001956,0,0
2022-08-18,0.5447569179016899,0,0
2022-08-19,0.45606482800790016,0,0
2022-08-20,0.0006541095890410958,0,0
2022-08-21,0.10387441796699143,0,0
2022-08-22,0.1605641598765964,0,0
2022-08-23,-0.3107850625122983,0,0
2022-08-24,0.06734641645761785,0,0
2022-08-25,-0.24802264207330466,0,0
2022-08-26,0.5657753668328565,0,0
2022-08-27,0.0006541095890410958,0,0
2022-08-28,0.2952529562502881,0,0
2022-08-29,-0.051554238778443257,0,0
2022-08-30,0.24211056537272288,0,0
2022-08-31,0.4079874235053962,0,0
2022-09-01,0.2968986946498374,0,0
2022-09-02,-0.024427269435747412,0,0
2022-09-03,0.0006541095890410958,0,0
2022-09-04,0.11216609618653893,0,0
2022-09-05,-0.27134965363809477,0,0
2022-09-06,1.011770431206865,0,0
2022-09-07,0.2219802317472399,0,0
2022-09-08,-0.18790149810557386,0,0
2022-09-09,-0.4449781340934117,0,0
2022-09-10,0.0005684931506849314,0,0
2022-09-11,-0.039735154390200006,0,0
2022-09-12,-0.16719696180207053,0,0
2022-09-13,0.674158572474054,0,0
2022-09-14,-0.32854719629901186,0,0
2022-09-15,0.02459203966817576,0,0
2022-09-16,-0.16091918463581742,0,0
2022-09-17,0.0003630136986301369,0,0
2022-09-18,0.008821075357994694,0,0
2022-09-19,0.14075900852716305,0,0
2022-09-20,0.10271384132695918,0,0
2022-09-21,0.3355372537028345,0,0
2022-09-22,-0.5870592550024761,0,0
2022-09-23,0.6148659477846691,0,0
2022-09-24,0.001639921722113503,0,0
2022-09-25,0.2927236504453979,0,0
2022-09-26,0.48504743648826726,0,0
2022-09-27,0.1794634696447723,0,0
2022-09-28,-0.4498757030707316,0,0
2022-09-29,0.0211102373981183,0,0
2022-09-30,0.5107505710384422,0,0
2022-10-01,0.001639921722113503,0,0
2022-10-02,-0.054454567303564246,0,0
2022-10-03,-0.1083307940526923,0,0
2022-10-04,-0.3616963261567971,0,0
2022-10-05,0.2569380802157513,0,0
2022-10-06,0.5000074310619057,0,0
2022-10-07,0.22738002785435305,0,0
2022-10-08,0.001639921722113503,0,0
2022-10-09,0.07631860346351094,0,0
2022-10-10,0.2537711300607885,0,0
2022-10-11,0.17726203822520745,0,0
2022-10-12,0.2038792655949148,0,0
2022-10-13,0.15514533983291984,0,0
2022-10-14,0.6768108224549966,0,0
2022-10-15,0.001639921722113503,0,0
2022-10-16,-0.10940084023645791,0,0
2022-10-17,-0.2624864356337723,0,0
2022-10-18,0.001304712662989292,0,0
2022-10-19,0.4823505849193163,0,0
2022-10-20,0.07939330124647963,0,0
2022-10-21,-1.0921222817699747,0,0
2022-10-22,0.001639921722113503,0,0
2022-10-23,0.40460772434795816,0,0
2022-10-24,0.4832404157650216,0,0
2022-10-25,-0.3859097965764012,0,0
2022-10-26,-0.9132187608836115,0,0
2022-10-27,0.35620128677894075,0,0
2022-10-28,0.509463568655831,0,0
2022-10-29,0.001639921722113503,0,0
2022-10-30,0.23894889411312353,0,0
2022-10-31,0.3423682012995129,0,0
2022-11-01,-0.4356609048245538,0,0
2022-11-02,-0.009354773635460476,0,0
2022-11-03,0.31808058111265886,0,0
2022-11-04,-1.2914331032765185,0,0
2022-11-05,0.002143835616438356,0,0
2022-11-06,0.24587370654810525,0,0
2022-11-07,-0.3093597101612002,0,0
2022-11-08,-0.36140262113951954,0,0
2022-11-09,0.4887411540705249,0,0
2022-11-10,-1.874434695006999,0,0
2022-11-11,-1.367187140116167,0,0
2022-11-12,0.002143835616438356,0,0
2022-11-13,0.20004962327406706,0,0
2022-11-14,0.27096467551994413,0,0
2022-11-15,-0.3030930897140889,0,0
2022-11-16,0.2785657711534919,0,0
2022-11-17,0.41784065453923164,0,0
2022-11-18,0.0766988732268363,0,0
2022-11-19,0.002143835616438356,0,0
2022-11-20,0.026196635679232257,0,0
2022-11-21,0.6914436422557886,0,0
2022-11-22,-0.47535915345302077,0,0
2022-11-23,-0.8441485215090333,0,0
2022-11-24,-0.041565730744876926,0,0
2022-11-25,0.22100394169767656,0,0
2022-11-26,0.002143835616438356,0,0
2022-11-27,0.08558728210646567,0,0
2022-11-28,0.05140095267842354,0,0
2022-11-29,0.04698801029587543,0,0
2022-11-30,-1.0767406696569073,0,0
2022-12-01,-0.5521328892296941,0,0
2022-12-02,-0.1620888331552699,0,0
2022-12-03,0.002143835616438356,0,0
2022-12-04,0.04459974019100517,0,0
2022-12-05,0.9473820286592824,0,0
2022-12-06,0.2371802282986436,0,0
2022-12-07,-0.11792356194842916,0,0
2022-12-08,-0.012496689429987384,0,0
2022-12-09,-0.1354931586804748,0,0
2022-12-10,0.002126712328767123,0,0
2022-12-11,0.1526438928864437,0,0
2022-12-12,0.37836682871318905,0,0
2022-12-13,-0.7597818477003166,0,0
2022-12-14,-0.16764955102817414,0,0
2022-12-15,0.9970272605940501,0,0
2022-12-16,-0.1256627397827647,0,0
2022-12-17,0.002811643835616438,0,0
2022-12-18,-0.23498196966872031,0,0
2022-12-19,0.08584092753057562,0,0
2022-12-20,-1.5016605990946883,0,0
2022-12-21,-0.03146331430480267,0,0
2022-12-22,0.2509882499715174,0,0
2022-12-23,0.05969062970819705,0,0
2022-12-24,0.002811643835616438,0,0
2022-12-25,-0.05303651114064438,0,0
2022-12-26,-0.04395830576370108,0,0
2022-12-27,0.2554200023003933,0,0
2022-12-28,0.13357743788108528,0,0
2022-12-29,-0.5947943553129891,0,0
2022-12-30,-0.5869491125264136,0,0
2022-12-31,0.002811643835616438,0,0
2023-01-01,-0.09159900178506844,0,0
2023-01-02,0.015817701496586345,0,0
2023-01-03,0.4182406259281969,0,0
2023-01-04,-0.2983132378722481,0,0
2023-01-05,0.6078615709805119,0,0
2023-01-06,-0.7946451416430282,0,0
2023-01-07,0.002811643835616438,0,0
2023-01-08,-0.13867332182996706,0,0
2023-01-09,-0.1594789975606783,0,0
2023-01-10,0.21747681499482788,0,0
2023-01-11,0.028029967020769472,0,0
2023-01-12,-0.9480566275741004,0,0
2023-01-13,-0.37073945414807763,0,0
2023-01-14,0.002811643835616438,0,0
2023-01-15,-0.061634163326758945,0,0
2023-01-16,0.10411111777781404,0,0
2023-01-17,0.08316185062837422,0,0
2023-01-18,0.2347085933565263,0,0
2023-01-19,0.05270586818649922,0,0
2023-01-20,0.2040451634900564,0,0
2023-01-21,0.002811643835616438,0,0
2023-01-22,-0.12570513941513428,0,0
2023-01-23,0.21599632513243922,0,0
2023-01-24,-0.15934800791168746,0,0
2023-01-25,-0.42596628225056554,0,0
2023-01-26,0.041531817734277235,0,0
2023-01-27,0.019224691268057294,0,0
2023-01-28,0.002811643835616438,0,0
2023-01-29,0.04921901202098621,0,0
2023-01-30,0.3625410320963249,0,0
2023-01-31,-0.3379928130323744,0,0
2023-02-01,-0.8048575516640182,0,0
2023-02-02,0.2831373964385878,0,0
2023-02-03,1.215772355047513,0,0
2023-02-04,0.00323972602739726,0,0
2023-02-05,0.3457643670895129,0,0
2023-02-06,0.22176035111891423,0,0
2023-02-07,-0.7690001949489951,0,0
2023-02-08,0.24596595044900182,0,0
2023-02-09,0.04978483881348342,0,0
2023-02-10,-0.09010766480867795,0,0
2023-02-11,0.003068493150684931,0,0
2023-02-12,0.14620828102011652,0,0
2023-02-13,-0.020817167023763405,0,0
2023-02-14,0.13537052685656753,0,0
2023-02-15,0.6087605528237571,0,0
2023-02-16,0.3013999345411372,0,0
2023-02-17,-0.029673229795693895,0,0
2023-02-18,0.003068493150684931,0,0
2023-02-19,0.1174294374922646,0,0
2023-02-20,-0.12689419574168065,0,0
2023-02-21,0.34639485792411034,0,0
2023-02-22,0.08568079146340482,0,0
2023-02-23,-0.1630540578027845,0,0
2023-02-24,0.8110490965396686,0,0
2023-02-25,0.003068493150684931,0,0
2023-02-26,-0.069902706646427,0,0
2023-02-27,-0.16882387146319902,0,0
2023-02-28,0.25320109994189355,0,0
2023-03-01,-0.12524256409227477,0,0
2023-03-02,0.16571232408822162,0,0
2023-03-03,-0.39145558286360016,0,0
2023-03-04,0.003068493150684931,0,0
2023-03-05,0.06321671712835585,0,0
2023-03-06,0.0008512262678568791,0,0
2023-03-07,0.8931039503250814,0,0
2023-03-08,-0.07809312955074531,0,0
2023-03-09,-0.43257927896667736,0,0
2023-03-10,-0.5214857403414765,0,0
2023-03-11,0.003068493150684931,0,0
2023-03-12,-0.3138152477773419,0,0
2023-03-13,-0.6301197286862347,0,0
2023-03-14,0.3216656576225283,0,0
2023-03-15,0.07559585142789693,0,0
2023-03-16,-0.009584356112032733,0,0
2023-03-17,-0.5316721028519189,0,0
2023-03-18,0.003068493150684931,0,0
2023-03-19,0.14964050449489485,0,0
2023-03-20,-0.3022413354373668,0,0
2023-03-21,0.3437550834960611,0,0
2023-03-22,-0.5752105259529625,0,0
2023-03-23,-0.1635788503236579,0,0
2023-03-24,0.0835053310564525,0,0
2023-03-25,0.0033424657534246575,0,0
2023-03-26,0.027343108658264142,0,0
2023-03-27,-0.18476700502454307,0,0
2023-03-28,-0.04733662644143789,0,0
2023-03-29,0.4816679292698468,0,0
2023-03-30,0.017550395226296645,0,0
2023-03-31,-0.04237229052213029,0,0
2023-04-01,0.0033424657534246575,0,0
2023-04-02,0.12172105357384805,0,0
2023-04-03,-0.5953249068985657,0,0
2023-04-04,-0.2764099803187025,0,0
2023-04-05,0.07044644978339512,0,0
2023-04-06,0.32583204957512757,0,0
2023-04-07,0.158787482604581,0,0
2023-04-08,0.0033424657534246575,0,0
2023-04-09,0.17284469079786646,0,0
2023-04-10,0.4572371922928902,0,0
2023-04-11,-0.07996570055254451,0,0
2023-04-12,-0.31873421272061925,0,0
2023-04-13,-0.49539784849411683,0,0
2023-04-14,0.5876994790499945,0,0
2023-04-15,0.0033424657534246575,0,0
2023-04-16,0.08576266397473337,0,0
2023-04-17,0.19520795296638915,0,0
2023-04-18,-0.23633285515093486,0,0
2023-04-19,0.37418126464126034,0,0
2023-04-20,-0.2892091957234815,0,0
2023-04-21,0.18160128896233202,0,0
2023-04-22,0.0033424657534246575,0,0
2023-04-23,-0.04680860617692127,0,0
2023-04-24,0.010465767712532187,0,0
2023-04-25,0.17642461039597257,0,0
2023-04-26,0.0030999663024270617,0,0
2023-04-27,0.1109173469238997,0,0
2023-04-28,0.6780653389232212,0,0
2023-04-29,0.0033424657534246575,0,0
2023-04-30,0.1567727891134428,0,0
2023-05-01,0.26648376157581766,0,0
2023-05-02,-0.37442850841319786,0,0
2023-05-03,-0.6335705337879236,0,0
2023-05-04,-0.4089532620815026,0,0
2023-05-05,0.025480745527540094,0,0
2023-05-06,0.0040861056751467706,0,0
2023-05-07,0.04692237023974161,0,0
2023-05-08,-0.10446897712679941,0,0
2023-05-09,0.032339791767841033,0,0
2023-05-10,-0.4217552620648671,0,0
2023-05-11,0.41001101208524166,0,0
2023-05-12,0.5543392623669715,0,0
2023-05-13,0.004183953033268102,0,0
2023-05-14,0.052918018370767095,0,0
2023-05-15,-0.20849688346158116,0,0
2023-05-16,0.23387282109056468,0,0
2023-05-17,0.31351732603033444,0,0
2023-05-18,0.35148616953718237,0,0
2023-05-19,-0.3141959745704912,0,0
2023-05-20,0.004183953033268102,0,0
2023-05-21,-0.10409331118473708,0,0
2023-05-22,0.262131373325695,0,0
2023-05-23,0.029959740865768168,0,0
2023-05-24,0.5255977884988055,0,0
2023-05-25,0.31500031216507374,0,0
2023-05-26,0.11124627805953916,0,0
2023-05-27,0.004183953033268102,0,0
2023-05-28,0.026240005107869252,0,0
2023-05-29,-0.2971672109486991,0,0
2023-05-30,-0.16034367398334978,0,0
2023-05-31,-0.13925620276138034,0,0
2023-06-01,-0.3138649210293844,0,0
2023-06-02,0.2779058196606033,0,0
2023-06-03,0.004183953033268102,0,0
2023-06-04,0.0770980319809137,0,0
2023-06-05,-0.25364575610549916,0,0
2023-06-06,-0.22208871279778267,0,0
2023-06-07,0.16846827049752047,0,0
2023-06-08,-0.4467017576695988,0,0
2023-06-09,0.08334438614459262,0,0
2023-06-10,0.0038904109589041093,0,0
2023-06-11,0.022094437241484608,0,0
2023-06-12,0.2187978419639387,0,0
2023-06-13,0.08079976917697462,0,0
2023-06-14,0.03982850044996893,0,0
2023-06-15,-0.21677085714992497,0,0
2023-06-16,0.49231802406036346,0,0
2023-06-17,0.0038904109589041093,0,0
2023-06-18,0.09669565393666142,0,0
2023-06-19,0.13670939518983619,0,0
2023-06-20,0.1284423378727137,0,0
2023-06-21,0.0809682033721116,0,0
2023-06-22,0.4774462046861091,0,0
2023-06-23,0.35719182349604356,0,0
2023-06-24,0.004066536203522505,0,0
2023-06-25,-0.08258656253014143,0,0
2023-06-26,-0.00768707974635398,0,0
2023-06-27,0.1947648497204316,0,0
2023-06-28,0.3365894801266232,0,0
2023-06-29,0.10641747546868087,0,0
2023-06-30,-0.2557380171890203,0,0
2023-07-01,0.003667808219178082,0,0
2023-07-02,0.07494046975054552,0,0
2023-07-03,-0.0028881474145586207,0,0
2023-07-04,-0.08551326998327756,0,0
2023-07-05,0.11839409730488311,0,0
2023-07-06,-4.5681542317224655e-05,0,0
2023-07-07,-0.7776325788107794,0,0
2023-07-08,0.003667808219178082,0,0
2023-07-09,0.13811554986637148,0,0
2023-07-10,-0.29058705245394356,0,0
2023-07-11,-0.6272963729311278,0,0
2023-07-12,-0.8106846090722912,0,0
2023-07-13,-0.5086500869289751,0,0
2023-07-14,0.4303687769443599,0,0
2023-07-15,0.003565068493150685,0,0
2023-07-16,-0.08919843230694526,0,0
2023-07-17,0.031944010729569136,0,0
2023-07-18,-0.011234501650148245,0,0
2023-07-19,0.1503649136602841,0,0
2023-07-20,0.21545991698217246,0,0
2023-07-21,0.6526591269142754,0,0
2023-07-22,0.003565068493150685,0,0
2023-07-23,-0.022038067781825668,0,0
2023-07-24,-0.08503091469837423,0,0
2023-07-25,-0.25329014614864126,0,0
2023-07-26,-0.17227273743914376,0,0
2023-07-27,0.02354115553529207,0,0
2023-07-28,0.776386869363419,0,0
2023-07-29,0.0039075342465753424,0,0
2023-07-30,-0.1043215037296906,0,0
2023-07-31,0.35220018159536265,0,0
2023-08-01,0.5575598228554485,0,0
2023-08-02,0.3743729646871778,0,0
2023-08-03,-0.29273218777780174,0,0
2023-08-04,-0.1958144300361229,0,0
2023-08-05,0.0044383561643835615,0,0
2023-08-06,-0.05947698660557136,0,0
2023-08-07,0.3350958098099314,0,0
2023-08-08,0.38352666067431995,0,0
2023-08-09,0.20234110549617063,0,0
2023-08-10,0.3831534485390975,0,0
2023-08-11,0.008332239201666817,0,0
2023-08-12,0.0044383561643835615,0,0
2023-08-13,0.07393099020847087,0,0
2023-08-14,0.1897576177637214,0,0
2023-08-15,0.20096860824286558,0,0
2023-08-16,0.40184637394681066,0,0
2023-08-17,-0.24583882998924453,0,0
2023-08-18,-0.01909955662486091,0,0
2023-08-19,0.0044383561643835615,0,0
2023-08-20,-0.07805163367213463,0,0
2023-08-21,0.2461687142228939,0,0
2023-08-22,-0.24685949631624707,0,0
2023-08-23,-0.4558783775672892,0,0
2023-08-24,0.6434619366844088,0,0
2023-08-25,0.13292189402140472,0,0
2023-08-26,0.0044383561643835615,0,0
2023-08-27,-0.01111620695985802,0,0
2023-08-28,-0.02539606771004962,0,0
2023-08-29,-0.3282005315512306,0,0
2023-08-30,0.046419413243307596,0,0
2023-08-31,-0.19452461567829507,0,0
2023-09-01,0.36433875916193725,0,0
2023-09-02,0.0039931506849315065,0,0
2023-09-03,-0.031167090398010962,0,0
2023-09-04,0.11703650283857947,0,0
2023-09-05,0.6108304881410724,0,0
2023-09-06,0.1125415692197979,0,0
2023-09-07,-0.16466380387564605,0,0
2023-09-08,0.08624568409401337,0,0
2023-09-09,0.0039931506849315065,0,0
2023-09-10,-0.26366602583067633,0,0
2023-09-11,-0.20370290441748093,0,0
2023-09-12,0.1553907215886186,0,0
2023-09-13,-0.05970052218099602,0,0
2023-09-14,-0.014294809829240699,0,0
2023-09-15,0.13211402567171066,0,0
2023-09-16,0.0039931506849315065,0,0
2023-09-17,-0.07104292144614395,0,0
2023-09-18,-0.08288368768986507,0,0
2023-09-19,-0.031242092022819273,0,0
2023-09-20,0.3247113900465831,0,0
2023-09-21,-0.05282878454589468,0,0
2023-09-22,0.15680684632872438,0,0
2023-09-23,0.0039931506849315065,0,0
2023-09-24,-0.013417544467209542,0,0
2023-09-25,0.2181963497806687,0,0
2023-09-26,0.240514676097795,0,0
2023-09-27,0.20763997408459078,0,0
2023-09-28,-0.24881860980352066,0,0
2023-09-29,0.08375090822783213,0,0
2023-09-30,0.0039931506849315065,0,0
2023-10-01,0.10073011823580003,0,0
2023-10-02,0.375411542514304,0,0
2023-10-03,0.0029077585908999226,0,0
2023-10-04,-0.28251615434968996,0,0
2023-10-05,-0.24096776809515735,0,0
2023-10-06,0.10082108486899491,0,0
2023-10-07,0.0039931506849315065,0,0
2023-10-08,-0.07869858493355142,0,0
2023-10-09,-0.37449815729580316,0,0
2023-10-10,0.020007691809109315,0,0
2023-10-11,0.11662315510221158,0,0
2023-10-12,0.5345896823277947,0,0
2023-10-13,-0.13544722795051695,0,0
2023-10-14,0.0039931506849315065,0,0
2023-10-15,-0.009127343956798279,0,0
2023-10-16,-0.15009255926340703,0,0
2023-10-17,0.0619704096546954,0,0
2023-10-18,0.13211625243726993,0,0
2023-10-19,-0.018810308724512406,0,0
2023-10-20,0.03445538344899601,0,0
2023-10-21,0.0039931506849315065,0,0
2023-10-22,0.029639282940739052,0,0
2023-10-23,-0.14590270183907456,0,0
2023-10-24,-0.0012464278665913903,0,0
2023-10-25,0.3674996508555731,0,0
2023-10-26,0.04755352324385831,0,0
2023-10-27,-0.08325031023838816,0,0
2023-10-28,0.0039931506849315065,0,0
2023-10-29,0.02324154535607037,0,0
2023-10-30,-0.16874805250582423,0,0
2023-10-31,0.8141076163632517,0,0
2023-11-01,-0.5475631547064166,0,0
2023-11-02,-0.11292808508232352,0,0
2023-11-03,-0.6406204400895138,0,0
2023-11-04,0.0039931506849315065,0,0
2023-11-05,0.05955277495582796,0,0
2023-11-06,0.2404923833602054,0,0
2023-11-07,0.35860795718068894,0,0
2023-11-08,0.20824749017012253,0,0
2023-11-09,0.28984030746791145,0,0
2023-11-10,0.014191665444127276,0,0
2023-11-11,0.0039075342465753424,0,0
2023-11-12,0.05983706896502167,0,0
2023-11-13,0.03799545880282969,0,0
2023-11-14,-0.7192091798928761,0,0
2023-11-15,0.15635212034202847,0,0
2023-11-16,0.011998578858199688,0,0
2023-11-17,-0.4420263689066693,0,0
2023-11-18,0.0039075342465753424,0,0
2023-11-19,0.0855504492850628,0,0
2023-11-20,-0.6089601568682962,0,0
2023-11-21,-0.0741552776865234,0,0
2023-11-22,0.2904562692493702,0,0
2023-11-23,-0.04082073799270758,0,0
2023-11-24,-0.21919230130256118,0,0
2023-11-25,0.0039075342465753424,0,0
2023-11-26,0.07946688117211051,0,0
2023-11-27,-0.4729965247524767,0,0
2023-11-28,-0.5854423564873956,0,0
2023-11-29,-0.01462484968615075,0,0
2023-11-30,0.15102779934471844,0,0
2023-12-01,-0.5643551599389516,0,0
2023-12-02,0.0039075342465753424,0,0
2023-12-03,-0.0692931739791949,0,0
2023-12-04,0.39976862048066086,0,0
2023-12-05,0.1341810350389046,0,0
2023-12-06,-0.020462053308992444,0,0
2023-12-07,-1.1089865483349335,0,0
2023-12-08,0.26994723318009994,0,0
2023-12-09,0.0039075342465753424,0,0
2023-12-10,0.10623436650117571,0,0
2023-12-11,0.19523675333115473,0,0
2023-12-12,-0.1552873596542678,0,0
2023-12-13,-1.208157883063212,0,0
2023-12-14,-0.34724146304578807,0,0
2023-12-15,-0.007626362218291063,0,0
2023-12-16,0.0039075342465753424,0,0
2023-12-17,-0.025229783566582464,0,0
2023-12-18,-0.007069833634715528,0,0
2023-12-19,0.07350313542403036,0,0
2023-12-20,-0.08330650903794487,0,0
2023-12-21,-0.6107881879345765,0,0
2023-12-22,0.07620237520136464,0,0
2023-12-23,0.0039075342465753424,0,0
2023-12-24,0.0054574247956757985,0,0
2023-12-25,-0.017261893451454416,0,0
2023-12-26,0.0262231358881784,0,0
2023-12-27,-0.47048248441525387,0,0
2023-12-28,0.11385004446967974,0,0
2023-12-29,-0.10277564056176866,0,0
2023-12-30,0.0039075342465753424,0,0
2023-12-31,0.003557729941291585,0,0
2024-01-01,0.03559262303208188,0,0
2024-01-02,0.4371759832190384,0,0
2024-01-03,0.4411797557298442,0,0
2024-01-04,0.6086793587897742,0,0
2024-01-05,-0.054214590244854526,0,0
2024-01-06,0.003557729941291585,0,0
2024-01-07,-0.02927620910571403,0,0
2024-01-08,-0.2588385175648379,0,0
2024-01-09,0.1943198660654287,0,0
2024-01-10,0.24496313502389253,0,0
2024-01-11,-0.12040903224314135,0,0
2024-01-12,0.011431509268380578,0,0
2024-01-13,0.003557729941291585,0,0
2024-01-14,0.030665278240187808,0,0
2024-01-15,0.39165490159492305,0,0
2024-01-16,0.6453990705957222,0,0
2024-01-17,0.30884657359213596,0,0
2024-01-18,-0.11568898678664671,0,0
2024-01-19,-0.08504262706715801,0,0
2024-01-20,0.003557729941291585,0,0
2024-01-21,-0.03733223570225493,0,0
2024-01-22,0.07488807053175191,0,0
2024-01-23,-0.04855083118979404,0,0
2024-01-24,-0.04197030226166395,0,0
2024-01-25,-0.06840475142735457,0,0
2024-01-26,0.11633629072667133,0,0
2024-01-27,0.003557729941291585,0,0
2024-01-28,0.009195009354097118,0,0
2024-01-29,-0.40263941567441414,0,0
2024-01-30,0.05854739925783302,0,0
2024-01-31,0.015738742286240153,0,0
2024-02-01,-0.38733862465703195,0,0
2024-02-02,0.8569555323595184,0,0
2024-02-03,0.0034207436399217215,0,0
2024-02-04,0.16490850994262182,0,0
2024-02-05,0.24153094483142157,0,0
2024-02-06,-0.358717646328459,0,0
2024-02-07,0.06074407543168513,0,0
2024-02-08,0.32340808789945463,0,0
2024-02-09,-0.03395764663919643,0,0
2024-02-10,0.0034207436399217215,0,0
2024-02-11,-0.0699814254652822,0,0
2024-02-12,0.07332132247516458,0,0
2024-02-13,0.8003826875318761,0,0
2024-02-14,-0.25230181542164176,0,0
2024-02-15,-0.2843535385925369,0,0
2024-02-16,0.05630303722769076,0,0
2024-02-17,0.0034207436399217215,0,0
2024-02-18,-0.11610715688339335,0,0
2024-02-19,0.11781102870370755,0,0
2024-02-20,-0.13653780908420163,0,0
2024-02-21,-0.055614161436125915,0,0
2024-02-22,0.03113626523465524,0,0
2024-02-23,0.035978376865249226,0,0
2024-02-24,0.0034207436399217215,0,0
2024-02-25,0.03782919019519916,0,0
2024-02-26,0.030851323658953062,0,0
2024-02-27,-0.012524060217916815,0,0
2024-02-28,0.17323315757229468,0,0
2024-02-29,0.021294865525579448,0,0
2024-03-01,-0.12459593553954765,0,0
2024-03-02,0.0034207436399217215,0,0
2024-03-03,-0.05114157872401854,0,0
2024-03-04,0.13666488879413458,0,0
2024-03-05,-0.04145168972936673,0,0
2024-03-06,-0.5336878670715508,0,0
2024-03-07,-0.6266215854079764,0,0
2024-03-08,-0.11955605843052848,0,0
2024-03-09,0.0034207436399217215,0,0
2024-03-10,-0.049241800023437365,0,0
2024-03-11,0.05284876038475283,0,0
2024-03-12,0.17010461175968145,0,0
2024-03-13,-0.07800278403949922,0,0
2024-03-14,0.5810607132556295,0,0
2024-03-15,0.16914441113113904,0,0
2024-03-16,0.0034207436399217215,0,0
2024-03-17,0.058174651135580124,0,0
2024-03-18,0.16013880466935657,0,0
2024-03-19,0.5139798170694079,0,0
2024-03-20,-0.5232473491279939,0,0
2024-03-21,0.5414608874533181,0,0
2024-03-22,0.22873565210178978,0,0
2024-03-23,0.003440313111545988,0,0
2024-03-24,0.010466794212866285,0,0
2024-03-25,-0.11662349890144665,0,0
2024-03-26,0.12293016417398513,0,0
2024-03-27,0.06896375148874152,0,0
2024-03-28,-0.05392929491600888,0,0
2024-03-29,-0.021440645167729058,0,0
2024-03-30,0.003440313111545988,0,0
2024-03-31,-0.0243987812602063,0,0
2024-04-01,0.32995815160918207,0,0
2024-04-02,-0.046755580619405095,0,0
2024-04-03,-0.3643624899652901,0,0
2024-04-04,-0.1745116157590993,0,0
2024-04-05,0.1296580376221665,0,0
2024-04-06,0.003440313111545988,0,0
2024-04-07,0.13631555608100193,0,0
2024-04-08,-0.0649634598155203,0,0
2024-04-09,-0.08972435913557868,0,0
2024-04-10,0.8928874432093148,0,0
2024-04-11,-0.10048725698251904,0,0
2024-04-12,0.45495926883583093,0,0
2024-04-13,0.003440313111545988,0,0
2024-04-14,0.013358497969524116,0,0
2024-04-15,0.3570646806155463,0,0
2024-04-16,0.1995851603823133,0,0
2024-04-17,-0.2874803950209913,0,0
2024-04-18,0.19906825119364277,0,0
2024-04-19,-0.06973986311990721,0,0
2024-04-20,0.003440313111545988,0,0
2024-04-21,-0.0013423720950861576,0,0
2024-04-22,-0.09059634839097977,0,0
2024-04-23,-0.2174988051165809,0,0
2024-04-24,0.1712488304475597,0,0
2024-04-25,-0.09876349669327525,0,0
2024-04-26,0.5500014684657991,0,0
2024-04-27,0.003440313111545988,0,0
2024-04-28,-0.11174614868394024,0,0
2024-04-29,-0.32752060493573254,0,0
2024-04-30,0.7979963375227074,0,0
2024-05-01,-0.566726489177085,0,0
2024-05-02,-0.7672061359436343,0,0
2024-05-03,-0.20300179944498176,0,0
2024-05-04,0.003440313111545988,0,0
2024-05-05,0.0680612029414716,0,0
2024-05-06,-0.059064727728821605,0,0
2024-05-07,0.34038148715199384,0,0
2024-05-08,0.20467839346055378,0,0
2024-05-09,-0.15926592155376498,0,0
2024-05-10,0.12067968530609532,0,0
2024-05-11,0.003440313111545988,0,0
2024-05-12,0.057908594224158,0,0
2024-05-13,0.07796405284719184,0,0
2024-05-14,-0.07153396835079873,0,0
2024-05-15,-1.009107024833785,0,0
2024-05-16,0.42802507840671034,0,0
2024-05-17,0.06308932901165629,0,0
2024-05-18,0.003440313111545988,0,0
2024-05-19,0.024870623752366313,0,0
2024-05-20,0.2460604376624744,0,0
2024-05-21,0.020800490176003102,0,0
2024-05-22,0.35236382876429445,0,0
2024-05-23,0.14920619486254602,0,0
2024-05-24,-0.1755685256717159,0,0
2024-05-25,0.003440313111545988,0,0
2024-05-26,-0.024732548333625502,0,0
2024-05-27,-0.15299949666826215,0,0
2024-05-28,0.1592076045552339,0,0
2024-05-29,0.2668634134731022,0,0
2024-05-30,-0.44864290057340256,0,0
2024-05-31,-0.07913776670581225,0,0
2024-06-01,0.0028401826484018267,0,0
2024-06-02,-0.10535532586261111,0,0
2024-06-03,-0.3325474486118804,0,0
2024-06-04,0.008925185904342289,0,0
2024-06-05,0.07238318465661268,0,0
2024-06-06,-0.10381742211547795,0,0
2024-06-07,0.702948216847383,0,0
2024-06-08,0.0028630136986301374,0,0
2024-06-09,0.06669284561322801,0,0
2024-06-10,0.06397358964331218,0,0
2024-06-11,0.0943918140531731,0,0
2024-06-12,-0.3366490795918833,0,0
2024-06-13,0.3433880753519249,0,0
2024-06-14,0.13620894170955855,0,0
2024-06-15,0.0029771689497716893,0,0
2024-06-16,0.03692826855895746,0,0
2024-06-17,-0.05151455563118129,0,0
2024-06-18,-0.05795536900911171,0,0
2024-06-19,-0.008527985633448074,0,0
2024-06-20,0.3320686203628436,0,0
2024-06-21,0.26001550276571156,0,0
2024-06-22,0.0029771689497716893,0,0
2024-06-23,0.019801907806479977,0,0
2024-06-24,-0.2780459857684268,0,0
2024-06-25,0.07447711563204484,0,0
2024-06-26,0.31612589222560405,0,0
2024-06-27,0.10786365890414756,0,0
2024-06-28,-0.0471363939160395,0,0
2024-06-29,0.0029771689497716893,0,0
2024-06-30,-0.02705868647655056,0,0
2024-07-01,0.28627677786848216,0,0
2024-07-02,-0.08017704135564414,0,0
2024-07-03,-0.1619858386501908,0,0
2024-07-04,-0.2029673116709078,0,0
2024-07-05,-0.17498907003756267,0,0
2024-07-06,0.0034598825831702548,0,0
2024-07-07,-0.01992722876923131,0,0
2024-07-08,0.08606396095861062,0,0
2024-07-09,0.18610650417201105,0,0
2024-07-10,0.03613777465614909,0,0
2024-07-11,-0.6668489640989693,0,0
2024-07-12,-0.14827799524290744,0,0
2024-07-13,0.0034598825831702548,0,0
2024-07-14,0.1482697021965562,0,0
2024-07-15,0.10142249159650332,0,0
2024-07-16,0.1615120861117514,0,0
2024-07-17,-0.6753426148335524,0,0
2024-07-18,0.5206712949317328,0,0
2024-07-19,0.16611817216651112,0,0
2024-07-20,0.0034598825831702548,0,0
2024-07-21,-0.05263488388224199,0,0
2024-07-22,-0.01568278550112875,0,0
2024-07-23,-0.20862916394028572,0,0
2024-07-24,-0.5583060182302301,0,0
2024-07-25,0.06853132821871483,0,0
2024-07-26,0.015310864185222494,0,0
2024-07-27,0.0034598825831702548,0,0
2024-07-28,-0.07797460566170088,0,0
2024-07-29,-0.013960311586317562,0,0
2024-07-30,-0.3733431852024343,0,0
2024-07-31,-0.8564094416189125,0,0
2024-08-01,0.13642959777620295,0,0
2024-08-02,-1.0009657108432464,0,0
2024-08-03,0.003534246575342466,0,0
2024-08-04,-0.2198734909328773,0,0
2024-08-05,-0.36517354632564747,0,0
2024-08-06,-0.3249411643765171,0,0
2024-08-07,0.33718150491288973,0,0
2024-08-08,0.15396851084953084,0,0
2024-08-09,-0.22966770853193821,0,0
2024-08-10,0.003534246575342466,0,0
2024-08-11,0.0416171353272764,0,0
2024-08-12,-0.02304108750397569,0,0
2024-08-13,-0.25016618818092407,0,0
2024-08-14,0.20235852309233904,0,0
2024-08-15,0.528705370452048,0,0
2024-08-16,-0.6924060803091152,0,0
2024-08-17,0.003534246575342466,0,0
2024-08-18,0.009478690719571258,0,0
2024-08-19,-0.6984411724589062,0,0
2024-08-20,-0.46524507248665986,0,0
2024-08-21,-0.023787600357150784,0,0
2024-08-22,0.4470072675747998,0,0
2024-08-23,-0.8956832214739705,0,0
2024-08-24,0.003534246575342466,0,0
2024-08-25,-0.17157178827154662,0,0
2024-08-26,0.3830545939904863,0,0
2024-08-27,-0.1806846063063589,0,0
2024-08-28,0.17795075857629886,0,0
2024-08-29,0.11600526829794613,0,0
2024-08-30,0.5077308176787247,0,0
2024-08-31,0.0021438356164383563,0,0
2024-09-01,-0.03331558754969479,0,0
2024-09-02,0.14222473710996372,0,0
2024-09-03,-0.07718125992270317,0,0
2024-09-04,-0.5241246524874115,0,0
2024-09-05,-0.1681299044012925,0,0
2024-09-06,-0.016748833080532856,0,0
2024-09-07,0.0028493150684931507,0,0
2024-09-08,0.11621984532432088,0,0
2024-09-09,0.4402247075551533,0,0
2024-09-10,-0.22088795514103232,0,0
2024-09-11,0.13969015408838087,0,0
2024-09-12,-0.7366803146914622,0,0
2024-09-13,-0.108502292505067,0,0
2024-09-14,0.0028493150684931507,0,0
2024-09-15,-0.1388311754119984,0,0
2024-09-16,-0.2394026997631272,0,0
2024-09-17,0.26065199380433623,0,0
2024-09-18,0.46035405685993397,0,0
2024-09-19,-0.24545263003278633,0,0
2024-09-20,0.36070905557111616,0,0
2024-09-21,0.003068493150684931,0,0
2024-09-22,0.06555490289791621,0,0
2024-09-23,-0.25679389015072807,0,0
2024-09-24,-0.3925808574009614,0,0
2024-09-25,0.8069386396467237,0,0
2024-09-26,0.01166643369360737,0,0
2024-09-27,-1.024493777615079,0,0
2024-09-28,0.003068493150684931,0,0
2024-09-29,0.10152915231493308,0,0
2024-09-30,0.4354781136738903,0,0
2024-10-01,0.15638380650116085,0,0
2024-10-02,1.1346702380836813,0,0
2024-10-03,0.15146086042531967,0,0
2024-10-04,0.8354374663820675,0,0
2024-10-05,0.003068493150684931,0,0
2024-10-06,-0.10851499164012866,0,0
2024-10-07,-0.21505240641322876,0,0
2024-10-08,0.09256061131835466,0,0
2024-10-09,0.44823168517911105,0,0
2024-10-10,-0.3244036023510062,0,0
2024-10-11,0.10833517508453178,0,0
2024-10-12,0.003068493150684931,0,0
2024-10-13,0.09209955885349007,0,0
2024-10-14,0.10451555443907984,0,0
2024-10-15,0.021788455201018964,0,0
2024-10-16,0.09629617556938594,0,0
2024-10-17,0.03890657815969206,0,0
2024-10-18,-0.2160518797369372,0,0
2024-10-19,0.003068493150684931,0,0
2024-10-20,-0.052148941609536495,0,0
2024-10-21,0.5642087120333857,0,0
2024-10-22,0.22076064645117688,0,0
2024-10-23,0.6470379376730936,0,0
2024-10-24,-0.24365187978847577,0,0
2024-10-25,0.2890912031121573,0,0
2024-10-26,0.003068493150684931,0,0
2024-10-27,0.4035424144073842,0,0
2024-10-28,0.12406484410511992,0,0
2024-10-29,0.12241432792800976,0,0
2024-10-30,0.06381603847921545,0,0
2024-10-31,-0.38985832566447415,0,0
2024-11-01,0.39592810518638305,0,0
2024-11-02,0.003068493150684931,0,0
2024-11-03,-0.4497092399781221,0,0
2024-11-04,0.028280342697352568,0,0
2024-11-05,0.18566561100925263,0,0
2024-11-06,1.2963785672064176,0,0
2024-11-07,-0.7580297933584375,0,0
2024-11-08,0.17235812821337915,0,0
2024-11-09,0.002726027397260274,0,0
2024-11-10,0.14150174775270122,0,0
2024-11-11,0.3212796846979673,0,0
2024-11-12,0.6696443031946422,0,0
2024-11-13,0.48833806483670483,0,0
2024-11-14,0.5622835512307308,0,0
2024-11-15,-0.7023462899797829,0,0
2024-11-16,0.002726027397260274,0,0
2024-11-17,-0.07856279199682738,0,0
2024-11-18,-0.21188757059899851,0,0
2024-11-19,-0.010442446157171811,0,0
2024-11-20,0.22714267142056915,0,0
2024-11-21,-0.31698836756535115,0,0
2024-11-22,0.24067717106078498,0,0
2024-11-23,0.002726027397260274,0,0
2024-11-24,-0.3557483575995943,0,0
2024-11-25,0.33182267341861266,0,0
2024-11-26,-0.5134934044842445,0,0
2024-11-27,-0.4945472447253558,0,0
2024-11-28,-0.2824388830261709,0,0
2024-11-29,-0.4953721560168928,0,0
2024-11-30,0.002726027397260274,0,0
2024-12-01,0.2201045593986305,0,0
2024-12-02,0.10635888686679076,0,0
2024-12-03,0.1614970706528322,0,0
2024-12-04,0.44659512428533954,0,0
2024-12-05,-0.17979421748480737,0,0
2024-12-06,0.2131955118156519,0,0
2024-12-07,0.002726027397260274,0,0
2024-12-08,-0.0837853354103722,0,0
2024-12-09,0.3999938846191369,0,0
2024-12-10,0.3623753284186596,0,0
2024-12-11,0.010389572149378051,0,0
2024-12-12,0.2956160308285223,0,0
2024-12-13,0.40714916907121473,0,0
2024-12-14,0.002726027397260274,0,0
2024-12-15,0.022803772453542828,0,0
2024-12-16,0.2139913528461837,0,0
2024-12-17,0.04395176085985142,0,0
2024-12-18,0.8802726172996926,0,0
2024-12-19,0.6082018298996057,0,0
2024-12-20,-0.25374049007379074,0,0
2024-12-21,0.0015068493150684928,0,0
2024-12-22,0.0584026395715343,0,0
2024-12-23,0.1642934333978942,0,0
2024-12-24,0.05526588275112533,0,0
2024-12-25,0.06949194132192775,0,0
2024-12-26,0.2548669774044558,0,0
2024-12-27,0.10360809261501933,0,0
2024-12-28,0.0015068493150684928,0,0
2024-12-29,0.009710861204879889,0,0
2024-12-30,-0.33064511503331806,0,0
2024-12-31,0.08917714235233494,0,0
2025-01-01,0.05479108495966556,0,0
2025-01-02,-0.5681147358331734,0,0
2025-01-03,0.05162875507815242,0,0
2025-01-04,0.0026575342465753426,0,0
2025-01-05,0.07963206953151748,0,0
2025-01-06,0.34956835380379875,0,0
2025-01-07,0.09250772601677935,0,0
2025-01-08,-0.21965519334129202,0,0
2025-01-09,-0.16923385300801208,0,0
2025-01-10,-0.22366362121134795,0,0
2025-01-11,0.0026575342465753426,0,0
2025-01-12,-0.02102897766841555,0,0
2025-01-13,-0.179100500997347,0,0
2025-01-14,0.15995620448833622,0,0
2025-01-15,-0.620743389059394,0,0
2025-01-16,-0.27976831536391367,0,0
2025-01-17,0.14960901719599826,0,0
2025-01-18,0.0026575342465753426,0,0
2025-01-19,-0.06091612277063301,0,0
2025-01-20,0.07615309030026134,0,0
2025-01-21,0.11633725386407949,0,0
2025-01-22,0.11853125212495501,0,0
2025-01-23,0.028206949936518722,0,0
2025-01-24,0.21146918996658604,0,0
2025-01-25,0.002315068493150685,0,0
2025-01-26,-0.15691475745937644,0,0
2025-01-27,-0.11221369294170137,0,0
2025-01-28,0.2675227019881512,0,0
2025-01-29,-0.19921455183044642,0,0
2025-01-30,-0.2886599259511214,0,0
2025-01-31,0.29383426563651666,0,0
2025-02-01,0.002315068493150685,0,0
2025-02-02,0.09711687001843324,0,0
2025-02-03,0.16275150405921926,0,0
2025-02-04,-0.4183337016162452,0,0
2025-02-05,-0.585412025828289,0,0
2025-02-06,-0.668403648668702,0,0
2025-02-07,0.007980264916878047,0,0
2025-02-08,0.002315068493150685,0,0
2025-02-09,0.15893067382912182,0,0
2025-02-10,-0.1369012276897397,0,0
2025-02-11,0.6333809261431669,0,0
2025-02-12,0.6122576067934004,0,0
2025-02-13,-0.3054662808162486,0,0
2025-02-14,-0.26601994705770987,0,0
2025-02-15,0.002315068493150685,0,0
2025-02-16,-0.1426681719751358,0,0
2025-02-17,-0.01207878733386201,0,0
2025-02-18,0.22449047482174445,0,0
2025-02-19,-0.38844618610405185,0,0
2025-02-20,-0.408845017138232,0,0
2025-02-21,-0.03994390160344291,0,0
2025-02-22,0.002315068493150685,0,0
2025-02-23,-0.06923945664378646,0,0
2025-02-24,0.24637051862278814,0,0
2025-02-25,-0.19180166271390828,0,0
2025-02-26,0.148863597266207,0,0
2025-02-27,0.17640830300051433,0,0
2025-02-28,0.18787542781855512,0,0
2025-03-01,0.002315068493150685,0,0
2025-03-02,0.017916577634996742,0,0
2025-03-03,-0.2808986285316314,0,0
2025-03-04,0.32431392006533266,0,0
2025-03-05,-0.13670477709434756,0,0
2025-03-06,-0.30040382549341,0,0
2025-03-07,0.1320090442980741,0,0
2025-03-08,0.002315068493150685,0,0
2025-03-09,-0.21899043513912697,0,0
2025-03-10,-0.33173415785510335,0,0
2025-03-11,0.48375676301019516,0,0
2025-03-12,-0.002587296564312789,0,0
2025-03-13,0.06750579448691064,0,0
2025-03-14,0.07664625114058815,0,0
2025-03-15,0.002315068493150685,0,0
2025-03-16,0.03283252415710293,0,0
2025-03-17,0.2909868863334921,0,0
2025-03-18,0.1565023964648797,0,0
2025-03-19,-0.3102505003513664,0,0
2025-03-20,0.22214518510649436,0,0
2025-03-21,0.18797084397948682,0,0
2025-03-22,0.002315068493150685,0,0
2025-03-23,0.13563583309784555,0,0
2025-03-24,0.4169500091951904,0,0
2025-03-25,-0.17972114977805173,0,0
2025-03-26,0.07774815055372941,0,0
2025-03-27,0.3257418913212637,0,0
2025-03-28,-0.31576122579181687,0,0
2025-03-29,0.002315068493150685,0,0
2025-03-30,-0.13736350195642186,0,0
2025-03-31,0.12127864669806382,0,0
2025-04-01,-0.23179522605395544,0,0
2025-04-02,-0.2662671758878377,0,0
2025-04-03,-0.7273249615011083,0,0
2025-04-04,0.5754503482360036,0,0
2025-04-05,0.0021095890410958904,0,0
2025-04-06,-0.20387825001521515,0,0
2025-04-07,0.2476480348715564,0,0
2025-04-08,-0.4174009287764746,0,0
2025-04-09,-0.18581877413276837,0,0
2025-04-10,-1.112816873424512,0,0
2025-04-11,-0.11369425916256092,0,0
2025-04-12,0.0021095890410958904,0,0
2025-04-13,-0.14142982487842626,0,0
2025-04-14,0.10213711457033536,0,0
2025-04-15,0.06759688677836298,0,0
2025-04-16,-0.3506309851921584,0,0
2025-04-17,0.1949783462671309,0,0
2025-04-18,0.012629711360200793,0,0
2025-04-19,0.0021095890410958904,0,0
2025-04-20,-0.20241994067233587,0,0
2025-04-21,-0.12950579016453476,0,0
2025-04-22,0.26293355568980875,0,0
2025-04-23,0.13332297964241116,0,0
2025-04-24,-0.04390956213499997,0,0
2025-04-25,0.20599325327294452,0,0
2025-04-26,0.0021095890410958904,0,0
2025-04-27,-0.022141542622469514,0,0
2025-04-28,-0.32642519645467455,0,0
2025-04-29,0.1006696262097384,0,0
2025-04-30,-0.06843762157368098,0,0
2025-05-01,0.68956616074375,0,0
2025-05-02,-0.35204855804485663,0,0
2025-05-03,0.0019726027397260273,0,0
2025-05-04,-0.08793568236116121,0,0
2025-05-05,-0.09149180268868977,0,0
2025-05-06,-0.22318361052370275,0,0
2025-05-07,0.3054080022322432,0,0
2025-05-08,0.6254610673096285,0,0
2025-05-09,-0.04555963139757876,0,0
2025-05-10,0.0019726027397260273,0,0
2025-05-11,0.09016169367673714,0,0
2025-05-12,0.5754176769784445,0,0
2025-05-13,-0.3104638287997981,0,0
2025-05-14,-0.23243621748935717,0,0
2025-05-15,-0.21298293044262853,0,0
2025-05-16,0.011738493937922867,0,0
2025-05-17,0.0019726027397260273,0,0
2025-05-18,-0.1680963302168443,0,0
2025-05-19,-0.007317238398313261,0,0
2025-05-20,-0.17920858356293423,0,0
2025-05-21,-0.2820463823027717,0,0
2025-05-22,0.1442730382210349,0,0
2025-05-23,-0.4990527790320088,0,0
2025-05-24,0.0019726027397260273,0,0
2025-05-25,-0.033291789523914976,0,0
2025-05-26,-0.04270413110972406,0,0
2025-05-27,0.4717449704271514,0,0
2025-05-28,0.5181803750818965,0,0
2025-05-29,-0.6017174646614109,0,0
2025-05-30,-0.047784786132113045,0,0
2025-05-31,0.0019726027397260273,0,0
2025-06-01,-0.08074818804349297,0,0
2025-06-02,-0.1569586264005491,0,0
2025-06-03,0.4185843399507994,0,0
2025-06-04,-0.32007099327501226,0,0
2025-06-05,0.41858735309964207,0,0
2025-06-06,0.3566492419897995,0,0
2025-06-07,0.001767123287671233,0,0
2025-06-08,0.06917570373017651,0,0
2025-06-09,0.020509322226618876,0,0
2025-06-10,0.007298447794390432,0,0
2025-06-11,-0.25148534272072637,0,0
2025-06-12,-0.5214329285859972,0,0
2025-06-13,0.15090272062643742,0,0
2025-06-14,0.001767123287671233,0,0
2025-06-15,0.09862486877139313,0,0
2025-06-16,0.2428111449867227,0,0
2025-06-17,0.10127476661927022,0,0
2025-06-18,-0.12163547421734527,0,0
2025-06-19,0.14159216702974584,0,0
2025-06-20,0.19172100856544358,0,0
2025-06-21,0.001767123287671233,0,0
2025-06-22,0.10750919079141431,0,0
2025-06-23,0.00811825226227153,0,0
2025-06-24,-0.21860842744756645,0,0
2025-06-25,0.05813392230608183,0,0
2025-06-26,-0.0418128018512241,0,0
2025-06-27,-0.02390157832833174,0,0
2025-06-28,0.001767123287671233,0,0
2025-06-29,0.015573062402658483,0,0
2025-06-30,-0.27961084426951444,0,0
2025-07-01,-0.038817689509187576,0,0
2025-07-02,-0.11948932070710083,0,0
2025-07-03,0.36215196083983875,0,0
2025-07-04,-0.1843245270563373,0,0
2025-07-05,0.001767123287671233,0,0
2025-07-06,-0.009557685324638571,0,0
2025-07-07,0.5194883947633168,0,0
2025-07-08,0.3305429821541756,0,0
2025-07-09,-0.2657237111517578,0,0
2025-07-10,0.18942993572384825,0,0
2025-07-11,0.26250977075678206,0,0
2025-07-12,0.001767123287671233,0,0
2025-07-13,-0.12450812694303338,0,0
2025-07-14,-0.02400979192693034,0,0
2025-07-15,0.3260703996692435,0,0
2025-07-16,-0.1541520546201247,0,0
2025-07-17,0.2393520367429073,0,0
2025-07-18,0.0944362252958515,0,0
2025-07-19,0.001767123287671233,0,0
2025-07-20,-0.13338164738269373,0,0
2025-07-21,-0.2702261350301895,0,0
2025-07-22,-0.30257694808142327,0,0
2025-07-23,0.07839691430763039,0,0
2025-07-24,0.23761827726945683,0,0
2025-07-25,0.11535007064947933,0,0
2025-07-26,0.001767123287671233,0,0
2025-07-27,0.04424972577277244,0,0
2025-07-28,0.09167695461404035,0,0
2025-07-29,-0.0826230798208558,0,0
2025-07-30,0.05516512279392608,0,0
2025-07-31,0.43840069368887447,0,0
2025-08-01,-1.2459892201714367,0,0
2025-08-02,0.001767123287671233,0,0
2025-08-03,0.06586454715548144,0,0
2025-08-04,-0.15147395530099103,0,0
2025-08-05,0.27496754476217883,0,0
2025-08-06,-0.01273212052356217,0,0
2025-08-07,0.041965053486158886,0,0
2025-08-08,0.3479197415320534,0,0
2025-08-09,0.001767123287671233,0,0
2025-08-10,-0.007787175667654696,0,0
2025-08-11,0.26889309923657506,0,0
2025-08-12,-0.05938783669908356,0,0
2025-08-13,-0.3470739041340962,0,0
2025-08-14,0.2679733799031504,0,0
2025-08-15,-0.15203203429090986,0,0
2025-08-16,0.001767123287671233,0,0
2025-08-17,0.05028359070554581,0,0
2025-08-18,0.15997792994456897,0,0
2025-08-19,0.0420109117288861,0,0
2025-08-20,-0.07302148384864844,0,0
2025-08-21,0.4086216114642285,0,0
2025-08-22,-0.6199010751632238,0,0
2025-08-23,0.001767123287671233,0,0
2025-08-24,0.15715961585027938,0,0
2025-08-25,-0.08093188147464868,0,0
2025-08-26,-0.11385347202304065,0,0
2025-08-27,-0.1333112717901238,0,0
2025-08-28,-0.2681943789290436,0,0
2025-08-29,0.03116081777239657,0,0
2025-08-30,0.001767123287671233,0,0
2025-08-31,0.05931056373364438,0,0
2025-09-01,0.09119177367124855,0,0
2025-09-02,0.5117039289915969,0,0
2025-09-03,-0.16578541293356144,0,0
2025-09-04,0.14672903794183054,0,0
2025-09-05,-0.33077022079500307,0,0
2025-09-06,0.001767123287671233,0,0
2025-09-07,0.3145367300647939,0,0
2025-09-08,-0.38706385953152084,0,0
2025-09-09,0.07832921994459853,0,0
2025-09-10,-0.0012427823313952285,0,0
2025-09-11,-0.14094983822774806,0,0
2025-09-12,0.17523592636110333,0,0
2025-09-13,0.001767123287671233,0,0
2025-09-14,-0.042069114803545214,0,0
2025-09-15,-0.14338628223175656,0,0
2025-09-16,-0.304677471605168,0,0
2025-09-17,0.272556485698521,0,0
2025-09-18,0.4174196120505569,0,0
2025-09-19,-0.059595395210345604,0,0
2025-09-20,0.001767123287671233,0,0
2025-09-21,0.09718200125831518,0,0
2025-09-22,-0.04293411698103435,0,0
2025-09-23,0.055280417421541196,0,0
2025-09-24,0.3260400667222711,0,0
2025-09-25,0.3480606492385152,0,0
2025-09-26,-0.061153118308476105,0,0
2025-09-27,0.001767123287671233,0,0
2025-09-28,-0.12163560741047286,0,0
2025-09-29,-0.2725245547583434,0,0
2025-09-30,-0.2187677094778303,0,0
2025-10-01,-0.2132224558977055,0,0
2025-10-02,0.10840262906100713,0,0
2025-10-03,0.11369934326306973,0,0
2025-10-04,0.001767123287671233,0,0
2025-10-05,0.7439915774151382,0,0
2025-10-06,0.3129756426200666,0,0
2025-10-07,0.6760721031007181,0,0
2025-10-08,0.16179981927187406,0,0
2025-10-09,0.0845485082185889,0,0
2025-10-10,-0.3344915709144285,0,0
2025-10-11,0.001767123287671233,0,0
2025-10-12,0.09425604371141007,0,0
2025-10-13,0.1254283838143552,0,0
2025-10-14,-0.24907956064414014,0,0
2025-10-15,-0.20712813794807364,0,0
2025-10-16,-0.14346699035277735,0,0
2025-10-17,0.06580591860921187,0,0
2025-10-18,0.001767123287671233,0,0
2025-10-19,0.07878003681556868,0,0
2025-10-20,-0.1400755301539014,0,0
2025-10-21,0.28290116248079744,0,0
2025-10-22,0.029442620199021205,0,0
2025-10-23,0.12601159753570634,0,0
2025-10-24,0.06840799583448594,0,0
2025-10-25,0.001767123287671233,0,0
2025-10-26,-0.020893833510683624,0,0
2025-10-27,-0.22450098922865347,0,0
2025-10-28,-0.5941904262574468,0,0
2025-10-29,0.1953149756530356,0,0
2025-10-30,0.43601552453899634,0,0
2025-10-31,0.0899450302412997,0,0
2025-11-01,0.001767123287671233,0,0
2025-11-02,0.0595234714345518,0,0
2025-11-03,0.11307202118561795,0,0
2025-11-04,-0.24051005950941962,0,0
2025-11-05,0.10655650186161984,0,0
2025-11-06,-0.09862903463559654,0,0
2025-11-07,0.07161302826812393,0,0
2025-11-08,0.001767123287671233,0,0
2025-11-09,0.08794228743597406,0,0
2025-11-10,0.08846198424285785,0,0
2025-11-11,0.03716105569633232,0,0
2025-11-12,0.17031044856527985,0,0
2025-11-13,0.0326724122723313,0,0
2025-11-14,-0.052046578578062164,0,0
2025-11-15,0.001767123287671233,0,0
2025-11-16,0.051228018754318407,0,0
2025-11-17,0.36873565819912457,0,0
2025-11-18,-0.05380529447634253,0,0
2025-11-19,0.5194252242662508,0,0
2025-11-20,0.2738051928570146,0,0
2025-11-21,-0.3141949982628838,0,0
2025-11-22,0.001767123287671233,0,0
2025-11-23,0.11609053540070759,0,0
2025-11-24,0.03271761940327278,0,0
2025-11-25,-0.17589006300169685,0,0
2025-11-26,-0.1565925169272396,0,0
2025-11-27,0.023632635749206765,0,0
2025-11-28,-0.16504277967690253,0,0
2025-11-29,0.001767123287671233,0,0
2025-11-30,-0.07020643399589781,0,0
2025-12-01,-0.0734470632789687,0,0
2025-12-02,0.023560007783008617,0,0
2025-12-03,-0.13469287525670728,0,0
2025-12-04,-0.12535808429755244,0,0
2025-12-05,-0.2259037775921346,0,0
2025-12-06,0.0018082191780821918,0,0
2025-12-07,-0.0581926365178955,0,0
2025-12-08,0.32617065851814975,0,0
2025-12-09,0.22433816473736584,0,0
2025-12-10,-0.27906173205421064,0,0
2025-12-11,0.04194471461718916,0,0
2025-12-12,0.1078322648052521,0,0
2025-12-13,0.0018082191780821918,0,0
2025-12-14,0.022455225198863293,0,0
2025-12-15,-0.2503934556476509,0,0
2025-12-16,-0.06525574286148686,0,0
2025-12-17,0.323585399049165,0,0
2025-12-18,0.014481629728063883,0,0
2025-12-19,0.8438098292384917,0,0
2025-12-20,0.0018082191780821918,0,0
2025-12-21,-0.07367863488821337,0,0
2025-12-22,-0.36299561003980274,0,0
2025-12-23,-0.4519191807645198,0,0
2025-12-24,-0.1967276905985662,0,0
2025-12-25,0.23740167959747055,0,0
2025-12-26,0.09846838602997937,0,0
2025-12-27,0.0018082191780821918,0,0
2025-12-28,-0.0708322408739008,0,0
2025-12-29,0.011212450001444042,0,0
2025-12-30,0.04148789239577691,0,0
2025-12-31,0.22260721920307897,0,0
2026-01-01,-0.0710104249993796,0,0
2026-01-02,0.01041475567286084,0,0
2026-01-03,0.00210958904109589,0,0
2026-01-04,0.13665038554847728,0,0
2026-01-05,-0.1562038545482707,0,0
2026-01-06,0.060108437529774614,0,0
2026-01-07,0.129018405188118,0,0
2026-01-08,0.1570840876571208,0,0
2026-01-09,0.3417497619966683,0,0
2026-01-10,0.00210958904109589,0,0
2026-01-11,-0.17956510664882852,0,0
2026-01-12,-0.13301243910794003,0,0
2026-01-13,0.4192858319290065,0,0
2026-01-14,-0.20894678374686634,0,0
2026-01-15,0.09978779049645448,0,0
2026-01-16,-0.07058669658669067,0,0
2026-01-17,0.00210958904109589,0,0
2026-01-18,-0.24730145656428668,0,0
2026-01-19,0.01342946918321511,0,0
2026-01-20,-0.21276804590752735,0,0
2026-01-21,-0.0004901355103541574,0,0
2026-01-22,-0.30483981947825944,0,0
2026-01-23,-0.9924276827934277,0,0
2026-01-24,0.00210958904109589,0,0
2026-01-25,-0.29104059279010863,0,0
2026-01-26,-0.1942641381693634,0,0
2026-01-27,-0.9009182515346077,0,0
2026-01-28,0.07626891252903073,0,0
2026-01-29,0.13544091687583532,0,0
2026-01-30,0.8019175500977209,0,0
2026-01-31,0.0013072407045009783,0,0
2026-02-01,0.12622550711887906,0,0
2026-02-02,0.04654317716120555,0,0
2026-02-03,-0.0014437585243016748,0,0
2026-02-04,0.33222401293858056,0,0
2026-02-05,0.11548848812306847,0,0
2026-02-06,-0.11929462054692383,0,0
2026-02-07,0.0013072407045009783,0,0
2026-02-08,-0.1348212442887375,0,0
2026-02-09,-0.5346611654533518,0,0
2026-02-10,-0.5814284040179045,0,0
2026-02-11,-0.4868717997258389,0,0
2026-02-12,-0.019495809001887694,0,0
2026-02-13,0.010224052219286104,0,0
2026-02-14,0.0013072407045009783,0,0
2026-02-15,0.10336019807179926,0,0
2026-02-16,0.14669769081659526,0,0
2026-02-17,-0.0929704133415927,0,0
2026-02-18,0.5803437158186043,0,0
2026-02-19,0.07131260358298126,0,0
2026-02-20,-0.10203769939689881,0,0
2026-02-21,0.0013072407045009783,0,0
2026-02-22,-0.31493576563876385,0,0
2026-02-23,0.2950743252704103,0,0
2026-02-24,0.24798391150309898,0,0
2026-02-25,-0.14987515510014093,0,0
2026-02-26,-0.029689767647874756,0,0
2026-02-27,-0.007403378161180474,0,0
2026-02-28,0.0013072407045009783,0,0
2026-03-01,0.1474066025922673,0,0
2026-03-02,0.28309504336944624,0,0
2026-03-03,0.29099535215247985,0,0
2026-03-04,-0.4576309293629189,0,0
2026-03-05,0.25856870784460934,0,0
2026-03-06,-0.17547122435492643,0,0
2026-03-07,0.00210958904109589,0,0
2026-03-08,0.46566056197910094,0,0
2026-03-09,-0.44582184469087693,0,0
2026-03-10,-0.031738803126596146,0,0
2026-03-11,0.2089303652354267,0,0
2026-03-12,0.15625963558117417,0,0
2026-03-13,0.4520181512809122,0,0
2026-03-14,0.00210958904109589,0,0
2026-03-15,-0.20264159983250307,0,0
2026-03-16,-0.20610987940647235,0,0
2026-03-17,-0.12289069401980966,0,0
2026-03-18,0.4582098755928009,0,0
2026-03-19,-0.613149293765288,0,0
2026-03-20,0.3864753988740778,0,0
2026-03-21,0.00210958904109589,0,0
2026-03-22,0.12484755655867542,0,0
2026-03-23,-0.05620758732726405,0,0
2026-03-24,0.10041742262269689,0,0
2026-03-25,0.40276726893363307,0,0
2026-03-26,0.25885234675201724,0,0
2026-03-27,0.25437805149870507,0,0
2026-03-28,0.00210958904109589,0,0
2026-03-29,-0.062008633060120395,0,0
2026-03-30,-0.08779388379187426,0,0
2026-03-31,-0.5956520570053571,0,0
2026-04-01,-0.14324076922648382,0,0
2026-04-02,0.37589442332989664,0,0
2026-04-03,0.14287220265260553,0,0
2026-04-04,0.0024814090019569467,0,0
2026-04-05,0.051262950549488935,0,0
2026-04-06,-0.14839964026199357,0,0
2026-04-07,-0.8115752461973977,0,0
2026-04-08,0.18477262027767824,0,0
2026-04-09,-0.042848381994067423,0,0
2026-04-10,-0.0049155128102309886,0,0
2026-04-11,0.0024814090019569467,0,0
2026-04-12,0.2770319165217649,0,0
2026-04-13,-0.6087427058481218,0,0
2026-04-14,-0.21643171267664943,0,0
2026-04-15,-0.1543258702828358,0,0
2026-04-16,0.16042066187420234,0,0
2026-04-17,-0.14143874110844143,0,0
2026-04-18,0.0024814090019569467,0,0
2026-04-19,0.1418352995143996,0,0
2026-04-20,-0.3243003681826521,0,0
2026-04-21,0.20690607075345083,0,0
2026-04-22,0.0962134596699595,0,0
2026-04-23,0.18749658714366785,0,0
2026-04-24,-0.2171932200665764,0,0
2026-04-25,0.0024814090019569467,0,0
2026-04-26,0.037265735585987385,0,0
2026-04-27,-0.19924358233238465,0,0
2026-04-28,0.1818942949485767,0,0
2026-04-29,0.3396807916434727,0,0
2026-04-30,-1.0128309974644902,0,0
2026-05-01,0.035615004306507346,0,0
2026-05-02,0.0024814090019569467,0,0
2026-05-03,-0.06389465052385804,0,0
2026-05-04,0.30220025418181223,0,0
2026-05-05,-0.15087323604999897,0,0
2026-05-06,-0.35513260383974365,0,0
2026-05-07,0.21709759457693675,0,0
2026-05-08,-0.23402937504315316,0,0
2026-05-09,0.0024814090019569467,0,0
2026-05-10,0.12282922130014605,0,0
2026-05-11,0.12880212453059228,0,0
2026-05-12,0.20652387052522903,0,0
2026-05-13,0.053194494793249905,0,0
2026-05-14,0.3682206646871026,0,0
2026-05-15,0.3105961158206044,0,0
2026-05-16,0.0024814090019569467,0,0
2026-05-17,0.1261541080993075,0,0
2026-05-18,-0.10338203209661452,0,0
2026-05-19,0.3546575426329963,0,0
2026-05-20,-0.17772925747223664,0,0
2026-05-21,0.09891997119243692,0,0
2026-05-22,0.1059509649997138,0,0
2026-05-23,0.0024814090019569467,0,0
2026-05-24,-0.21454019360277682,0,0
2026-05-25,0.0001618858196892971,0,0
2026-05-26,0.08070297159617335,0,0
2026-05-27,0.24253636366295656,0,0
2026-05-28,-0.2766027393102269,0,0
2026-05-29,-0.07816617725969552,0,0
2026-05-30,0.0024814090019569467,0,0
2026-05-31,0.08304984079484015,0,0
2026-06-01,0.26070310072374053,0,0
2026-06-02,0.055508026314822594,0,0
2026-06-03,0.19210595913555548,0,0
2026-06-04,-0.0013021132507365313,0,0
2026-06-05,0.4888811477568406,0,0
2026-06-06,0.0024814090019569467,0,0
2026-06-07,-0.032824437717549886,0,0
2026-06-08,0.006899446560972839,0,0
2026-06-09,0.042543806614395434,0,0
2026-06-10,0.05474698450738924,0,0
2026-06-11,-0.2514177971431097,0,0
2026-06-12,0.08686925142675143,0,0
2026-06-13,0.0024814090019569467,0,0
2026-06-14,-0.16841211508183068,0,0
2026-06-15,0.10042820529073417,0,0
2026-06-16,-0.03820627744585797,0,0
2026-06-17,0.4573215435731071,0,0
2026-06-18,0.2911129100451559,0,0
2026-06-19,0.025966014430407195,0,0
2026-06-20,0.0024814090019569467,0,0
2026-06-21,0.08790020667285872,0,0
2026-06-22,0.09322557234762259,0,0
2026-06-23,0.30087894528454334,0,0
2026-06-24,0.17317744008075556,0,0
2026-06-25,-0.07675884039331958,0,0
2026-06-26,-0.05221154060594565,0,0
2026-06-27,0.0024814090019569467,0,0
2026-06-28,0.02350099914571151,0,0
2026-06-29,0.05915786821709479,0,0
