,0
2021-01-01,-0.0016800799086757992
2021-01-02,0.00011986301369863016
2021-01-03,0.00011986301369863016
2021-01-04,-0.24478817772709
2021-01-05,-0.14405230633190652
2021-01-06,0.0027682290871156763
2021-01-07,0.16306427530552153
2021-01-08,0.13746910334823995
2021-01-09,-0.0016800799086757992
2021-01-10,0.00011986301369863016
2021-01-11,0.2902828624224102
2021-01-12,-0.03872569526498459
2021-01-13,0.07318858156347187
2021-01-14,0.10524644198553043
2021-01-15,0.009294211740350817
2021-01-16,0.013485395010297082
2021-01-17,0.00011986301369863016
2021-01-18,0.08327496390322485
2021-01-19,-0.11665331123278944
2021-01-20,0.02105847429943234
2021-01-21,-0.14755539949713112
2021-01-22,0.04196288601949199
2021-01-23,0.008347285659071581
2021-01-24,0.00011986301369863016
2021-01-25,0.060738104284032396
2021-01-26,0.07127275970907335
2021-01-27,0.19136930861958187
2021-01-28,0.13313721180114227
2021-01-29,0.07899748870962611
2021-01-30,0.023593316110865882
2021-01-31,0.00011986301369863016
2021-02-01,0.08394640257417307
2021-02-02,-0.007547284280502477
2021-02-03,0.05594777584577111
2021-02-04,0.10854446697307005
2021-02-05,-0.12808892239697664
2021-02-06,-0.0014300799086757992
2021-02-07,0.00011986301369863016
2021-02-08,0.040409260575387865
2021-02-09,-0.1093205112296631
2021-02-10,-0.08775025771471084
2021-02-11,-0.07882567345355067
2021-02-12,0.11892951756143902
2021-02-13,-0.0014300799086757992
2021-02-14,0.00011986301369863016
2021-02-15,-0.1003099170070255
2021-02-16,-0.027752055930115677
2021-02-17,0.031838575769151695
2021-02-18,-0.11222649070403684
2021-02-19,-0.10607553830513307
2021-02-20,-0.0067771031870610295
2021-02-21,0.00011986301369863016
2021-02-22,-0.09830120041611934
2021-02-23,0.09171750489427496
2021-02-24,-0.03353177944591394
2021-02-25,-0.11239690717063142
2021-02-26,0.0573569712974577
2021-02-27,-0.0014300799086757992
2021-02-28,0.00011986301369863016
2021-03-01,0.060192410443340436
2021-03-02,0.12273815653540378
2021-03-03,0.11998014880443421
2021-03-04,-0.01757827351330933
2021-03-05,0.07871011447627893
2021-03-06,-0.015318042328327147
2021-03-07,0.00011986301369863016
2021-03-08,0.14537756633131182
2021-03-09,-0.14393116765349762
2021-03-10,0.0892889684904434
2021-03-11,-0.14270003369366996
2021-03-12,0.16150166650033512
2021-03-13,-0.03390593670229245
2021-03-14,0.00011986301369863016
2021-03-15,0.10906249590997878
2021-03-16,-0.031542218218269205
2021-03-17,0.11706033826316267
2021-03-18,0.16905634494467944
2021-03-19,0.12227686293172993
2021-03-20,-0.0016800799086757992
2021-03-21,0.00011986301369863016
2021-03-22,-0.030139066646012354
2021-03-23,0.11494314142782815
2021-03-24,0.013462362122389701
2021-03-25,0.10090327632484453
2021-03-26,-0.026133625503036308
2021-03-27,-0.035080530364861695
2021-03-28,0.00011986301369863016
2021-03-29,-0.028319451533420918
2021-03-30,0.17264523949445182
2021-03-31,-0.008621991686548564
2021-04-01,0.06840872895789389
2021-04-02,0.089280066077768
2021-04-03,0.007277695874590149
2021-04-04,0.00011986301369863016
2021-04-05,-0.11093479389949068
2021-04-06,0.03937196528039313
2021-04-07,-0.06266112849112873
2021-04-08,-0.14681121754242232
2021-04-09,0.08297985990043708
2021-04-10,-0.0016800799086757992
2021-04-11,0.00011986301369863016
2021-04-12,0.010625553093036786
2021-04-13,0.1402452138378829
2021-04-14,-0.027429351184167332
2021-04-15,-0.08793326396563847
2021-04-16,0.0024275785567606546
2021-04-17,-0.0016800799086757992
2021-04-18,0.00011986301369863016
2021-04-19,-0.016789561008999858
2021-04-20,-0.006106344697435356
2021-04-21,0.09782406098419291
2021-04-22,-0.06948200515936573
2021-04-23,-0.1381327951498285
2021-04-24,-0.0016800799086757992
2021-04-25,0.00011986301369863016
2021-04-26,0.037873021375394444
2021-04-27,0.11053111291739942
2021-04-28,0.1124392730348107
2021-04-29,0.08397117215379335
2021-04-30,0.12498056676395627
2021-05-01,-0.0016800799086757992
2021-05-02,0.00011986301369863016
2021-05-03,-0.0929540125043263
2021-05-04,0.20080368525320821
2021-05-05,0.026339932332225077
2021-05-06,-0.05347580117109744
2021-05-07,-0.06951038691961413
2021-05-08,-0.0016800799086757992
2021-05-09,0.00011986301369863016
2021-05-10,-0.04667201352160704
2021-05-11,-0.04273125126820139
2021-05-12,0.2073946246340019
2021-05-13,-0.05209642894446226
2021-05-14,-0.1705852785724799
2021-05-15,-0.0016800799086757992
2021-05-16,0.00011986301369863016
2021-05-17,0.014171920283553682
2021-05-18,-0.1818108735231681
2021-05-19,0.08875012973928366
2021-05-20,-0.1662998357146678
2021-05-21,0.03504139678936605
2021-05-22,-0.0016800799086757992
2021-05-23,0.00011986301369863016
2021-05-24,-0.13345372146881435
2021-05-25,-0.1373019699332832
2021-05-26,0.019107290917168646
2021-05-27,0.06073437579416856
2021-05-28,0.1683609184677792
2021-05-29,-0.0016800799086757992
2021-05-30,0.00011986301369863016
2021-05-31,-0.13927375392608457
2021-06-01,-0.07026203304218885
2021-06-02,0.18414353966605565
2021-06-03,0.12026065661655301
2021-06-04,-0.09303496291735801
2021-06-05,-0.0016800799086757992
2021-06-06,0.00011986301369863016
2021-06-07,-0.034400576587153356
2021-06-08,0.03783362870445041
2021-06-09,-0.13213454841662983
2021-06-10,0.015924290353454745
2021-06-11,0.046294596688086845
2021-06-12,-0.024904238194217703
2021-06-13,0.00011986301369863016
2021-06-14,-0.014698195989186508
2021-06-15,-0.013437456861983409
2021-06-16,-0.032916682547764184
2021-06-17,0.05193977503778672
2021-06-18,0.09535381470675452
2021-06-19,-0.0016800799086757992
2021-06-20,0.00011986301369863016
2021-06-21,-0.14700125786797766
2021-06-22,0.15142144547431788
2021-06-23,-0.10642566108047004
2021-06-24,-0.010437079831412338
2021-06-25,-0.1638595565083489
2021-06-26,0.043311951865391426
2021-06-27,0.00011986301369863016
2021-06-28,0.13412540825273783
2021-06-29,0.10552576917696588
2021-06-30,0.10469618144226595
2021-07-01,0.040780132028289846
2021-07-02,-0.02490044254410808
2021-07-03,-0.012877784583637728
2021-07-04,0.00011986301369863016
2021-07-05,-0.023373528462503
2021-07-06,-0.12878527693896533
2021-07-07,0.006199252099841186
2021-07-08,-0.013521354803709529
2021-07-09,0.1025549453709262
2021-07-10,-0.0016800799086757992
2021-07-11,0.00011986301369863016
2021-07-12,0.1377900452994267
2021-07-13,0.05229837994689473
2021-07-14,-0.09704234949401061
2021-07-15,0.018384882783102244
2021-07-16,0.13224981781813044
2021-07-17,0.0029160831908158864
2021-07-18,0.00011986301369863016
2021-07-19,0.08253492901995914
2021-07-20,0.08344206008633599
2021-07-21,0.08069192470842745
2021-07-22,0.01654557097159716
2021-07-23,0.13318370726086706
2021-07-24,-0.01908194233918058
2021-07-25,0.00011986301369863016
2021-07-26,-0.05447358363487126
2021-07-27,0.08075535516967562
2021-07-28,0.13402865457919308
2021-07-29,-0.050927818857215486
2021-07-30,0.08916501116945819
2021-07-31,-0.03628578931040628
2021-08-01,5.565068493150687e-05
2021-08-02,-0.16163390980980002
2021-08-03,-0.09126419135092081
2021-08-04,-0.028588151967256267
2021-08-05,-0.03585752948957793
2021-08-06,0.15107740368449502
2021-08-07,-0.008845357728648615
2021-08-08,1.7123287671232886e-05
2021-08-09,0.08066299780383275
2021-08-10,0.06395867018299496
2021-08-11,-0.008028168769666923
2021-08-12,0.05173227343574989
2021-08-13,-0.15260147608331998
2021-08-14,0.017116545961523698
2021-08-15,1.7123287671232886e-05
2021-08-16,0.054789419007370395
2021-08-17,0.09390201354062024
2021-08-18,0.018561744761434098
2021-08-19,0.08880078211437638
2021-08-20,0.02595477342137466
2021-08-21,-0.018654914273965303
2021-08-22,1.7123287671232886e-05
2021-08-23,-0.011289510550648689
2021-08-24,-0.004304716452258862
2021-08-25,0.04933484258836863
2021-08-26,0.03827251872658806
2021-08-27,-0.05359010428865001
2021-08-28,-0.0014900114155251142
2021-08-29,1.7123287671232886e-05
2021-08-30,0.03131649739155005
2021-08-31,-0.08542033403688529
2021-09-01,-0.01868429468157344
2021-09-02,-0.10478469191873929
2021-09-03,-0.0909736016792325
2021-09-04,-0.008250398212109166
2021-09-05,0.00011986301369863016
2021-09-06,0.10618890211370574
2021-09-07,0.07644326559683688
2021-09-08,0.1085776324207927
2021-09-09,-0.13695165986441732
2021-09-10,-0.05266157014714867
2021-09-11,-0.0032966056047236836
2021-09-12,0.00011986301369863016
2021-09-13,0.07161771602564021
2021-09-14,-0.019634147542717015
2021-09-15,-0.13223704981727857
2021-09-16,0.0844388514793614
2021-09-17,0.020222272451947364
2021-09-18,-0.0016800799086757992
2021-09-19,0.00011986301369863016
2021-09-20,0.030761189579070244
2021-09-21,-0.08863086728090021
2021-09-22,-0.01796027132602386
2021-09-23,-0.04204934600196617
2021-09-24,0.02787623797754862
2021-09-25,-0.009671000370063805
2021-09-26,0.00011986301369863016
2021-09-27,0.05702446697423281
2021-09-28,0.06533334488784259
2021-09-29,0.08002727006693897
2021-09-30,0.011282360952778087
2021-10-01,-0.07575511381726369
2021-10-02,-0.0016800799086757992
2021-10-03,0.00011986301369863016
2021-10-04,-0.08971533034817951
2021-10-05,0.10959198851720206
2021-10-06,0.11746053227767873
2021-10-07,-0.07881027488282566
2021-10-08,0.05947817584111255
2021-10-09,-0.0016800799086757992
2021-10-10,0.00011986301369863016
2021-10-11,-0.02582955577169757
2021-10-12,-0.03232053788208562
2021-10-13,-0.06960916044455079
2021-10-14,-0.08578409399679163
2021-10-15,-0.07768918233198033
2021-10-16,-0.01001589979432675
2021-10-17,0.00011986301369863016
2021-10-18,0.12428796390743449
2021-10-19,-0.1426169021597261
2021-10-20,-0.03877652616262757
2021-10-21,-0.04471694420638958
2021-10-22,-0.011218157803968383
2021-10-23,0.0072431827515708055
2021-10-24,0.00011986301369863016
2021-10-25,-0.020858515558282067
2021-10-26,0.011117114430526785
2021-10-27,-0.08897336252163601
2021-10-28,-0.08935372136087621
2021-10-29,0.07578632278378146
2021-10-30,-0.0016800799086757992
2021-10-31,0.00011986301369863016
2021-11-01,0.035006183851884975
2021-11-02,0.07999211263081776
2021-11-03,-0.03352012337082094
2021-11-04,0.11537995651869278
2021-11-05,0.12084235125456258
2021-11-06,-0.0014300799086757992
2021-11-07,0.00011986301369863016
2021-11-08,0.05608092178742752
2021-11-09,-0.011600237769731576
2021-11-10,0.12680447105628206
2021-11-11,0.15372026880681922
2021-11-12,0.025935462530992815
2021-11-13,-0.02164590820844147
2021-11-14,0.00011986301369863016
2021-11-15,-0.06468763275133743
2021-11-16,0.03247759091638572
2021-11-17,0.06420442107961531
2021-11-18,-0.1330707678708546
2021-11-19,0.11014398017952798
2021-11-20,-0.0014300799086757992
2021-11-21,0.00011986301369863016
2021-11-22,0.04698870330217217
2021-11-23,-0.02926821390588551
2021-11-24,0.12844285945442413
2021-11-25,0.017918541518739152
2021-11-26,-0.004016201855080413
2021-11-27,-0.0014300799086757992
2021-11-28,0.00011986301369863016
2021-11-29,0.06880219018093213
2021-11-30,-0.03181396056874352
2021-12-01,-0.16591457307810187
2021-12-02,0.038306373834819225
2021-12-03,0.12017961764934756
2021-12-04,-0.04307989079572725
2021-12-05,1.7123287671232886e-05
2021-12-06,-0.014457006880461379
2021-12-07,0.07129711322129062
2021-12-08,-0.11092718053419762
2021-12-09,0.05546428438389285
2021-12-10,0.025936131352766414
2021-12-11,-0.015830959381413844
2021-12-12,1.7123287671232886e-05
2021-12-13,0.17203174568481683
2021-12-14,-0.012086252573478257
2021-12-15,-0.054162552604397396
2021-12-16,-0.08236632004738612
2021-12-17,0.018666148132936912
2021-12-18,0.012871880205146846
2021-12-19,1.7123287671232886e-05
2021-12-20,-0.09838978706935946
2021-12-21,-0.005486717988351604
2021-12-22,0.045352226024825346
2021-12-23,0.04220348833277013
2021-12-24,-0.033149411183148215
2021-12-25,0.03983203676443463
2021-12-26,1.7123287671232886e-05
2021-12-27,0.06553652572237459
2021-12-28,0.03650153417510058
2021-12-29,0.025555877475515493
2021-12-30,0.06311983076988097
2021-12-31,-0.016603716522337886
2022-01-01,0.011288438248093878
2022-01-02,1.7123287671232886e-05
2022-01-03,0.08215679711964854
2022-01-04,0.01429274493788369
2022-01-05,-0.13101335557597746
2022-01-06,0.010091961838953136
2022-01-07,-0.021469561363171213
2022-01-08,0.0009401648186687305
2022-01-09,1.7123287671232886e-05
2022-01-10,0.05178272897124836
2022-01-11,0.068448381507247
2022-01-12,-0.10494872767394843
2022-01-13,-0.08843395796556583
2022-01-14,-0.019230524142981188
2022-01-15,-0.0012400114155251142
2022-01-16,1.7123287671232886e-05
2022-01-17,-0.009112303779552203
2022-01-18,0.10999514885549105
2022-01-19,-0.048619108940794374
2022-01-20,-0.1490410045700647
2022-01-21,-0.049030198593351663
2022-01-22,-0.0012400114155251142
2022-01-23,1.7123287671232886e-05
2022-01-24,0.09676959320380214
2022-01-25,0.03947895334911929
2022-01-26,0.03988808988222354
2022-01-27,0.10398294296413689
2022-01-28,0.08174366074648279
2022-01-29,0.01340082823162668
2022-01-30,1.7123287671232886e-05
2022-01-31,-0.06232398042921123
2022-02-01,0.007918675259064582
2022-02-02,-0.002550586927464354
2022-02-03,0.03624415394977928
2022-02-04,-0.04570077651735348
2022-02-05,-0.0014900114155251142
2022-02-06,1.7123287671232886e-05
2022-02-07,-0.027774148884472973
2022-02-08,0.09549004030772021
2022-02-09,-0.013982136232179969
2022-02-10,0.08799321130598199
2022-02-11,0.004443810323378174
2022-02-12,-0.01292077090265067
2022-02-13,1.7123287671232886e-05
2022-02-14,0.002524824196113329
2022-02-15,-0.00723353508010683
2022-02-16,-0.11536902699467527
2022-02-17,0.08441140466688317
2022-02-18,-0.016578791563130545
2022-02-19,-0.007783715073143786
2022-02-20,1.7123287671232886e-05
2022-02-21,-0.07430627725456919
2022-02-22,-0.12211252500701188
2022-02-23,-0.02295050907130803
2022-02-24,0.057425983990376434
2022-02-25,0.0010626845141330499
2022-02-26,-0.0014900114155251142
2022-02-27,1.7123287671232886e-05
2022-02-28,0.07380917702990547
2022-03-01,-0.11258072358934708
2022-03-02,0.18738839765140564
2022-03-03,-0.044381317772797996
2022-03-04,0.032514564502210436
2022-03-05,-0.0019300799086757992
2022-03-06,0.00011986301369863016
2022-03-07,0.19260432196740662
2022-03-08,0.031169123371985984
2022-03-09,-0.056652540084564336
2022-03-10,-0.015342509982740721
2022-03-11,0.12659075871323355
2022-03-12,-0.0019300799086757992
2022-03-13,0.00011986301369863016
2022-03-14,0.0378089865351976
2022-03-15,0.027152121231337457
2022-03-16,-0.02812968658110774
2022-03-17,-0.10187641730365529
2022-03-18,0.014634630613272234
2022-03-19,-0.038056052062718844
2022-03-20,0.00034246575342465765
2022-03-21,0.03098409712520337
2022-03-22,0.028567921106981763
2022-03-23,-0.0393329137106313
2022-03-24,0.020687958807836363
2022-03-25,-0.07769626256320224
2022-03-26,0.019607961557981904
2022-03-27,0.00034246575342465765
2022-03-28,0.1458265055823485
2022-03-29,-0.061185523749787946
2022-03-30,-0.10082449102315945
2022-03-31,0.008776871875260724
2022-04-01,0.015875698973925344
2022-04-02,-0.001550228310502283
2022-04-03,0.00034246575342465765
2022-04-04,0.1263760597784718
2022-04-05,0.06022141390569093
2022-04-06,0.061068814032055406
2022-04-07,0.03367341998917998
2022-04-08,0.06802294829424685
2022-04-09,0.021151387614621524
2022-04-10,0.00034246575342465765
2022-04-11,-0.04057989522702875
2022-04-12,-0.02599365364189276
2022-04-13,0.12013800626336674
2022-04-14,0.15882627091387055
2022-04-15,0.09738848396012732
2022-04-16,0.007825428528835554
2022-04-17,0.00034246575342465765
2022-04-18,0.050914545516046
2022-04-19,0.030627399176026766
2022-04-20,-0.11590032415302959
2022-04-21,-0.00576434363222629
2022-04-22,0.04490213119996035
2022-04-23,-0.001550228310502283
2022-04-24,0.00034246575342465765
2022-04-25,0.04737763131903689
2022-04-26,-0.008407464740818556
2022-04-27,0.032442734386305454
2022-04-28,0.12803231830888182
2022-04-29,-0.1355147080041931
2022-04-30,-0.001550228310502283
2022-05-01,0.00034246575342465765
2022-05-02,0.03714342473104403
2022-05-03,-0.1716432592136105
2022-05-04,-0.06373728947742285
2022-05-05,-0.034989762121600376
2022-05-06,0.17305331890883818
2022-05-07,0.008102671066535125
2022-05-08,0.0009075342465753428
2022-05-09,0.22554719273131602
2022-05-10,0.03588626393493272
2022-05-11,-0.16972284354516948
2022-05-12,0.1983245664009326
2022-05-13,-0.14231461271140514
2022-05-14,-0.0012206050228310502
2022-05-15,0.0009075342465753428
2022-05-16,0.15166835522849717
2022-05-17,-0.1442534056718266
2022-05-18,0.14310900777205127
2022-05-19,-0.14718466228569302
2022-05-20,0.18201138385595012
2022-05-21,0.029821965205255433
2022-05-22,0.0009075342465753428
2022-05-23,-0.24330041903080432
2022-05-24,-0.08240469692122339
2022-05-25,0.324925137395826
2022-05-26,-0.24033071307209186
2022-05-27,-0.14219505688827647
2022-05-28,-0.03734522764079041
2022-05-29,0.0009075342465753428
2022-05-30,-0.05620600278830952
2022-05-31,0.2757504820317812
2022-06-01,0.03019322141210113
2022-06-02,-0.1735882376521834
2022-06-03,0.14966154691200345
2022-06-04,-0.025214872596822032
2022-06-05,0.0009075342465753428
2022-06-06,0.06805366729843229
2022-06-07,0.21091966975658286
2022-06-08,0.09832557028122074
2022-06-09,-0.07132972360105105
2022-06-10,-0.09527299473478876
2022-06-11,-0.0009706050228310502
2022-06-12,0.0009075342465753428
2022-06-13,0.28078283099186624
2022-06-14,-0.0877007779587696
2022-06-15,-0.18322114661907093
2022-06-16,0.2235157329592586
2022-06-17,0.2554301904674768
2022-06-18,-0.0005813356164383563
2022-06-19,0.002003424657534247
2022-06-20,-0.23903763219646398
2022-06-21,-0.1701450045124662
2022-06-22,0.08612522420919641
2022-06-23,0.16024831857980892
2022-06-24,-0.18366552996289182
2022-06-25,-0.006379362026617987
2022-06-26,0.002003424657534247
2022-06-27,-0.13000594996136722
2022-06-28,0.12331265156350563
2022-06-29,0.14377525632969626
2022-06-30,-0.08032021210105036
2022-07-01,0.21912297511811565
2022-07-02,-0.0008313356164383563
2022-07-03,0.002003424657534247
2022-07-04,-0.05918915698005566
2022-07-05,0.228239604396991
2022-07-06,0.16689236927207562
2022-07-07,-0.0559074184184983
2022-07-08,0.2124386475683662
2022-07-09,-0.0008313356164383563
2022-07-10,0.002003424657534247
2022-07-11,0.2597142635830708
2022-07-12,0.12174583800527432
2022-07-13,-0.20210338516158702
2022-07-14,0.1546072516097472
2022-07-15,-0.2149596421186874
2022-07-16,-0.00622277135601124
2022-07-17,0.002003424657534247
2022-07-18,-0.2406455149197719
2022-07-19,-0.2858385744479738
2022-07-20,0.09801829401343837
2022-07-21,-0.0036531482468433255
2022-07-22,0.12329602938845671
2022-07-23,-0.0008313356164383563
2022-07-24,0.002003424657534247
2022-07-25,0.03941911705303262
2022-07-26,0.11584843381338274
2022-07-27,0.08632943987423224
2022-07-28,0.11252972683498158
2022-07-29,-0.31044822092510166
2022-07-30,-0.00016210045662100482
2022-07-31,0.003150684931506849
2022-08-01,-0.3298664129666497
2022-08-02,0.04279911357287203
2022-08-03,-0.18472086062903934
2022-08-04,-0.17308213658747176
2022-08-05,0.39369116663578085
2022-08-06,-0.0004517694063926944
2022-08-07,0.0026541095890410963
2022-08-08,-0.08890932107532384
2022-08-09,0.05255862647728528
2022-08-10,-0.37684860745528753
2022-08-11,-0.287554926590732
2022-08-12,0.2568198073316229
2022-08-13,-0.04231695888895079
2022-08-14,0.0026541095890410963
2022-08-15,0.12188940228036402
2022-08-16,0.28321003438307923
2022-08-17,0.36869270680491606
2022-08-18,0.055275878793688275
2022-08-19,0.4128722980899075
2022-08-20,-0.0050644168013384075
2022-08-21,0.0026541095890410963
2022-08-22,-0.009787000505269237
2022-08-23,-0.06208631728794241
2022-08-24,0.05637397125898915
2022-08-25,-0.2768637146067493
2022-08-26,0.018549652250587537
2022-08-27,-0.0004517694063926944
2022-08-28,0.0026541095890410963
2022-08-29,0.3339633493311952
2022-08-30,0.025474825818352184
2022-08-31,0.10361782115817456
2022-09-01,0.1655235255515889
2022-09-02,-0.016732122775658616
2022-09-03,0.08797620070040155
2022-09-04,0.0026541095890410963
2022-09-05,0.04491918983547101
2022-09-06,0.13147004808613477
2022-09-07,-0.013237181792024502
2022-09-08,-0.08073668869926964
2022-09-09,-0.16457545618694247
2022-09-10,-0.0005017123287671236
2022-09-11,0.0025684931506849322
2022-09-12,-0.1390796476081011
2022-09-13,-0.16643178924976612
2022-09-14,-0.14648666364299673
2022-09-15,0.1683336618901924
2022-09-16,-0.20629639404057248
2022-09-17,0.03744231704156487
2022-09-18,0.002363013698630138
2022-09-19,0.2759821142868467
2022-09-20,0.2870817638494541
2022-09-21,0.06691165857292047
2022-09-22,-0.24573092327350676
2022-09-23,0.15728866711640158
2022-09-24,0.00010787671232876698
2022-09-25,0.003184931506849315
2022-09-26,0.235641923771551
2022-09-27,-0.1757594593758322
2022-09-28,-0.025958335842546566
2022-09-29,0.1152057164890975
2022-09-30,0.12743129682717125
2022-10-01,-0.0032439939855934837
2022-10-02,0.003184931506849315
2022-10-03,0.07765911122482327
2022-10-04,0.02416686680339114
2022-10-05,0.11746902449623867
2022-10-06,0.16231641964381352
2022-10-07,0.09602519214608948
2022-10-08,0.031584854499507695
2022-10-09,0.003184931506849315
2022-10-10,0.2335622850722835
2022-10-11,0.09600892389626668
2022-10-12,0.0515740919222215
2022-10-13,0.14600108995477182
2022-10-14,0.015156059576935575
2022-10-15,0.00010787671232876698
2022-10-16,0.003184931506849315
2022-10-17,-0.15499564858720405
2022-10-18,-0.13420718376750618
2022-10-19,0.1990398575483102
2022-10-20,-0.1665114033775741
2022-10-21,0.31085326680077985
2022-10-22,0.00010787671232876698
2022-10-23,0.003184931506849315
2022-10-24,0.4904418864300311
2022-10-25,-0.17742566797726783
2022-10-26,-0.22657191419246026
2022-10-27,0.06673492680519885
2022-10-28,0.29875081316139945
2022-10-29,-0.03867603995024492
2022-10-30,0.003184931506849315
2022-10-31,0.3958044465464653
2022-11-01,-0.41531700421709034
2022-11-02,-0.23164378699506039
2022-11-03,-0.09890817144337147
2022-11-04,-0.3096490681968342
2022-11-05,0.05292257414219584
2022-11-06,0.004143835616438355
2022-11-07,0.1257127529314879
2022-11-08,-0.11227278874199967
2022-11-09,0.036005289612442655
2022-11-10,-0.17948733358861615
2022-11-11,-0.5346599428777402
2022-11-12,0.000417237442922374
2022-11-13,0.004143835616438355
2022-11-14,0.35311427719237715
2022-11-15,-0.30951971658889704
2022-11-16,0.20402716328245613
2022-11-17,0.30365610378236274
2022-11-18,-0.048458293859774515
2022-11-19,0.056483722322478704
2022-11-20,0.004143835616438355
2022-11-21,0.4439950045413714
2022-11-22,-0.37021739196928727
2022-11-23,-0.18587827645620572
2022-11-24,-0.29335492071183505
2022-11-25,0.42412262623266694
2022-11-26,-0.012721414264403217
2022-11-27,0.004143835616438355
2022-11-28,0.02470257060448241
2022-11-29,-0.21327288252235982
2022-11-30,-0.12663769950191203
2022-12-01,-0.36087195403714134
2022-12-02,0.13450981812328622
2022-12-03,0.000417237442922374
2022-12-04,0.004143835616438355
2022-12-05,-0.027566638776882875
2022-12-06,0.13394236770122772
2022-12-07,-0.06016177220432743
2022-12-08,0.03415352539908465
2022-12-09,-0.25186749841495465
2022-12-10,-0.05643541404166784
2022-12-11,0.004126712328767122
2022-12-12,0.25055171950834976
2022-12-13,-0.29174973125716025
2022-12-14,-0.35645601978327657
2022-12-15,0.4522110737688831
2022-12-16,-0.06453860759845842
2022-12-17,0.1266917899619561
2022-12-18,0.00481164383561644
2022-12-19,-0.4574372829504618
2022-12-20,-0.24811499973563575
2022-12-21,0.04120796219322803
2022-12-22,-0.19495382671389858
2022-12-23,0.06821947057054178
2022-12-24,0.005436994367067332
2022-12-25,0.004811643835616439
2022-12-26,0.07383253678682496
2022-12-27,0.040130254349713755
2022-12-28,-0.05821034083648717
2022-12-29,-0.27341276283842325
2022-12-30,-0.39450953642677683
2022-12-31,0.0008067922374429223
2023-01-01,0.004811643835616439
2023-01-02,-0.08151570921022638
2023-01-03,0.05530239568410075
2023-01-04,-0.14471655700816927
2023-01-05,0.23658620348409792
2023-01-06,0.23379828476630074
2023-01-07,0.0008067922374429223
2023-01-08,0.004811643835616439
2023-01-09,-0.1553771285110902
2023-01-10,0.26503842194445715
2023-01-11,0.22356364209103632
2023-01-12,-0.32112623476514524
2023-01-13,-0.008803166089769568
2023-01-14,0.0008067922374429223
2023-01-15,0.004811643835616439
2023-01-16,-0.08256612125672987
2023-01-17,-0.02953850388414527
2023-01-18,-0.13150577826428883
2023-01-19,-0.21171266427199634
2023-01-20,0.20459395766002295
2023-01-21,-0.14168664635064068
2023-01-22,0.004811643835616439
2023-01-23,0.10440103495463005
2023-01-24,0.03768302513220935
2023-01-25,-0.38511300368419216
2023-01-26,0.1817484104023937
2023-01-27,0.10779437324544963
2023-01-28,0.0005450948410365281
2023-01-29,0.004811643835616439
2023-01-30,0.09949880550210533
2023-01-31,0.09980013032378827
2023-02-01,-0.28604377241082796
2023-02-02,0.12203198460353311
2023-02-03,0.21956878009354494
2023-02-04,0.0010565068493150682
2023-02-05,0.005239726027397258
2023-02-06,0.4412450387582799
2023-02-07,-0.14159351705080547
2023-02-08,0.02903018809969099
2023-02-09,-0.09550154336345819
2023-02-10,-0.10130089003563712
2023-02-11,0.10006897361463407
2023-02-12,0.00506849315068493
2023-02-13,0.09866135876984457
2023-02-14,-0.28974903449842293
2023-02-15,0.2730961504364753
2023-02-16,0.25992932681753617
2023-02-17,0.2693424874532685
2023-02-18,0.021997312779198874
2023-02-19,0.00506849315068493
2023-02-20,-0.1628460029036103
2023-02-21,0.36536856250523997
2023-02-22,-0.06648051912284826
2023-02-23,0.10356491694863798
2023-02-24,0.3664967875940842
2023-02-25,0.0009566210045662096
2023-02-26,0.00506849315068493
2023-02-27,-0.070677002702994
2023-02-28,0.048906431698088476
2023-03-01,-0.24234012933942045
2023-03-02,0.1714539704403335
2023-03-03,-0.30293545846965486
2023-03-04,0.03727270638509137
2023-03-05,0.00506849315068493
2023-03-06,0.08072988466382372
2023-03-07,0.17569232917647581
2023-03-08,-0.06566402247132026
2023-03-09,-0.2796049912371574
2023-03-10,-0.3097855719185789
2023-03-11,0.0009566210045662096
2023-03-12,0.00506849315068493
2023-03-13,-0.5583877334672607
2023-03-14,0.14031822099306923
2023-03-15,0.27738873960188737
2023-03-16,-0.1567319014627328
2023-03-17,-0.3127382668319609
2023-03-18,0.0009566210045662096
2023-03-19,0.00506849315068493
2023-03-20,-0.10566281320402901
2023-03-21,0.23571371389273693
2023-03-22,0.052439838223392404
2023-03-23,-0.43316213878648807
2023-03-24,-0.05933727356346509
2023-03-25,0.0011164383561643836
2023-03-26,0.005342465753424658
2023-03-27,0.07045526760238363
2023-03-28,-0.19117373503589524
2023-03-29,0.18481366196579402
2023-03-30,-0.08713384810387861
2023-03-31,0.1920053987988858
2023-04-01,-0.058645070926887186
2023-04-02,0.005342465753424658
2023-04-03,0.33924624444237284
2023-04-04,0.12106815886445721
2023-04-05,-0.05825838777012326
2023-04-06,0.25293281277568225
2023-04-07,0.27035231046831404
2023-04-08,-0.007674605703581858
2023-04-09,0.005342465753424658
2023-04-10,0.3488613078610356
2023-04-11,-0.08926211650800653
2023-04-12,-0.07149605087781888
2023-04-13,-0.19897066052321585
2023-04-14,0.2415865528457111
2023-04-15,0.008531555571582536
2023-04-16,0.005342465753424658
2023-04-17,0.2379997739187126
2023-04-18,-0.21720580221714303
2023-04-19,0.25961021358066483
2023-04-20,-0.289964725264693
2023-04-21,0.12687422590335623
2023-04-22,-0.016113729151750755
2023-04-23,0.005342465753424658
2023-04-24,0.061403848885012775
2023-04-25,0.09357552868118846
2023-04-26,-0.0408572386430015
2023-04-27,0.13097292659975177
2023-04-28,0.2114344007767011
2023-04-29,0.0011164383561643836
2023-04-30,0.005342465753424658
2023-05-01,0.17387789613842142
2023-05-02,0.1051391903507535
2023-05-03,-0.18999117083930994
2023-05-04,-0.24089962498483936
2023-05-05,0.07315323358971103
2023-05-06,0.0013564497716894973
2023-05-07,0.005325342465753423
2023-05-08,-0.04377101683714599
2023-05-09,0.09040087427003654
2023-05-10,-0.17645953432647643
2023-05-11,0.08840918007941148
2023-05-12,0.14350738252812106
2023-05-13,0.0014063926940639266
2023-05-14,0.005410958904109589
2023-05-15,-0.00014101711492475744
2023-05-16,0.035109932855519256
2023-05-17,0.29073519940187925
2023-05-18,0.21005587018556882
2023-05-19,-0.06755588163428532
2023-05-20,-0.008580480509243113
2023-05-21,0.005410958904109589
2023-05-22,0.13481140962210614
2023-05-23,0.015178371525917174
2023-05-24,0.12447253939395683
2023-05-25,0.16515720919997295
2023-05-26,-0.10696746867726148
2023-05-27,0.0014063926940639266
2023-05-28,0.005410958904109589
2023-05-29,-0.17674253008425755
2023-05-30,-0.09408632331155897
2023-05-31,0.029796596301157687
2023-06-01,0.11680146032233063
2023-06-02,0.09996552194236932
2023-06-03,0.0014063926940639266
2023-06-04,0.005410958904109589
2023-06-05,0.11424743444123564
2023-06-06,-0.035731535186817175
2023-06-07,-0.12483037355867489
2023-06-08,-0.17561492006706872
2023-06-09,0.05118953576130504
2023-06-10,0.005793941031212931
2023-06-11,0.005154109589041096
2023-06-12,0.09064021518899415
2023-06-13,-0.10072131845782194
2023-06-14,-0.12928475784177
2023-06-15,0.2530018656622974
2023-06-16,-0.03281835469326198
2023-06-17,-0.0007914857009733429
2023-06-18,0.005154109589041096
2023-06-19,0.059851526622270106
2023-06-20,0.125722164185399
2023-06-21,0.05699771685357453
2023-06-22,0.16486526027266366
2023-06-23,0.10217159091338107
2023-06-24,0.0013464611872146114
2023-06-25,0.0053082191780821925
2023-06-26,-0.17582813321691845
2023-06-27,-0.039215096366251714
2023-06-28,0.12748395883946903
2023-06-29,0.07537557159231323
2023-06-30,-0.028415877249179926
2023-07-01,0.033935279225172504
2023-07-02,0.005267979452054795
2023-07-03,0.1347647169485996
2023-07-04,-0.025021744657769487
2023-07-05,0.1632457194542524
2023-07-06,-0.202384666443449
2023-07-07,-0.26095698186822247
2023-07-08,0.001306221461187214
2023-07-09,0.005667808219178083
2023-07-10,0.23772182445195592
2023-07-11,-0.14317119744252327
2023-07-12,-0.27018259111916004
2023-07-13,-0.06941109715383971
2023-07-14,-0.005940113647776281
2023-07-15,0.04672270066691825
2023-07-16,0.0055650684931506855
2023-07-17,-0.1737792040450274
2023-07-18,-0.2371165615470183
2023-07-19,0.19623560229463655
2023-07-20,0.020906568610488056
2023-07-21,0.22081281202964723
2023-07-22,-0.018470849095068485
2023-07-23,0.0055650684931506855
2023-07-24,-0.14677514929020927
2023-07-25,-0.05641028703351495
2023-07-26,-0.16673234720615893
2023-07-27,-0.32562966575073093
2023-07-28,0.22252939665045593
2023-07-29,0.016343354824055346
2023-07-30,0.0059075342465753425
2023-07-31,0.015953949944810294
2023-08-01,0.3003438496007599
2023-08-02,-0.0012300080133508182
2023-08-03,-0.10872681338260651
2023-08-04,-0.11233898858663552
2023-08-05,-0.029873370638555025
2023-08-06,0.005633561643835615
2023-08-07,0.14189462193639615
2023-08-08,0.32702092873179467
2023-08-09,0.04256388523728849
2023-08-10,-0.10657215310907273
2023-08-11,-0.12160070629032578
2023-08-12,0.05890622729801695
2023-08-13,0.005633561643835615
2023-08-14,0.18029428010574833
2023-08-15,-0.0011300727649109499
2023-08-16,0.11976626901947379
2023-08-17,0.015547864158473309
2023-08-18,-0.08391454491299682
2023-08-19,0.008780495625568298
2023-08-20,0.005633561643835615
2023-08-21,0.012426773588939628
2023-08-22,-0.21047461568832634
2023-08-23,-0.14262284634070743
2023-08-24,0.23732589698121775
2023-08-25,-0.12364629908799932
2023-08-26,0.0015362442922374432
2023-08-27,0.005633561643835615
2023-08-28,-0.01733785188717045
2023-08-29,0.059002053424262194
2023-08-30,0.05430843810400836
2023-08-31,-0.07966553964431777
2023-09-01,-0.1436824574811875
2023-09-02,0.0014960045662100459
2023-09-03,0.005993150684931505
2023-09-04,-0.013241560929332149
2023-09-05,0.10653409373847154
2023-09-06,-0.01428420145324628
2023-09-07,0.02258230440011874
2023-09-08,-0.1426080352300816
2023-09-09,0.0014960045662100459
2023-09-10,0.005993150684931505
2023-09-11,-0.4184977794505929
2023-09-12,0.10449039541033053
2023-09-13,0.23721219846124963
2023-09-14,-0.10888948707051437
2023-09-15,0.04118117086624502
2023-09-16,0.010550075932387827
2023-09-17,0.005993150684931505
2023-09-18,-0.08602831439419692
2023-09-19,-0.10493033185922537
2023-09-20,-0.0987873084466441
2023-09-21,0.10123788158405292
2023-09-22,0.10795314359593416
2023-09-23,0.0014960045662100456
2023-09-24,0.005993150684931506
2023-09-25,0.14743447750392497
2023-09-26,0.0808162856626759
2023-09-27,0.1630994955036046
2023-09-28,-0.10485631020188099
2023-09-29,-0.12322982581420065
2023-09-30,0.0014960045662100456
2023-10-01,0.005993150684931506
2023-10-02,0.1943827350739219
2023-10-03,0.0896086938167946
2023-10-04,-0.08078740817500027
2023-10-05,-0.25978225450856696
2023-10-06,0.19134677840064235
2023-10-07,0.0014960045662100456
2023-10-08,0.005993150684931506
2023-10-09,-0.016200760442273733
2023-10-10,0.1857963608789397
2023-10-11,0.05404988464343279
2023-10-12,0.162332165981666
2023-10-13,-0.10373067972662955
2023-10-14,-0.00017755488461021544
2023-10-15,0.005993150684931506
2023-10-16,-0.03514372208903312
2023-10-17,-0.09221622576513361
2023-10-18,-0.11146118951710843
2023-10-19,0.035529228885596814
2023-10-20,0.0365142784673894
2023-10-21,0.009530160480217363
2023-10-22,0.005993150684931506
2023-10-23,0.027077388659453357
2023-10-24,-0.16195479677688282
2023-10-25,0.04600367522404556
2023-10-26,0.07904589628528677
2023-10-27,-0.05739364300940513
2023-10-28,0.028733166093640582
2023-10-29,0.005993150684931506
2023-10-30,-0.07092186806118131
2023-10-31,0.11160424475494864
2023-11-01,-0.12107325944701128
2023-11-02,-0.18049244115282373
2023-11-03,-0.12069267510223469
2023-11-04,0.0014960045662100456
2023-11-05,0.005993150684931506
2023-11-06,0.06276749059848849
2023-11-07,0.2545169488922999
2023-11-08,0.1487318775280593
2023-11-09,0.1219491414020359
2023-11-10,0.15036697373366223
2023-11-11,-0.002026364419489328
2023-11-12,0.005907534246575341
2023-11-13,0.04175551302199583
2023-11-14,-0.12571073025316412
2023-11-15,-0.13121260516612268
2023-11-16,0.035480249524942394
2023-11-17,-0.21715107446658338
2023-11-18,0.0014460616438356161
2023-11-19,0.005907534246575341
2023-11-20,-0.19215453297467294
2023-11-21,-0.25426495423402706
2023-11-22,0.31824710074803797
2023-11-23,-0.15158219496732755
2023-11-24,-0.17786036824435097
2023-11-25,-0.002578053918373108
2023-11-26,0.005907534246575341
2023-11-27,-0.13952916484816125
2023-11-28,-0.1884793091754588
2023-11-29,0.12752663715828697
2023-11-30,0.11475814349153393
2023-12-01,0.027618109404598603
2023-12-02,-0.043299418681067035
2023-12-03,0.005907534246575341
2023-12-04,0.07281833242312889
2023-12-05,0.05344650617123946
2023-12-06,-0.13529131394495317
2023-12-07,-0.05381887106202774
2023-12-08,-0.1006717373237238
2023-12-09,-0.019368418410314118
2023-12-10,0.005907534246575341
2023-12-11,0.15874416397689073
2023-12-12,-0.3056051469462586
2023-12-13,0.06821827431897254
2023-12-14,-0.3526954711830325
2023-12-15,-0.03162566129237389
2023-12-16,0.0014460616438356161
2023-12-17,0.005907534246575341
2023-12-18,0.051505728846669
2023-12-19,0.03516435569687014
2023-12-20,-0.08196500509027
2023-12-21,-0.20116565125574468
2023-12-22,-0.09239737379607332
2023-12-23,0.0437221149831131
2023-12-24,0.005907534246575341
2023-12-25,0.03761715347195846
2023-12-26,-0.036486881341669386
2023-12-27,-0.06193113056394489
2023-12-28,-0.13304776517472575
2023-12-29,0.005525013912981783
2023-12-30,-0.13259643901582585
2023-12-31,0.005907534246575341
2024-01-01,0.005254708904109588
2024-01-02,0.20776634682169082
2024-01-03,0.22934071458635566
2024-01-04,-0.019840419848012103
2024-01-05,0.23904393231679638
2024-01-06,-0.04581816295907118
2024-01-07,0.004863013698630136
2024-01-08,-0.03919944518015806
2024-01-09,-0.023945614161858367
2024-01-10,0.06996106842080296
2024-01-11,-0.22792565948275711
2024-01-12,-0.08082290381029722
2024-01-13,0.0010867579908675797
2024-01-14,0.004863013698630136
2024-01-15,0.22888481284838413
2024-01-16,0.1838171726467442
2024-01-17,0.31962879449136467
2024-01-18,-0.043358133124675305
2024-01-19,0.07722940851460416
2024-01-20,-0.03359622489044586
2024-01-21,0.004863013698630136
2024-01-22,-0.1018527774133077
2024-01-23,-0.005312739006968142
2024-01-24,-0.24711621760147395
2024-01-25,-0.13586277081932513
2024-01-26,0.13905173523877262
2024-01-27,0.021411954702444072
2024-01-28,0.004863013698630136
2024-01-29,-0.06852346944634008
2024-01-30,-0.07193820690245659
2024-01-31,0.11075120077320665
2024-02-01,0.09608173891938054
2024-02-02,0.16091183717159777
2024-02-03,0.0010168378995433788
2024-02-04,0.004743150684931506
2024-02-05,0.1933089840703877
2024-02-06,-0.0541518566079414
2024-02-07,-0.0059239202472618074
2024-02-08,0.21056106521049492
2024-02-09,-0.05467960784542285
2024-02-10,0.008228567261098094
2024-02-11,0.004743150684931506
2024-02-12,-0.0675918522140374
2024-02-13,0.08033610783281453
2024-02-14,-0.07993184390699833
2024-02-15,-0.22807479476942386
2024-02-16,0.18742000906052858
2024-02-17,0.028809178318217252
2024-02-18,0.004743150684931506
2024-02-19,-0.05827394487778029
2024-02-20,-0.07893504256473886
2024-02-21,-0.018034941090503985
2024-02-22,-0.0957782565202834
2024-02-23,-0.029535703432059822
2024-02-24,0.05471254304779166
2024-02-25,0.004743150684931506
2024-02-26,0.06886886886218609
2024-02-27,-0.044417917927938075
2024-02-28,0.09367275412312151
2024-02-29,-0.11547370865734957
2024-03-01,0.17520564382784895
2024-03-02,-0.07735852502950284
2024-03-03,0.004743150684931506
2024-03-04,0.0046639027087671606
2024-03-05,0.03147513564022137
2024-03-06,-0.23953071215403612
2024-03-07,-0.15064905801896156
2024-03-08,-0.13832515287997507
2024-03-09,0.0010168378995433788
2024-03-10,0.004743150684931506
2024-03-11,0.035391294623528705
2024-03-12,0.07576118553696957
2024-03-13,-0.08288881668082966
2024-03-14,0.1454062212031939
2024-03-15,0.046203653585411564
2024-03-16,0.013845852892957275
2024-03-17,0.004743150684931506
2024-03-18,0.060426978696708836
2024-03-19,0.16196128583257266
2024-03-20,0.15591856337816623
2024-03-21,-0.04218750608739771
2024-03-22,0.06731805070498839
2024-03-23,0.001026826484018265
2024-03-24,0.004760273972602741
2024-03-25,-0.06799087060615083
2024-03-26,-0.057356795630034624
2024-03-27,0.12313889920910184
2024-03-28,0.09266060319185382
2024-03-29,-0.003308877472252407
2024-03-30,0.003688366368726723
2024-03-31,0.004760273972602741
2024-04-01,0.11886861251053583
2024-04-02,-0.020182629182327414
2024-04-03,-0.07444223708440673
2024-04-04,-0.03520257586429143
2024-04-05,0.05021024844850694
2024-04-06,0.001026826484018265
2024-04-07,0.004760273972602741
2024-04-08,0.06699351018041418
2024-04-09,-0.10046448510898566
2024-04-10,0.13184851188660385
2024-04-11,-0.049053749210413854
2024-04-12,0.09671032986708197
2024-04-13,0.001026826484018265
2024-04-14,0.004760273972602741
2024-04-15,-0.14560915358138637
2024-04-16,0.11190636765337733
2024-04-17,-0.12743820548116125
2024-04-18,-0.059479518186859114
2024-04-19,0.08539698035437722
2024-04-20,0.001026826484018265
2024-04-21,0.004760273972602741
2024-04-22,0.000913166400718611
2024-04-23,-0.12034988934169388
2024-04-24,0.08695458455644275
2024-04-25,-0.09043108663119037
2024-04-26,-0.053771412580020675
2024-04-27,0.004840787549125621
2024-04-28,0.004760273972602741
2024-04-29,-0.16108180693075783
2024-04-30,0.2543213144784875
2024-05-01,-0.06466933454645504
2024-05-02,-0.13687715199536535
2024-05-03,-0.26057522522624427
2024-05-04,0.00999841253429785
2024-05-05,0.004760273972602741
2024-05-06,0.01350300083185768
2024-05-07,0.11469604818313531
2024-05-08,0.2639693575547654
2024-05-09,0.005152925554704549
2024-05-10,0.11004981418006933
2024-05-11,-0.018795901077228696
2024-05-12,0.004760273972602741
2024-05-13,-0.02083100481134571
2024-05-14,0.1999339273960618
2024-05-15,-0.2526322022970559
2024-05-16,0.2551861756898695
2024-05-17,0.1172097040303196
2024-05-18,0.03993547699987652
2024-05-19,0.004760273972602741
2024-05-20,0.14949275795321162
2024-05-21,0.03330900663609626
2024-05-22,0.18142075868648708
2024-05-23,-0.04474810018353696
2024-05-24,-0.06392712505225744
2024-05-25,0.0019132064069668788
2024-05-26,0.004760273972602741
2024-05-27,-0.12431066124602888
2024-05-28,-0.05515349495101933
2024-05-29,0.04211303241933191
2024-05-30,-0.09809752087400533
2024-05-31,-0.037389313877089644
2024-06-01,0.0006175799086757991
2024-06-02,0.0036301369863013717
2024-06-03,0.0054140157801520865
2024-06-04,0.14716087531109306
2024-06-05,0.04086760100883905
2024-06-06,-0.11122000294074794
2024-06-07,-0.004192622320897892
2024-06-08,0.0006275684931506849
2024-06-09,0.0036472602739726044
2024-06-10,0.10449147540240107
2024-06-11,0.09942044238010925
2024-06-12,-0.12194532033243365
2024-06-13,0.1701285870894756
2024-06-14,0.1766992890425164
2024-06-15,0.000677511415525114
2024-06-16,0.003732876712328769
2024-06-17,0.1254162583282295
2024-06-18,0.029690443708717283
2024-06-19,-0.03635152598555758
2024-06-20,0.13950553298462856
2024-06-21,0.16659040654491108
2024-06-22,0.000677511415525114
2024-06-23,0.003732876712328769
2024-06-24,-0.18227824753391206
2024-06-25,0.020296227012457216
2024-06-26,0.09261174292829336
2024-06-27,-0.08245971881759587
2024-06-28,0.04640373835688169
2024-06-29,0.00879852940919323
2024-06-30,0.003732876712328769
2024-07-01,-0.004442589166591175
2024-07-02,0.09165204993876681
2024-07-03,0.017174394604011736
2024-07-04,-0.16020842982564149
2024-07-05,-0.08378342939029827
2024-07-06,0.00329916525130717
2024-07-07,0.004777397260273974
2024-07-08,-0.12961348804152856
2024-07-09,0.1525773254564064
2024-07-10,0.03640219488455016
2024-07-11,-0.1667718507252206
2024-07-12,0.04287381525197152
2024-07-13,0.009367996116715453
2024-07-14,0.004777397260273974
2024-07-15,0.045022266345148915
2024-07-16,0.14744788195280772
2024-07-17,-0.21816896434259023
2024-07-18,0.19668299866039388
2024-07-19,0.2063834549186053
2024-07-20,0.00843453823820332
2024-07-21,0.004777397260273974
2024-07-22,-0.16065733796314657
2024-07-23,-0.030190062264213176
2024-07-24,-0.031561057588591096
2024-07-25,-0.09122302327023657
2024-07-26,0.12593509505862222
2024-07-27,-0.00834376337107157
2024-07-28,0.004777397260273974
2024-07-29,-0.0998422712933488
2024-07-30,0.14351209611186716
2024-07-31,0.045821738419811395
2024-08-01,-0.05940077411449822
2024-08-02,-0.19387333223637832
2024-08-03,0.0007676940639269403
2024-08-04,0.0034589041095890423
2024-08-05,-0.22902078778089266
2024-08-06,-0.14364235599116432
2024-08-07,0.08476727673966722
2024-08-08,0.13187073479587813
2024-08-09,-0.15636927769326725
2024-08-10,-0.0007711075386850775
2024-08-11,0.0034589041095890423
2024-08-12,0.09429237145300391
2024-08-13,0.03570444250730824
2024-08-14,0.0035797280932599942
2024-08-15,0.26486693700674613
2024-08-16,-0.26706551801380884
2024-08-17,0.0007676940639269403
2024-08-18,0.0034589041095890423
2024-08-19,-0.27268795515087996
2024-08-20,-0.21905605666639846
2024-08-21,0.14270244133767993
2024-08-22,0.16637048022357454
2024-08-23,-0.169318011172252
2024-08-24,-0.07660234426192113
2024-08-25,0.0034589041095890423
2024-08-26,-0.016401496439016262
2024-08-27,0.022866184025128557
2024-08-28,-0.0013105501569958544
2024-08-29,0.053758075214436984
2024-08-30,0.0526313951547306
2024-08-31,0.0007676940639269403
2024-09-01,0.0029013984018264856
2024-09-02,0.02309343947607541
2024-09-03,-0.024901439641559844
2024-09-04,-0.13333264327967898
2024-09-05,0.03007438123330279
2024-09-06,-0.13297149270866307
2024-09-07,0.0005179794520547944
2024-09-08,0.0030308219178082204
2024-09-09,0.2169207471522733
2024-09-10,-0.11089484719348294
2024-09-11,-0.11664440960613218
2024-09-12,-0.11994754344081018
2024-09-13,-0.15503189749510327
2024-09-14,0.033892917580763744
2024-09-15,0.0030308219178082204
2024-09-16,-0.22078255207161046
2024-09-17,0.13128885146337585
2024-09-18,-0.1571014086880683
2024-09-19,0.13700244661354324
2024-09-20,-0.05975691280482394
2024-09-21,0.00860515441448267
2024-09-22,0.0025342465753424664
2024-09-23,-0.07248131024070326
2024-09-24,0.05566087763978264
2024-09-25,0.1817396436279255
2024-09-26,-0.003191757462985431
2024-09-27,0.16985236622435282
2024-09-28,0.0004783105022831049
2024-09-29,0.0025342465753424664
2024-09-30,-0.06332398047802393
2024-10-01,0.19291574965573566
2024-10-02,0.11551036681904323
2024-10-03,0.07153926527790876
2024-10-04,0.0725201563375585
2024-10-05,0.0004783105022831049
2024-10-06,0.0025342465753424664
2024-10-07,-0.05386572332307411
2024-10-08,-0.03757777654622452
2024-10-09,0.1887059413559194
2024-10-10,-0.13294741755938613
2024-10-11,0.08412421234981082
2024-10-12,-0.01054160481823033
2024-10-13,0.0025342465753424664
2024-10-14,0.19285885253788748
2024-10-15,-0.043473341084112674
2024-10-16,0.0323559335619696
2024-10-17,0.01771387924305176
2024-10-18,-0.06367499478328736
2024-10-19,0.002928048623186804
2024-10-20,0.0025342465753424664
2024-10-21,0.06782551519547882
2024-10-22,0.02127523930005197
2024-10-23,0.13369965996413385
2024-10-24,-0.12613457158240599
2024-10-25,0.03362862573297968
2024-10-26,0.08611651879491915
2024-10-27,0.0025342465753424664
2024-10-28,0.14625787988960057
2024-10-29,0.05582646223087091
2024-10-30,0.008918215104426152
2024-10-31,-0.05234055548601866
2024-11-01,0.12133756651709035
2024-11-02,0.00047831050228310467
2024-11-03,0.0025342465753424664
2024-11-04,-0.2203568660245859
2024-11-05,-0.09879006193910031
2024-11-06,0.09855795603758208
2024-11-07,-0.142092295784135
2024-11-08,-0.03387867139065417
2024-11-09,0.0003784246575342465
2024-11-10,0.0023630136986301374
2024-11-11,0.1361396386424368
2024-11-12,0.1258031955714561
2024-11-13,0.10381555367952863
2024-11-14,0.15814975226650918
2024-11-15,-0.16356056937623395
2024-11-16,0.0003784246575342465
2024-11-17,0.0023630136986301374
2024-11-18,0.015385281277090802
2024-11-19,-0.06732195877632266
2024-11-20,0.12654948679832687
2024-11-21,-0.1059055223640738
2024-11-22,0.23863455966960678
2024-11-23,0.0003784246575342465
2024-11-24,0.0023630136986301374
2024-11-25,-0.12705347248591148
2024-11-26,-0.06401000379736076
2024-11-27,-0.18252953199958616
2024-11-28,0.05673406870582976
2024-11-29,-0.13796164237439162
2024-11-30,-0.02482100240132455
2024-12-01,0.0023630136986301374
2024-12-02,0.10022509773496352
2024-12-03,0.04451499827707729
2024-12-04,0.17674692786531881
2024-12-05,-0.11798608167137913
2024-12-06,-0.1270485572499027
2024-12-07,0.0003784246575342465
2024-12-08,0.0023630136986301374
2024-12-09,0.058127292487372834
2024-12-10,0.13159206853204775
2024-12-11,0.006213364385891068
2024-12-12,0.09364767256151857
2024-12-13,0.07097937298871475
2024-12-14,0.01632528685477929
2024-12-15,0.0023630136986301374
2024-12-16,0.12750283388591807
2024-12-17,-0.08753113989095884
2024-12-18,0.07366104233473071
2024-12-19,0.03760461224749606
2024-12-20,-0.10889336286063112
2024-12-21,-0.03784462545974422
2024-12-22,0.0021917808219178085
2024-12-23,0.10712444893327228
2024-12-24,0.07700797594223516
2024-12-25,0.015472214900653584
2024-12-26,0.08502450462498123
2024-12-27,0.033967114288505004
2024-12-28,0.011858667643221653
2024-12-29,0.0021917808219178085
2024-12-30,-0.1210416065749769
2024-12-31,-0.03496718381396053
2025-01-01,0.040358498993157126
2025-01-02,-0.14306494844077572
2025-01-03,-0.015096402457900025
2025-01-04,0.026244928913467993
2025-01-05,0.003493150684931507
2025-01-06,0.10771785697145403
2025-01-07,0.09055548185562044
2025-01-08,-0.040786194946474376
2025-01-09,-0.10209635344829239
2025-01-10,0.04212315933790229
2025-01-11,0.0005376712328767123
2025-01-12,0.003493150684931507
2025-01-13,-0.1591753530735127
2025-01-14,0.010060143343961256
2025-01-15,-0.2674840794325481
2025-01-16,-0.10021132615200876
2025-01-17,0.13023090471260632
2025-01-18,-0.007022233418471575
2025-01-19,0.003493150684931507
2025-01-20,0.020284511047593427
2025-01-21,-0.021240359497352077
2025-01-22,0.0157107488959402
2025-01-23,-0.014406169853657367
2025-01-24,-0.034251291622886273
2025-01-25,0.00038784246575342476
2025-01-26,0.0032363013698630135
2025-01-27,-0.17954497530828006
2025-01-28,0.148386499522126
2025-01-29,-0.10962686312806799
2025-01-30,-0.03952721476207306
2025-01-31,0.04546179190371733
2025-02-01,0.07776016036188967
2025-02-02,0.0032363013698630135
2025-02-03,0.1262727191156207
2025-02-04,-0.06095830973192002
2025-02-05,-0.2204078189434073
2025-02-06,-0.09293274064136292
2025-02-07,0.16826178541078587
2025-02-08,0.11937514640768804
2025-02-09,0.0032363013698630135
2025-02-10,0.13152600646887966
2025-02-11,0.0737895284012838
2025-02-12,0.16458404082941863
2025-02-13,0.10585477573137198
2025-02-14,-0.09797979596090603
2025-02-15,-0.05491444796314149
2025-02-16,0.0032363013698630135
2025-02-17,-0.15264746929978282
2025-02-18,0.1374852325206701
2025-02-19,-0.10678268423322103
2025-02-20,-0.0946093927960035
2025-02-21,0.21214610076238802
2025-02-22,-0.01230904920860347
2025-02-23,0.0032363013698630135
2025-02-24,0.11849654823673884
2025-02-25,-0.14427709368214364
2025-02-26,0.14324673148108735
2025-02-27,0.11453005339856062
2025-02-28,-0.11160503808813782
2025-03-01,0.015651609377405618
2025-03-02,0.0032363013698630135
2025-03-03,-0.12806732739166216
2025-03-04,-0.006559390304600982
2025-03-05,-0.008840230181151383
2025-03-06,-0.1639000297968439
2025-03-07,-0.05526650262075977
2025-03-08,0.00038784246575342476
2025-03-09,0.0032363013698630135
2025-03-10,-0.2885067629671523
2025-03-11,0.18081228457467602
2025-03-12,0.0958524391505724
2025-03-13,-0.13886488047458878
2025-03-14,0.047942843476364745
2025-03-15,0.00038784246575342476
2025-03-16,0.0032363013698630135
2025-03-17,0.06268759599001697
2025-03-18,0.2147679392512289
2025-03-19,-0.03486199173164055
2025-03-20,-0.04523805613066325
2025-03-21,0.06005222163745738
2025-03-22,0.0562961909800658
2025-03-23,0.0032363013698630135
2025-03-24,0.12030361007176804
2025-03-25,-0.09444169441787392
2025-03-26,0.1447306892043953
2025-03-27,0.12178798263683734
2025-03-28,-0.09805639723473565
2025-03-29,0.00038784246575342476
2025-03-30,0.0032363013698630135
2025-03-31,-0.14062464137660055
2025-04-01,-0.1853111134545546
2025-04-02,0.031753203105084615
2025-04-03,-0.04997988355464424
2025-04-04,-0.1326383869498271
2025-04-05,0.00034760273972602747
2025-04-06,0.003595890410958904
2025-04-07,0.050087008744998905
2025-04-08,-0.1773371248469051
2025-04-09,-0.18727633721187664
2025-04-10,-0.2262850255330192
2025-04-11,-0.08538702224576339
2025-04-12,0.023819313066184233
2025-04-13,0.003595890410958904
2025-04-14,-0.3035157687461994
2025-04-15,-0.06457153999567487
2025-04-16,-0.10371672136999804
2025-04-17,0.15952028836895576
2025-04-18,0.026427406477517984
2025-04-19,-0.058265977182064735
2025-04-20,0.003595890410958904
2025-04-21,-0.19305806868669953
2025-04-22,-0.09699038654602746
2025-04-23,-0.2841082730428181
2025-04-24,-0.15096805148521672
2025-04-25,0.15477739319773748
2025-04-26,-0.013682453113832763
2025-04-27,0.003595890410958904
2025-04-28,-0.14791787696583802
2025-04-29,-0.08712877895810361
2025-04-30,0.059575476172352385
2025-05-01,0.15287506989573768
2025-05-02,-0.1681297619023303
2025-05-03,0.000238013698630137
2025-05-04,0.0029794520547945205
2025-05-05,-0.15000862174653756
2025-05-06,-0.07613120959841854
2025-05-07,0.058445535289241846
2025-05-08,0.11412951339478276
2025-05-09,-0.13116917585275942
2025-05-10,0.008807718427284663
2025-05-11,0.0029794520547945205
2025-05-12,0.19982668478064947
2025-05-13,-0.023449153755153364
2025-05-14,-0.19595692087647565
2025-05-15,-0.136984087494681
2025-05-16,-0.056107217131870966
2025-05-17,-0.04376177157583567
2025-05-18,0.0029794520547945205
2025-05-19,-0.12267717188762699
2025-05-20,-0.10755483271276978
2025-05-21,-0.1536709442180837
2025-05-22,-0.0901564425749157
2025-05-23,-0.18205710683960047
2025-05-24,0.000238013698630137
2025-05-25,0.0029794520547945205
2025-05-26,-0.018965290285309817
2025-05-27,0.1530867193396943
2025-05-28,0.15637453254970532
2025-05-29,-0.07550978138267495
2025-05-30,0.043202901316521686
2025-05-31,0.000238013698630137
2025-06-01,0.06018044858743153
2025-06-02,-0.18618513569580888
2025-06-03,0.1493793863841761
2025-06-04,0.09829994235188017
2025-06-05,0.09422811591885055
2025-06-06,0.13845262808421438
2025-06-07,0.00014811643835616468
2025-06-08,0.002825342465753424
2025-06-09,-0.08707135790782315
2025-06-10,0.009983569869037
2025-06-11,0.10994879530105661
2025-06-12,-0.2122182309295568
2025-06-13,-0.0032350169814393814
2025-06-14,0.00014811643835616468
2025-06-15,0.002825342465753424
2025-06-16,-0.07255999248552963
2025-06-17,0.20765315990213257
2025-06-18,-0.15643726762258298
2025-06-19,0.09739125246147612
2025-06-20,0.042200565537063583
2025-06-21,-0.005280235611709823
2025-06-22,0.002825342465753424
2025-06-23,0.19121676555357503
2025-06-24,-0.12404099638363233
2025-06-25,0.10293388089358435
2025-06-26,-0.08498101465078364
2025-06-27,-0.0718505790810825
2025-06-28,-0.0548388541269349
2025-06-29,0.002825342465753424
2025-06-30,-0.14161879414475134
2025-07-01,-0.14424686396195782
2025-07-02,0.03895697445290549
2025-07-03,0.11011085196387543
2025-07-04,-0.1405388829041366
2025-07-05,0.007487348859961055
2025-07-06,0.002825342465753424
2025-07-07,0.1394195024713711
2025-07-08,0.20388134922720133
2025-07-09,-0.028974157140671867
2025-07-10,0.12540341495770593
2025-07-11,0.09098724836138715
2025-07-12,0.00014811643835616468
2025-07-13,0.002825342465753424
2025-07-14,-0.051769025839498155
2025-07-15,0.11951241898467158
2025-07-16,-0.023674361118253422
2025-07-17,0.11450137236336849
2025-07-18,0.04791995950043269
2025-07-19,0.023533659493993626
2025-07-20,0.002825342465753424
2025-07-21,-0.24345280172237638
2025-07-22,-0.05352846757341337
2025-07-23,0.03858736217124223
2025-07-24,-0.04567003721708028
2025-07-25,0.10946162621166719
2025-07-26,0.00014811643835616468
2025-07-27,0.002825342465753424
2025-07-28,0.10552422931197822
2025-07-29,-0.040743403691244115
2025-07-30,-0.07866275476231406
2025-07-31,-0.07138132742585186
2025-08-01,-0.19854647744986995
2025-08-02,0.00014811643835616468
2025-08-03,0.002825342465753424
2025-08-04,0.039139671880027635
2025-08-05,0.17875090521394843
2025-08-06,-0.07757290715626186
2025-08-07,0.03792355897599423
2025-08-08,0.17376393799048057
2025-08-09,0.007677921492838531
2025-08-10,0.002825342465753424
2025-08-11,0.0148484633669025
2025-08-12,0.13821245261669163
2025-08-13,-0.13894889618238643
2025-08-14,-0.03611916805554587
2025-08-15,-0.20592655989291575
2025-08-16,0.00014811643835616468
2025-08-17,0.002825342465753424
2025-08-18,0.08540811295687907
2025-08-19,0.004772452299183098
2025-08-20,-0.0837445405369036
2025-08-21,0.19243555162932688
2025-08-22,-0.011304938288501633
2025-08-23,0.00014811643835616468
2025-08-24,0.002825342465753424
2025-08-25,0.12013976820913914
2025-08-26,0.007896480220154338
2025-08-27,0.10388403704840707
2025-08-28,-0.1661209246340205
2025-08-29,-0.001033211928377499
2025-08-30,0.0062039985533499115
2025-08-31,0.002825342465753424
2025-09-01,-0.0053587512115642316
2025-09-02,0.14541783967631763
2025-09-03,0.04130804931023134
2025-09-04,0.16317017397069616
2025-09-05,-0.16296292074347626
2025-09-06,0.00014811643835616468
2025-09-07,0.002825342465753424
2025-09-08,-0.08370941105280572
2025-09-09,-0.07399781457191726
2025-09-10,-0.014449719575718379
2025-09-11,0.22599675644749923
2025-09-12,0.16695367987947227
2025-09-13,0.00014811643835616468
2025-09-14,0.002825342465753424
2025-09-15,-0.030364752364949156
2025-09-16,-0.08389746888851933
2025-09-17,0.007369670783773924
2025-09-18,0.0921240645194892
2025-09-19,-0.0016200498995075537
2025-09-20,0.00014811643835616468
2025-09-21,0.002825342465753424
2025-09-22,0.09183335473037015
2025-09-23,-0.014953758453676571
2025-09-24,0.11266311246589814
2025-09-25,0.026625485439915136
2025-09-26,0.01620402254909018
2025-09-27,-0.002571919888056968
2025-09-28,0.002825342465753424
2025-09-29,-0.1575109234979769
2025-09-30,-0.15122403417618385
2025-10-01,-0.058972272725247174
2025-10-02,0.03772282243902266
2025-10-03,0.03297542759597732
2025-10-04,-0.0029261083748273638
2025-10-05,0.002825342465753424
2025-10-06,0.22561393440609703
2025-10-07,0.09814122227572092
2025-10-08,0.17707559759877486
2025-10-09,-0.03842363885366805
2025-10-10,-0.09348462839815763
2025-10-11,-0.01287645914396805
2025-10-12,0.002825342465753424
2025-10-13,0.12010132824126792
2025-10-14,0.01953359991803092
2025-10-15,-0.1350171044458067
2025-10-16,0.06256742010674313
2025-10-17,-0.10866599408898356
2025-10-18,0.00014811643835616468
2025-10-19,0.002825342465753424
2025-10-20,0.09269473777425058
2025-10-21,0.19778521952232267
2025-10-22,-0.09151769762684439
2025-10-23,0.06336610270575006
2025-10-24,0.07553277368064965
2025-10-25,0.021523219032085667
2025-10-26,0.002825342465753424
2025-10-27,-0.05537735436560559
2025-10-28,-0.13536117509180612
2025-10-29,-0.00487599720693364
2025-10-30,-0.011672342163031726
2025-10-31,0.11093064177437047
2025-11-01,0.00014811643835616468
2025-11-02,0.002825342465753424
2025-11-03,-0.02541581017430198
2025-11-04,0.05020657674084338
2025-11-05,-0.05110420652493586
2025-11-06,-0.054426991170113986
2025-11-07,0.04214664187174835
2025-11-08,-0.01367650605327634
2025-11-09,0.002825342465753424
2025-11-10,0.0605597752703769
2025-11-11,-0.04731319851471108
2025-11-12,0.1054032461679097
2025-11-13,-0.08868573782327266
2025-11-14,-0.12140454112054753
2025-11-15,0.00014811643835616468
2025-11-16,0.002825342465753424
2025-11-17,0.14298421694166924
2025-11-18,-0.02055632596767326
2025-11-19,0.16934919234439735
2025-11-20,0.1523415501071507
2025-11-21,-0.01639541057809165
2025-11-22,0.00014811643835616468
2025-11-23,0.002825342465753424
2025-11-24,0.07931532771454317
2025-11-25,-0.09807297391820724
2025-11-26,-0.08152414946099287
2025-11-27,-0.04845117637924134
2025-11-28,-0.07522330021872947
2025-11-29,-0.01608493796762088
2025-11-30,0.002825342465753424
2025-12-01,-0.12005198164607328
2025-12-02,0.06340149287499552
2025-12-03,-0.049991728120160506
2025-12-04,-0.02530799334700677
2025-12-05,-0.09789863617520528
2025-12-06,0.00013841324200913272
2025-12-07,0.0023801369863013693
2025-12-08,0.07742643188886729
2025-12-09,0.12134363134897884
2025-12-10,-0.008911226280882426
2025-12-11,-0.01367717874287654
2025-12-12,0.05582299516659284
2025-12-13,0.03568517097241873
2025-12-14,0.0023801369863013693
2025-12-15,-0.0770890436706636
2025-12-16,-0.04749414199109671
2025-12-17,0.0762567006796051
2025-12-18,0.04966895143619234
2025-12-19,0.07165215118434716
2025-12-20,0.028552635229004284
2025-12-21,0.0023801369863013693
2025-12-22,-0.09050963219429785
2025-12-23,-0.1357690718715997
2025-12-24,-0.1284474987879806
2025-12-25,0.045587196406126934
2025-12-26,0.047361968369120086
2025-12-27,-0.007616676967552582
2025-12-28,0.0023801369863013693
2025-12-29,-0.06322472838532718
2025-12-30,0.024854733633250553
2025-12-31,0.0841669805962781
2026-01-01,0.0004562903012872579
2026-01-02,0.01791148622392008
2026-01-03,-0.035435249588071836
2026-01-04,0.004109589041095891
2026-01-05,0.15678196222447777
2026-01-06,-0.15550816265055453
2026-01-07,-0.07316774512385499
2026-01-08,0.14211661683708018
2026-01-09,0.17195595377430928
2026-01-10,0.000683710872260548
2026-01-11,0.004109589041095891
2026-01-12,-0.10340243971269052
2026-01-13,0.019299925238934278
2026-01-14,-0.0706023938782238
2026-01-15,0.14527041724354403
2026-01-16,-0.09144600008455339
2026-01-17,0.049601479141419755
2026-01-18,0.004109589041095891
2026-01-19,-0.1656161789471281
2026-01-20,-0.15356655039501513
2026-01-21,-0.03294719832872885
2026-01-22,-0.01709834918960727
2026-01-23,-0.04572585260583098
2026-01-24,0.0003972602739726029
2026-01-25,0.004109589041095891
2026-01-26,-0.3821908098274013
2026-01-27,-0.06051412637515052
2026-01-28,0.007010252145948297
2026-01-29,0.09315771725884872
2026-01-30,0.2134938845653527
2026-01-31,0.0003972602739726029
2026-02-01,0.0033497431506849316
2026-02-02,0.05033986050623748
2026-02-03,0.07214397211198853
2026-02-04,0.04391534167192944
2026-02-05,0.050012115565959775
2026-02-06,0.0031549984255470447
2026-02-07,0.027275737542014466
2026-02-08,0.002893835616438356
2026-02-09,-0.25473068285564177
2026-02-10,-0.16267305698881446
2026-02-11,-0.18153056174166676
2026-02-12,-0.1782964106339869
2026-02-13,0.29422489129698143
2026-02-14,-0.04095679520779872
2026-02-15,0.002893835616438356
2026-02-16,0.15970083219002698
2026-02-17,-0.004659355495781338
2026-02-18,0.252966816147625
2026-02-19,0.11162362501355376
2026-02-20,0.12610068459203572
2026-02-21,-0.06519055828852417
2026-02-22,0.002893835616438356
2026-02-23,-0.037079731053433596
2026-02-24,0.18293336324067877
2026-02-25,-0.1118155754601719
2026-02-26,-0.0318113963122291
2026-02-27,0.004304046388263387
2026-02-28,0.007944605311098295
2026-03-01,-0.04087585991220331
2026-03-02,0.11240361004201364
2026-03-03,0.10415789381438628
2026-03-04,-0.0021126625267377866
2026-03-05,0.011834777185486008
2026-03-06,-0.0016088108875032961
2026-03-07,0.01664103814644389
2026-03-08,0.004109589041095891
2026-03-09,0.07342399052128444
2026-03-10,-0.18507796897409035
2026-03-11,-0.04749758140948159
2026-03-12,0.015593527451586445
2026-03-13,0.21417890729401787
2026-03-14,0.025285784268857022
2026-03-15,0.004109589041095891
2026-03-16,-0.24425170010132832
2026-03-17,-0.14640222364283184
2026-03-18,0.25117376106371386
2026-03-19,-0.19920990589850723
2026-03-20,0.13588086721401177
2026-03-21,0.0003972602739726029
2026-03-22,0.004109589041095891
2026-03-23,0.12454243604002871
2026-03-24,0.2115091287132381
2026-03-25,0.26590359618669995
2026-03-26,0.17702527217036831
2026-03-27,0.1102178561414911
2026-03-28,0.08972853552942268
2026-03-29,0.004109589041095891
2026-03-30,0.0189946758826608
2026-03-31,-0.05243604923770876
2026-04-01,-0.1338655809293145
2026-04-02,0.20119172843682118
2026-04-03,0.13362876084286657
2026-04-04,0.03234680081966693
2026-04-05,0.00392123287671233
2026-04-06,-0.05392854635747516
2026-04-07,-0.04769828195808531
2026-04-08,-0.12211896026335622
2026-04-09,-0.07298636321203324
2026-04-10,-0.16369330174554705
2026-04-11,0.05301113751421682
2026-04-12,0.00392123287671233
2026-04-13,-0.008351084653729156
2026-04-14,-0.19481102169541573
2026-04-15,-0.02682219113700515
2026-04-16,0.03592937301352936
2026-04-17,-0.22385765438906474
2026-04-18,0.0005373858447488584
2026-04-19,0.00392123287671233
2026-04-20,-0.042017869505178655
2026-04-21,0.1687440680965604
2026-04-22,0.10953552756490431
2026-04-23,0.07116921417671707
2026-04-24,0.04175837754297175
2026-04-25,-0.049723044381282944
2026-04-26,0.00392123287671233
2026-04-27,-0.0957134736102601
2026-04-28,0.1028597304210337
2026-04-29,0.18740141168666716
2026-04-30,0.005691658525147001
2026-05-01,-0.15358629393505596
2026-05-02,0.0005373858447488584
2026-05-03,0.00392123287671233
2026-05-04,-0.004732525749699007
2026-05-05,0.02773989039749821
2026-05-06,-0.2384676691946958
2026-05-07,-0.13542554354261396
2026-05-08,-0.030023004583275628
2026-05-09,0.0007876243336972517
2026-05-10,0.00392123287671233
2026-05-11,0.06308487536625053
2026-05-12,0.0750317571621381
2026-05-13,0.06783317905519565
2026-05-14,0.11563012863709131
2026-05-15,0.1292270657779809
2026-05-16,0.012315157988557554
2026-05-17,0.00392123287671233
2026-05-18,0.026779811536135435
2026-05-19,0.12246360262848559
2026-05-20,-0.07097505385927454
2026-05-21,0.17940830203365427
2026-05-22,0.057591404480706807
2026-05-23,0.014356597827898113
2026-05-24,0.00392123287671233
2026-05-25,-0.17148275328889262
2026-05-26,0.12063917684144443
2026-05-27,0.09968429350939728
2026-05-28,0.09550170760749498
2026-05-29,-0.028398180347847038
2026-05-30,0.005974397045682436
2026-05-31,0.00392123287671233
2026-06-01,0.18237764092899209
2026-06-02,-0.06346974526583915
2026-06-03,0.13380532061049977
2026-06-04,-0.10740668578282256
2026-06-05,-0.007854737919822809
2026-06-06,0.0005373858447488584
2026-06-07,0.00392123287671233
2026-06-08,-0.012200223025085555
2026-06-09,-0.09686372527062898
2026-06-10,-0.022827250302056477
2026-06-11,0.020597438251080596
2026-06-12,0.0738490955167565
2026-06-13,0.001404321237190591
2026-06-14,0.00392123287671233
2026-06-15,-0.1637777298544178
2026-06-16,0.10222892494792898
2026-06-17,-0.01595618516222292
2026-06-18,0.09160324699440417
2026-06-19,0.10125654203233425
2026-06-20,0.0005373858447488584
2026-06-21,0.00392123287671233
2026-06-22,0.09512495252516306
2026-06-23,0.0801128661498054
2026-06-24,0.12022385419099095
2026-06-25,-0.10950966004984758
2026-06-26,-0.10504455282105918
2026-06-27,-0.0011105872501777215
2026-06-28,0.00392123287671233
2026-06-29,0.01680466165781103
2026-06-30,0.1415182968758892
