datetime,trial_id,layers,dropout,batch_norm,lr,weight_decay,target,feature_set,epochs,search_eras,corr_mean,corr_std,bmc_mean,bmc_std,sharpe,elapsed_sec
2026-10-03T18:37:12.038351,1,"[128, 64]",0.2,True,0.001,0.0,target,small,50,426,0.015724,0.012414,-0.004648,0.010193,1.2666,187.7
2026-10-03T18:41:00.541052,2,"[256, 128]",0.2,True,0.001,0.0,target,small,50,426,0.01415,0.012652,0.002014,0.010599,1.1183,227.9
2026-10-03T18:44:33.799091,3,"[256, 128, 64]",0.2,True,0.001,0.0,target,small,50,426,0.016633,0.011462,0.000567,0.009816,1.4511,212.4
2026-10-03T18:48:03.931299,4,"[512, 256, 128]",0.2,True,0.001,0.0,target,small,50,426,0.011394,0.012573,0.000434,0.010429,0.9062,210.0
2026-10-03T18:52:03.034483,5,"[128, 64]",0.0,True,0.001,0.0,target,small,50,426,0.010088,0.012978,0.003197,0.011219,0.7773,237.4
2026-10-03T18:56:07.942093,6,"[256, 128]",0.0,True,0.001,0.0,target,small,50,426,0.00606,0.0133,-0.002274,0.011791,0.4556,244.9
2026-10-03T19:00:58.987779,7,"[256, 128, 64]",0.0,True,0.001,0.0,target,small,50,426,0.00744,0.012306,0.001548,0.010705,0.6046,290.6
2026-10-03T19:04:35.432028,8,"[128, 64]",0.3,True,0.001,0.0,target,small,50,426,0.016558,0.013986,-0.004761,0.011006,1.1839,215.9
2026-10-03T19:09:06.579763,9,"[256, 128]",0.3,True,0.001,0.0,target,small,50,426,0.016672,0.013361,-0.001056,0.011069,1.2478,271.1
2026-10-03T19:13:21.355578,10,"[256, 128, 64]",0.3,True,0.001,0.0,target,small,50,426,0.017838,0.014591,-0.00286,0.011816,1.2225,254.4
2026-10-03T19:16:28.068598,11,"[128, 64]",0.2,False,0.001,0.0,target,small,50,426,0.016924,0.013819,0.000309,0.011104,1.2247,186.5
2026-10-03T19:19:55.338438,12,"[256, 128]",0.2,False,0.001,0.0,target,small,50,426,0.012972,0.01304,-0.00013,0.010783,0.9948,207.2
2026-10-03T19:23:20.443916,13,"[256, 128, 64]",0.2,False,0.001,0.0,target,small,50,426,0.010321,0.012871,0.000151,0.011169,0.8019,204.9
2026-10-03T19:26:33.061484,14,"[256, 128]",0.2,True,0.0005,0.0,target,small,50,426,0.01215,0.013109,-0.000137,0.011376,0.9269,192.5
2026-10-03T19:30:11.609447,15,"[256, 128, 64]",0.2,True,0.0005,0.0,target,small,50,426,0.017492,0.013188,-0.001023,0.010965,1.3264,218.4
2026-10-03T19:33:44.573700,16,"[256, 128]",0.2,True,0.001,0.0001,target,small,50,426,0.012284,0.011834,0.002242,0.010299,1.0381,212.8
2026-10-03T19:37:20.681491,17,"[256, 128, 64]",0.2,True,0.001,0.0001,target,small,50,426,0.015175,0.013461,-0.000566,0.011224,1.1273,215.9
2026-10-03T19:40:42.445836,18,"[256, 128, 64]",0.2,True,0.001,0.0,target_ender_60,small,50,426,0.016633,0.011462,0.000567,0.009816,1.4511,201.6
2026-10-03T19:51:18.413925,19,"[256, 128]",0.2,True,0.001,0.0,target,medium,50,426,0.000607,0.012201,0.000617,0.01087,0.0497,554.2
2026-10-03T20:01:38.128420,20,"[256, 128, 64]",0.2,True,0.001,0.0,target,medium,50,426,,,0.0,0.0,,615.7
