期間,間引き開始,ender_CORR,xerxes_CORR,ender_BMC,xerxes_BMC,BMC差,BMC差÷SE,CORR差÷SE
全体,0,0.017596975150328053,0.018010251486884305,-0.0010160316420058306,0.0004977983648318513,0.001513830006837682,3.5395102198784736,0.864359670113285
全体,1,0.017357263208866408,0.01783406116607702,-0.0013569291200879192,0.0004249425907194669,0.001781871710807386,3.9606405805285756,0.8983711640886987
全体,2,0.017539286944790494,0.018254264503951047,-0.0010219348225201002,0.0010606454819166774,0.002082580304436777,5.334363588735631,1.5974450681303942
全体,3,0.01694468029953779,0.017077878500058596,-0.0013976786072543812,-0.00017050883314771256,0.0012271697741066685,3.0159810885383598,0.304459690968849
全体,avg,0.017963737369859244,0.01815883633237112,-0.0012027333214966248,0.00046744164437509844,0.0016701749658717233,4.421218115747095,0.4628254399968191
直近214（参考）,0,0.011691432118875649,0.011657884663977576,-0.0004221883411289977,0.00015283651952705278,0.0005750248606560504,0.8700436516515587,-0.04504552859311874
直近214（参考）,1,0.012332789910387278,0.011451810418855679,-0.0003446870383069732,-7.54051476873745e-05,0.0002692818906195987,0.4059948946275955,-1.004044367360684
直近214（参考）,2,0.011821537777008739,0.011793162086083853,-0.0005091788611643976,0.000630760279316603,0.0011399391404810003,2.1366381303198025,-0.041886346466014905
直近214（参考）,3,0.011626769060795702,0.011043547192684366,-0.0003299587712938184,-9.006615777625574e-05,0.00023989261351756253,0.4890019088113712,-0.9229502048898025
直近214（参考）,avg,0.012291763121043173,0.011717566345637203,-0.0003850285956355919,0.00015385701568758697,0.0005388856113231786,1.057740634001819,-0.8615080495217043
