sym,year,n_days,VR2,VR5,VR10,VR20,z2,z5,z10,z20
EURUSD,2008,261,1.1044325045640797,1.247294327314436,1.3601029881203872,1.5177882455913327,1.3234053048827554,1.3878842968591771,1.3234989453810273,1.3320177191335063
EURUSD,2009,261,0.9935581497251664,0.8811724617123663,0.9152274084155468,0.8711826726171079,-0.09968854877403573,-0.8600382743493321,-0.3912839536206551,-0.39823236285720925
EURUSD,2010,261,1.0160254893335234,0.9634376775723518,1.1089085094291158,1.5541642800738138,0.23781977454481046,-0.2553072374982944,0.5055011573242246,1.7542307867326108
EURUSD,2011,260,0.9992956850121432,0.9047590920266674,0.8651704203327107,0.7833919102298462,-0.01056258988882554,-0.6603841761773257,-0.6214225115453654,-0.690994673500983
EURUSD,2012,261,1.0199587282284037,1.0619639134552845,1.0759558175339663,1.0839676005818073,0.32693377659988315,0.46275774210997794,0.36002918882338764,0.2711135737334927
EURUSD,2013,261,0.8646518366339024,0.8741813603302765,0.93991141431553,0.8194113293718019,-2.1765705427283777,-0.9769198326113464,-0.2943329339011128,-0.6011084230197601
EURUSD,2014,261,0.8041937327223146,0.6974253927887146,0.6126876314604701,0.6080467010635362,-2.7278332685572186,-1.973799355433925,-1.6371806517700096,-1.1192590568900278
EURUSD,2015,261,1.0270709797574789,1.039721791634201,1.0546458589081964,0.896863816992064,0.39116346432923843,0.26918991325623076,0.24535012868034523,-0.3248585060468121
EURUSD,2016,260,1.003504588794199,1.0353337419373223,1.03151099270577,0.7096620530714715,0.06139066441594292,0.2725074507233993,0.15439557486850033,-0.9729253348170604
EURUSD,2017,260,0.9087085767913636,0.7877479829063223,0.8376471099065187,0.7445907719722974,-1.607694257776459,-1.6996199203937334,-0.8314733602518621,-0.8750461248497287
EURUSD,2018,261,0.9952378659730984,0.8949938812555519,0.792916844464099,0.6959648236290482,-0.07925355508140322,-0.8171941584660055,-1.0457044428098954,-1.026868323326141
EURUSD,2019,261,0.9577686353054996,0.909859917481258,0.5960602554741409,0.42359655802527807,-0.6239085243141932,-0.635586308325114,-1.8782238508010214,-1.8814327567231974
EURUSD,2020,262,1.1187015699099374,1.2705810946374407,1.1090323595274671,1.007787739719437,1.6710481099663534,1.5674231051143255,0.39895097611029406,0.019568897460561337
EURUSD,2021,260,0.9150894040230693,0.8606797448592346,0.8824524123295592,0.9051475410898495,-1.3141588236056319,-1.024656373883846,-0.5643636218529926,-0.30981843369401885
EURUSD,2022,260,1.0769787922501093,1.0842403060609636,0.9768327623357811,1.015358550803416,1.1560047204601591,0.5883836865321121,-0.10300015388461324,0.046318909463547185
EURUSD,2023,260,0.968073502016168,0.8320253389585562,0.8762961052948495,0.8815095817700034,-0.47585753775716305,-1.1774669797290254,-0.5799971200446791,-0.39011748041222455
EURUSD,2024,262,0.9275403189553921,0.8699398195623007,0.9132250034325456,0.9064109319880996,-1.036735999263831,-0.8625674564663807,-0.3924825007419164,-0.29706179568699403
EURUSD,2025,261,0.9992444800366427,0.8900901558837959,0.8362251533508115,0.7523348193825938,-0.009642631952053357,-0.6849153174191356,-0.6678514475330227,-0.7046213700605383
GBPUSD,2008,261,1.1050802326445293,1.1881507856743667,1.1149762741510907,1.1893440904674082,1.2401000314779578,1.0527336199790367,0.4044198283798129,0.44966352703356804
GBPUSD,2009,261,1.0690081897056736,0.9883288278352712,0.896053794411583,0.729192183745548,0.9483827778781575,-0.08088430598438251,-0.46649855994483225,-0.8208790047136338
GBPUSD,2010,261,0.9338062333042001,0.9202819183994927,1.0492907491465802,1.202471118707392,-1.0666426931454778,-0.5892893033296777,0.23552194352635714,0.6512428169912805
GBPUSD,2011,260,0.9422366111659426,0.854515217461057,0.8103162715423283,0.8856835069750155,-1.0340055709192184,-1.1307365197379549,-0.9436086320479061,-0.3867876003835752
GBPUSD,2012,261,1.031198479326971,0.9614493552350593,0.9911751739975049,0.947561088103496,0.5582728687272978,-0.295292542217947,-0.041742831134355,-0.1650429267133639
GBPUSD,2013,261,0.927219773229063,0.9735491276626951,1.1687158888683384,1.134555555453177,-1.1369679670132538,-0.19203465767394812,0.7809350720025688,0.4262844458725877
GBPUSD,2014,261,0.8885119180988593,0.8496250785986891,0.8012979597044813,0.8678883522376728,-1.561978795927445,-0.9654098680414037,-0.8651352624318833,-0.39465930694470325
GBPUSD,2015,261,1.0118694816715623,1.0654768937441237,1.0081581027028634,0.80643592136752,0.18057758479226174,0.46036879685087495,0.037940834633380965,-0.626772485886918
GBPUSD,2016,260,1.1281186440607986,1.1346092487282449,1.0504720590134422,0.946371058697141,0.9392356594199703,0.5479231976660213,0.15252396473767643,-0.12298712609202443
GBPUSD,2017,260,0.8631294138026943,0.801517854909218,0.8255959085268034,0.669619929835694,-1.649934873050337,-1.2504350156215893,-0.7614345981616538,-1.0196081123069567
GBPUSD,2018,261,0.9758733697203953,0.963086525096376,1.0002865449168634,0.8049076434690554,-0.41621853162067496,-0.26834032686781106,0.0013561849981926356,-0.620193511496607
GBPUSD,2019,261,0.9923777719887389,1.0358498178292352,1.0318514872786237,0.8281588163716523,-0.08761979982249972,0.20472609380935802,0.132299974182489,-0.5288024625397875
GBPUSD,2020,262,1.1484989920630257,1.4467246132647114,1.2948555868322382,1.0311886754591233,1.5767776972108338,2.2088279642642483,0.930916541103342,0.0704572122484987
GBPUSD,2021,260,0.9595091962095531,0.789263402927051,0.7574455834470722,0.738371620245807,-0.654884888588806,-1.5659058027413384,-1.1614450434674153,-0.8661528209544384
GBPUSD,2022,260,1.05329698970562,1.0278839592439626,0.8774125861896456,0.9798044098558227,0.6896632111595395,0.1646990145628801,-0.45605472741900677,-0.0516474464502345
GBPUSD,2023,260,0.9947222257998616,0.824386586613763,0.8710233995310562,0.8827316274784972,-0.07531111287256,-1.2113820388905678,-0.6030163271473474,-0.3804367972202126
GBPUSD,2024,262,0.9167140427494054,0.9599431516026488,1.0952958862525524,0.8840642368704941,-1.2367525193424973,-0.273592474355071,0.43500407135830893,-0.3706724660629754
GBPUSD,2025,261,1.0286700908414197,0.9460392314867875,0.8047561156562755,0.7366316455985953,0.4194300381686766,-0.37154192287758353,-0.8817263577934581,-0.8302651367840798
AUDUSD,2008,260,0.929847710333601,0.8658311227503805,0.8340600424972178,0.8835447165408081,-0.6586395559317899,-0.5231923803842871,-0.422059228809435,-0.20625682301132672
AUDUSD,2009,260,0.9482826596278217,0.8198350823344107,0.8130254394010595,0.776154184603524,-0.8408635678287304,-1.2869362702217444,-0.8480043277274261,-0.6845644615806021
AUDUSD,2010,261,1.003652666295159,1.1283005731979834,1.0813631710203608,1.224621085820827,0.04961136306937348,0.7997278537863367,0.3333330853691273,0.6320096494598854
AUDUSD,2011,260,1.000081103968848,1.0745721381123907,1.0839390691025461,0.9036808179277522,0.001323742310801979,0.47456577984326,0.34409965464421466,-0.2746558289904284
AUDUSD,2012,261,0.9424762277049509,0.8774959469574023,0.97541101559992,1.1443917171961346,-1.0085440731555493,-0.9491076198344081,-0.11993526602375858,0.4647031270483733
AUDUSD,2013,261,0.9941058339787426,0.9342029334476617,0.9136740648451774,1.0650938375438224,-0.08172912451748308,-0.4276129277725102,-0.3713267681274538,0.18883561498433973
AUDUSD,2014,261,0.8934393206029831,0.8512756435017574,1.012091187537789,1.2302412110697591,-1.6686562367878737,-1.0285628707042183,0.05410096011554535,0.7102925957263021
AUDUSD,2015,261,0.9618870588684212,0.930558395747926,0.9584170136990304,0.71455375546353,-0.6031392589694138,-0.49924077627342833,-0.19418342683957884,-0.9156504803552151
AUDUSD,2016,260,0.9145355835419106,0.9117560028116536,0.9169156623001847,0.9038373118746774,-1.4772820758554934,-0.6582865805643358,-0.3952343958218118,-0.31238063037351677
AUDUSD,2017,260,0.9729864570570359,1.0796274658116691,1.1086167851886264,1.1105350002125216,-0.4435828263046815,0.5841894258884273,0.5180269030720746,0.3655878179436795
AUDUSD,2018,261,0.9787026996986602,0.9343635930610931,0.8172826185422993,0.5566915763490682,-0.37838972486037253,-0.5318824969737811,-0.9301962370080834,-1.5017670227924398
AUDUSD,2019,261,0.9674730281605309,0.9236266449102433,0.83278282460386,0.6992937998357058,-0.4154894769874065,-0.4714767540685469,-0.7255800320757287,-0.9468978338429554
AUDUSD,2020,262,1.16844210307753,1.4969890128880217,1.4412313617132795,1.5736979529235722,2.0128130893481706,2.6899667797054825,1.5304458729609547,1.3784521129075518
AUDUSD,2021,260,0.9459996728199606,0.7797445063027684,0.7762760463916465,0.7107234742727949,-0.7798367736284154,-1.5069232413002385,-1.0217147382155018,-0.9264676643828106
AUDUSD,2022,260,0.9699631803936883,0.8318715428392963,0.7978471051549404,0.9927343096385042,-0.472474830037744,-1.1886922260017658,-0.9202507206678338,-0.0225289739264349
AUDUSD,2023,260,0.9887025423907145,0.8981831428897178,0.8577739859500905,0.7169185549659562,-0.17631064433548782,-0.7271588437117159,-0.6874367734267649,-0.9482309280724005
AUDUSD,2024,262,0.8439455753365036,0.8930042854678705,0.9311655136807566,0.8410442462889266,-2.122074464949893,-0.7110089634668133,-0.31633051078713864,-0.515442269221353
AUDUSD,2025,261,0.9759766786150289,0.8500561492093495,0.555590545046826,0.39453715314953847,-0.26940228259181576,-0.7088220704449701,-1.3429869928022171,-1.402369611532468
USDJPY,2008,238,0.8381105094985072,0.694599795536909,0.5701887388904616,0.6959000158225553,-2.077200208396859,-1.6622757442049956,-1.5425342171191372,-0.7546332445625018
USDJPY,2009,261,1.038645742442835,0.8891248117583255,0.8846919434588337,0.8622979834734253,0.5403779024842185,-0.7481741856772648,-0.5187918209219129,-0.4309840370035489
USDJPY,2010,261,1.019145301477963,0.8685183116477837,0.793799352571676,0.8213822007106752,0.32652267044829214,-0.9548576802279793,-0.9987715356691844,-0.5944608124897471
USDJPY,2011,260,1.0072235938566698,1.0038204190777433,0.9359699266739355,0.6460103955803437,0.1093124577799047,0.025519946818569735,-0.2851785009506064,-1.140158410276472
USDJPY,2012,261,0.9153917091291749,0.9604945289203729,0.9839651281380544,1.2608743322766747,-1.1455998817254147,-0.25647594860263895,-0.06867058503433736,0.7733025218409986
USDJPY,2013,261,0.9888175770079765,0.9193907776846009,0.8924330801383975,0.7323932757882963,-0.1708820926784291,-0.5527670202710557,-0.47596224629442296,-0.8104634051330845
USDJPY,2014,261,1.014886157224373,1.1341935561750205,1.21592968834813,1.536109826917115,0.1674686941578116,0.7365631137246784,0.8074240838598202,1.4463871926742407
USDJPY,2015,261,1.0030370936491149,0.859306888349767,0.7755905571256406,0.708221613834474,0.038526955676653665,-0.8202153992771806,-0.8858755799212895,-0.8324515791420964
USDJPY,2016,260,1.0419208907613187,1.1743436307807613,1.2560900170491316,1.2968627748112462,0.655794718281362,1.291862270456375,1.2284275276096233,0.9627316407814058
USDJPY,2017,260,0.8732992252388883,0.8085435302317759,0.8571076232230707,0.7892344083973164,-1.7909029243470123,-1.2896257892294025,-0.6276666317364596,-0.6321605423493766
USDJPY,2018,261,0.9579878154916186,0.9536345700489951,0.8121419555104465,0.8742166546667645,-0.7327738635745887,-0.35687846904920684,-0.9075312143110449,-0.4114578336666631
USDJPY,2019,261,0.9628498676173783,0.8419422054814842,0.7203643334134532,0.6592499684372785,-0.5264387691587754,-1.0558999028208447,-1.2918368569099399,-1.0934319157446264
USDJPY,2020,262,0.9095404442087291,1.0188801886787782,0.821907925361658,0.35217852734964306,-0.8187534875278226,0.07915530306996658,-0.46246875811990046,-1.193769082637974
USDJPY,2021,260,1.0387530672721546,0.9661102953257141,0.864624253779891,0.8612654431193246,0.623650496061108,-0.25160027704661325,-0.6368037112830872,-0.4408541224839187
USDJPY,2022,260,0.9764627229827518,0.9514373310808957,1.0898673221653898,1.386893244816593,-0.3170861778265626,-0.3107320000813556,0.3861198300582565,1.1547017750690098
USDJPY,2023,260,1.0907439855323346,0.9090921331327385,0.9807998713261502,0.9899136610933251,1.338477790819307,-0.6185325787616283,-0.08624290166190858,-0.03177122928067748
USDJPY,2024,262,0.9839656895091115,1.0692804039281019,1.2257178262751474,1.4660853949597907,-0.23479673907941973,0.44875809557900237,0.961115883106154,1.3964043690574923
USDJPY,2025,261,0.921504031484811,0.7718299865429837,0.6531270043962948,0.700808620931715,-1.1198122607196286,-1.515203572967438,-1.523156748859179,-0.9119061374853725
USDCHF,2008,261,1.0325719654681333,1.109201269001794,1.2746671978816224,1.342471031361355,0.3661315734697725,0.6045529443825193,1.072665803130879,0.9788639532488042
USDCHF,2009,261,0.9292978761815653,0.7129957668009516,0.5998014926807338,0.597766804721384,-1.0099450709039925,-2.0398617541817723,-1.8376415412384965,-1.2662977793722308
USDCHF,2010,261,1.0044092911893705,0.9401047071635982,1.174026332900816,1.6779563707151803,0.07257399825358275,-0.44517918252736627,0.8479388326723787,2.238372072104682
USDCHF,2011,260,1.0672958457356752,1.0761317353815145,1.0594400649764355,1.2164942971240638,1.2206013694887499,0.4588251361094207,0.23347425964508928,0.6122608180028624
USDCHF,2012,261,1.0046752741819256,1.020663368960907,1.0275922843731093,0.9873710085668986,0.07326555637897668,0.14847892375177335,0.12669437176612874,-0.03968486725057167
USDCHF,2013,261,0.897333400061969,0.9159953814365034,1.0211823444465429,0.8149969034006342,-1.4934572600540557,-0.602871484164063,0.09813699167837489,-0.5847431204639476
USDCHF,2014,261,0.8610972404221126,0.7534644996344848,0.6433555850041344,0.615916454228802,-2.0099055631776332,-1.696594395873249,-1.5981263068181093,-1.1569879549765767
USDCHF,2015,261,1.011753567949111,0.9538451759705601,0.8513177577199251,0.43466967016224234,0.475318222180381,-0.3267300430724616,-0.667744235590221,-1.83750825802414
USDCHF,2016,260,1.102402201783244,1.2478387220421019,1.1440295260913764,0.8079710920551485,1.783975088040488,1.9513057648394596,0.7146870100447043,-0.6484662353930154
USDCHF,2017,260,0.9470549569074774,0.8516116012542958,0.7785006938327702,0.6355580833073065,-0.8852682795811148,-1.1017343925458445,-1.066118021894959,-1.1932357382655956
USDCHF,2018,261,0.9966064919375197,0.9957126514193977,1.1180731159872739,1.4027486796488244,-0.05409751329615041,-0.03090400841870639,0.5417615744553365,1.2663298278659527
USDCHF,2019,261,1.0490025670802154,1.0162493426066623,0.7879416380846838,0.7402991572937164,0.6402389283557338,0.10723021378232457,-0.9489860323082893,-0.8078256989543796
USDCHF,2020,262,1.0817636559617843,1.1531099005744239,0.9361644764567285,0.7177419604755626,0.9794507154753442,0.8537594358503103,-0.23722115323402215,-0.727118924921441
USDCHF,2021,260,0.9411678640893637,0.9588895128397744,0.9587435698057842,0.9630416550593046,-0.9430748013814416,-0.31229789558403287,-0.20509073692055926,-0.12362158505297828
USDCHF,2022,260,1.1276892558686884,1.223829951954354,1.2629113280051931,1.0492344718258042,1.6741490521003268,1.4560071191671173,1.1234220307192504,0.14734671165569044
USDCHF,2023,260,1.0272696722687655,0.8567300750989038,0.955219283948086,0.959855734397955,0.4233261079343811,-0.971166729237137,-0.19794551523095077,-0.126460473260845
USDCHF,2024,262,0.9605005384089385,0.9505978217977062,0.9452324531553421,1.036563123326185,-0.6453836117203973,-0.36502173974572294,-0.26569672196168154,0.12080329163983757
USDCHF,2025,261,0.9364306865406576,0.8809459434292665,0.87398879545121,0.8152889333293991,-0.7285677140222095,-0.6299936556181738,-0.438936559125105,-0.4544142607551779
USDCAD,2008,261,1.1308567663332805,1.2454784581975886,1.2329257903254425,1.0747080944140481,1.2851745413015996,1.1474936609622153,0.7197842813140439,0.1597157631162235
USDCAD,2009,261,0.9594607073556698,0.9951104398584427,0.9978272843492219,0.8196641948819109,-0.7215178117736865,-0.03753264147928888,-0.010529978851525026,-0.5878285645063825
USDCAD,2010,261,0.9779195429672263,0.8975736326827647,0.7282238425265792,0.5590928011313824,-0.4029235150281045,-0.7343820776280183,-1.210964947539766,-1.3173247619637833
USDCAD,2011,260,0.9158972030728665,0.9304820437278277,0.8925400607574161,0.7736809927955752,-1.2963540430432667,-0.45761131799000165,-0.44996089537109984,-0.6480601207089332
USDCAD,2012,261,0.9015886255459665,0.7454444688668995,0.7848524315604065,0.9004223871477306,-1.460902957010604,-1.7427725740055005,-0.9702190158791806,-0.311728343884089
USDCAD,2013,261,1.0208659998051495,1.1278995241052276,1.1892526676376303,0.7900973266069723,0.32176924115017325,0.9273148458638779,0.8890317970631734,-0.6671256531467761
USDCAD,2014,261,0.94633470897126,0.9335881750876595,0.9111722011203568,0.8621294783572301,-0.868308475351725,-0.49783963635758405,-0.42199319335602314,-0.43836552534232304
USDCAD,2015,261,0.9816009318869385,1.0052817205044493,1.0989877590561345,1.1408889592818827,-0.24736247290770771,0.034641878197084836,0.4412927058372885,0.4348051241481478
USDCAD,2016,260,1.0465815718593692,1.0456139550085932,0.8956379206516831,0.8583003223188443,0.6823069043910004,0.3160684934371088,-0.4762442421218857,-0.43928276989519754
USDCAD,2017,260,1.0141560996060996,1.0980743721479078,1.2090727019775251,1.3311182115045734,0.20970348592625804,0.7138299697203921,1.0037198383761188,1.0949296897683904
USDCAD,2018,261,1.0316270400165444,0.926837311006241,0.8172190092624803,0.7639309314320955,0.5051767715733785,-0.5605011698102917,-0.9152771535546584,-0.7905660702481515
USDCAD,2019,261,1.0486660954017188,1.0109035618878381,0.7394519250707393,0.7385264713955955,0.7521444706358321,0.07935239610869503,-1.2487475078111694,-0.8637238745174641
USDCAD,2020,262,1.0154960078745832,1.0355021220650216,1.1160555668114445,1.2110522585699732,0.18082369610571755,0.18881709179946135,0.39942396682658665,0.5067185530294342
USDCAD,2021,260,0.9999032920617743,0.7849634811609089,0.8007560273349505,0.9072696704752281,-0.0015945221614504792,-1.562202600392622,-0.9492707320661294,-0.3041196013395148
USDCAD,2022,260,0.9383017015575329,0.849049823676126,0.8182893083814106,0.7991702593356608,-0.9414099458562066,-1.0399965689861417,-0.8190346233170666,-0.6232237435742919
USDCAD,2023,260,1.0407691345384578,0.9985484676447574,0.9682960427260194,0.9754979063353046,0.580513724841869,-0.010007914785803705,-0.14794892213093822,-0.08014140511727852
USDCAD,2024,262,0.9265784836759243,0.8048538024852799,0.8115824033572357,0.7806464919163527,-1.0676699651118131,-1.3918121433022703,-0.9089264471599056,-0.7198565696498866
USDCAD,2025,261,1.041398122378041,0.8879243324541123,0.8262973826961798,0.8581456351926784,0.5157237484440628,-0.6721232188257706,-0.6946057171238094,-0.4080630404900608
EURJPY,2008,261,0.9106718885444262,0.8431149861936221,0.7751243907888925,0.8738527166886857,-0.9900193079555255,-0.7301990847676526,-0.6684668668108934,-0.25553834260949515
EURJPY,2009,261,0.9429074869852004,0.8567025710337993,0.8018765710848792,0.6762143541387673,-0.855973006881741,-1.0012981225272457,-0.9030023958327124,-1.0136348468615934
EURJPY,2010,261,0.9437713591047519,0.8324075166655399,0.8635058230179021,1.031900508338507,-0.7685816871515326,-1.1146487226826645,-0.6035482050073138,0.09448223815587367
EURJPY,2011,260,0.9752297401785155,0.9194150976498606,0.9026599279854488,0.8395882189990514,-0.33884134776152375,-0.5142789070692185,-0.4298357711827806,-0.5003308553249239
EURJPY,2012,261,1.0048041116938409,1.135799767624262,1.2308020320619988,1.4159715203658696,0.0790146674973524,1.0366671560559448,1.121244123223225,1.3734355063423775
EURJPY,2013,261,0.9525054583616395,0.887103110407823,0.8091748147855561,0.6166159507363804,-0.6314999081650456,-0.6939091920878057,-0.7788578128297963,-1.0646366428847047
EURJPY,2014,261,1.023772863830102,0.9848299653320873,1.0408554328050008,1.2584973468546505,0.3317558641444737,-0.09790281365893026,0.173734522566008,0.7538480539007844
EURJPY,2015,261,1.008981374977899,1.034137940270721,1.1406572736322982,0.9770885410224763,0.12170905008403465,0.2284288086685531,0.620785453620711,-0.06915281111482083
EURJPY,2016,260,1.0004897569687732,0.8954312473732611,0.9599857859981835,0.941681338021343,0.006780946421215313,-0.6593520405634281,-0.16772987081736238,-0.16423053583223926
EURJPY,2017,260,1.0256715592014927,1.0144501308237555,1.1378869425504414,1.1360504085317968,0.36143644774691674,0.10318338987193124,0.6601794392575254,0.4471328428302682
EURJPY,2018,261,0.921279736611147,0.8945831051215579,0.8319299314532935,0.6730500410217335,-1.204976205402931,-0.724445237303887,-0.760526525836749,-1.0359193000455653
EURJPY,2019,261,0.9581933282307916,0.7607628741071296,0.6541015356394546,0.5974082718612044,-0.441116902842324,-1.317131320292006,-1.4291765853983949,-1.3066209720155153
EURJPY,2020,262,0.9634366374773572,0.9186512162949096,0.8146687884157677,0.8144343006785987,-0.46383417012955863,-0.4923969882956427,-0.7510394295369606,-0.5213675411091051
EURJPY,2021,260,0.9408791156930858,0.9229423353200514,0.9224513601227546,1.0337998449408836,-0.9217434480811542,-0.5420793470810984,-0.358885227945287,0.10821110734084187
EURJPY,2022,260,0.9814582256269864,1.0199057601981256,0.9342825702583314,0.7733964632266841,-0.3272734296801529,0.15134005359157476,-0.31791286798492946,-0.756575805074863
EURJPY,2023,260,0.9105792440277087,0.7544658879318404,0.7292954654308659,0.6847025993058987,-1.1493347549268635,-1.569641204654078,-1.1753980497243794,-0.9792345770892167
EURJPY,2024,262,0.9841015832319312,1.0481704729987735,1.224740588278168,1.2750863016545175,-0.23156904540153403,0.3255225468076066,0.9727129279631599,0.836819006531224
EURJPY,2025,261,1.0112287988669384,0.781021510220622,0.6376247298740505,0.6534300066860472,0.1602117955998389,-1.468696846805427,-1.579037395039325,-1.0424940218833243
GBPJPY,2008,261,0.9265594488605495,0.8503178448607542,0.705719949046804,0.8474583257359658,-0.7591499378084936,-0.7070988043404625,-0.8964869156486174,-0.31806580042486005
GBPJPY,2009,261,1.011720083093513,0.9433221391882639,0.8741533622176842,0.6780254462552279,0.1673318798501968,-0.39298347614841306,-0.5704068512825703,-1.0009554543388097
GBPJPY,2010,261,0.9671997145497157,0.8529729102427863,0.8977059686304029,0.878217573623007,-0.5863663118748478,-1.1145054599046669,-0.4844099226180371,-0.38021675253154974
GBPJPY,2011,260,1.0069482181175258,0.937350836219203,0.8653192408758459,0.7559852074065124,0.09015444042851621,-0.37802092182106417,-0.5631744793148692,-0.7305762760261605
GBPJPY,2012,261,0.982528339343298,0.9964572677425296,0.9866189800369964,1.142385684197713,-0.26606645354278297,-0.02590983070598248,-0.06253873839542391,0.4473181858203633
GBPJPY,2013,261,1.0390235605528173,0.9241089161474404,0.8130945009532676,0.684098779919437,0.4879214255300949,-0.4699878040986564,-0.7865218426186686,-0.9375528579015598
GBPJPY,2014,261,1.0783683037275653,1.025602761242826,1.0042928266808007,0.8961035142066369,0.9334369657458288,0.15458671318279776,0.017570396983016476,-0.29332050273685045
GBPJPY,2015,261,1.0607100418068545,1.0906951120158999,1.183355407568284,1.216973740020473,0.7920204925193617,0.557772524138422,0.7755321407333658,0.6453918541167039
GBPJPY,2016,260,1.1124593876298157,1.1861923354940291,1.2736753156881802,1.2636133771869706,0.9882811348636987,0.8703521029833908,0.9255704898356253,0.6356096999468316
GBPJPY,2017,260,0.9284913821199663,1.0259239160223805,1.1453943976039727,1.1017838570360607,-1.1557303849586114,0.1859740684104317,0.6604155647844909,0.3185557600835536
GBPJPY,2018,261,0.9314620129970276,0.9472967068125009,0.9154125546043062,0.7851146730240584,-1.295270347252593,-0.40152885604906746,-0.4109077117455387,-0.702991265040411
GBPJPY,2019,261,1.0010911321153821,1.0219188277653988,1.1421179464742692,1.1237988454158396,0.011831583555340265,0.11770036688150293,0.5684939138086661,0.38405207463406915
GBPJPY,2020,262,0.9516180646463662,1.044539209871373,1.1458557221645755,1.095751287819858,-0.6339005664200681,0.2538119271737859,0.532907525984971,0.24712229815570752
GBPJPY,2021,260,1.048273435837784,1.0446421442851483,1.055375229204691,1.1332673115775298,0.7696633201607673,0.3238140775345269,0.2658389592807448,0.44335836269011125
GBPJPY,2022,260,1.0853355208850286,1.1584275992584345,0.9375125646757515,0.7317074131652621,1.2431998149282826,1.0649278189974336,-0.27029766460945887,-0.8062181601628143
GBPJPY,2023,260,0.9387590804220001,0.6851943549558426,0.6772225258581295,0.7044024426950942,-0.8202319677823529,-2.075683819716313,-1.4386245299382914,-0.9452493891660783
GBPJPY,2024,262,0.9783413626973565,1.1432523120825209,1.3059924159965988,1.3465209367493418,-0.26698590935973493,0.8365202956866894,1.178974256169267,0.9584524170691969
GBPJPY,2025,261,0.9766752581400079,0.8249631461214517,0.6135922864522634,0.47444063928198166,-0.33998813351153184,-1.202724108714681,-1.735703351891967,-1.6675177195463176
XAUUSD,2008,174,1.0880979872161378,1.1391575434480636,1.120533869274168,1.123809078260935,1.3708645074411479,0.9228172715689281,0.46474172740064734,0.30622208394584066
XAUUSD,2009,261,1.0523080948015224,0.9924397475992044,1.0791852925629186,0.9279277039765846,0.873848433553997,-0.05370665114622944,0.3501862696656168,-0.21335323869944767
XAUUSD,2010,261,0.9535044341387784,0.8630904178133368,0.7135032337073797,0.5767707476521118,-0.9398143773777676,-1.11108484345535,-1.4186757612207654,-1.3741062248671434
XAUUSD,2011,260,1.0364533891877712,1.0335802076888811,1.065065043007684,1.1502725849573894,0.39688094839027566,0.17082711532176384,0.2263602832535124,0.37062767663021245
XAUUSD,2012,261,1.006946719117932,0.9053872208980387,0.8221717156427323,0.9731673911751894,0.11930384074424176,-0.7544323919803871,-0.8736943818501215,-0.08741116295260982
XAUUSD,2013,259,1.044940170160473,1.0310242304921529,1.0191035823434307,0.7856231855699405,0.3886428662095611,0.14893635637888084,0.068380731127824,-0.5790320667844434
XAUUSD,2014,260,0.9105501926855144,0.8564293184484592,0.9968469706171199,0.8797973969618492,-1.3449816358509048,-1.0086071482064536,-0.014289052578967133,-0.3737616752501844
XAUUSD,2015,259,1.019019907064132,1.0767996933750492,1.2441510410784662,1.133256652267731,0.3170799732114748,0.5892829406086745,1.207791864016783,0.4425532361487403
XAUUSD,2016,259,1.0253408508560924,1.0823225214197818,1.2316117988046162,1.4379431472725848,0.5062248990409299,0.6652496479743838,1.1425119762958797,1.4397513188440771
XAUUSD,2017,259,0.9785398648129029,1.1520696030741835,1.297854481545928,1.0775458665318092,-0.3676552270584015,1.1899866414118094,1.480595446528326,0.2569902694807163
XAUUSD,2018,260,0.8970483882725505,0.80353238504696,0.6695206199289823,0.7149334506397248,-1.9159713288348705,-1.5473813970855004,-1.6712273476788484,-0.9607595581633047
XAUUSD,2019,260,0.9693504865628191,0.967005374515274,0.8760107936494587,0.9331688883219851,-0.43316669110862466,-0.2098840662592986,-0.5158941102657119,-0.18828022152693488
XAUUSD,2020,260,1.0553118097826355,1.0421955739305955,0.7630261180561124,0.7095853738174319,0.7264797395485398,0.24623441991015182,-0.8876177634101864,-0.746335957818471
XAUUSD,2021,258,1.1166037392715,1.0524248224946524,1.0316970900709117,1.0251954001601797,1.8145025118951092,0.37547990164108147,0.14959116155524163,0.08294480998903975
XAUUSD,2022,259,0.9892652885044989,1.005128557369867,0.9904362189290276,1.0443303979761358,-0.16992303378694665,0.03534683147753046,-0.04271468347712774,0.13864405877394054
XAUUSD,2023,259,1.030964644692095,1.0112232139620054,1.244308735759141,1.0667861031636252,0.445025261070183,0.07373601728248633,1.0347166981909124,0.19810022479969508
XAUUSD,2024,261,0.9261181208469387,0.9144984917180513,0.9047854447900252,0.7397518396884919,-1.1375742767160055,-0.6350517813383235,-0.45427844146852914,-0.8247455789573773
XAUUSD,2025,260,0.9799754603035409,0.9046348960500993,0.7367690950804734,0.6688554617078877,-0.25517142835475715,-0.5386705645842339,-0.9653112225144249,-0.8715960159311066
XAGUSD,2008,261,0.9333628067275683,0.979399945383792,0.8653712193289427,0.8325038176321418,-0.7068473433335358,-0.10818437676909183,-0.4675461227221519,-0.4021797159970833
XAGUSD,2009,261,1.034875183132487,1.0317869519431866,1.1030748223547207,1.0674919214721117,0.5938414348485258,0.2424901621647501,0.5031742478464177,0.22376349789936664
XAGUSD,2010,261,1.057529963882747,1.0098945861708628,0.863017361710155,0.9083552633055856,0.9949794541267837,0.07422085935052493,-0.6411289576999322,-0.2856224904564564
XAGUSD,2011,260,1.0924316017899456,1.1712380830046603,1.3103745981825554,1.2988814086582643,0.9514303079882603,0.8333069099031117,1.046800560674155,0.7712318045074347
XAGUSD,2012,261,0.9691255811467699,0.9239364338443747,1.107045196699432,1.3854546808858577,-0.4570105345561686,-0.5387338123778148,0.4957825777027046,1.2429699536827092
XAGUSD,2013,259,1.0055996873771862,0.932584256649222,0.9548903937192116,1.0191746602810243,0.05690173791334043,-0.3673619016350707,-0.179614508285394,0.05515000219454108
XAGUSD,2014,260,0.9772499571011402,0.8726581677521592,1.010515994639435,0.9622600640938147,-0.26153269744367885,-0.8043384651610269,0.045828231036408866,-0.110962010086821
XAGUSD,2015,259,1.0285458649589823,1.005067219697211,0.9927506618757369,0.8051507535719111,0.4641450023860678,0.037426605590919815,-0.034542594039354196,-0.626245527625644
XAGUSD,2016,259,1.0891835958232026,1.2351233348907316,1.38503520973481,1.2967292733717923,1.379604049674837,1.7911198673856947,1.9676517811298817,1.0453575443815266
XAGUSD,2017,259,1.0324243248617813,1.2774127259952262,1.560806640733657,1.386410141557289,0.552097813675821,2.1160983562012983,2.7456930048032273,1.289864613399787
XAGUSD,2018,260,0.8377102202928742,0.7163830312682582,0.5421003882905164,0.5295840073359148,-2.72235870870671,-2.129886573206558,-2.2656792814233477,-1.5925562212545892
XAGUSD,2019,260,1.0690600961887298,0.9892727885719912,0.8741347639933708,0.7970573776209968,1.0014324276379831,-0.0627535527412869,-0.4833565612375655,-0.5327268439134885
XAGUSD,2020,260,1.0055462183978325,1.1247682303893871,0.9980399242910294,1.2131841004927202,0.06519733680182561,0.6276585160188145,-0.006390368247467258,0.4939298721864997
XAGUSD,2021,258,0.9964361491196115,0.8416451270873899,0.8413582775659296,0.7536640418714945,-0.04442007045994452,-0.9437248636090302,-0.6592493477935424,-0.7324493144861357
XAGUSD,2022,259,1.0042342558971329,1.0887221893322951,1.0426530259890419,1.0508038100735575,0.07838179711697807,0.6924355140695483,0.2065143301636021,0.16342167999539736
XAGUSD,2023,259,1.1292437900091858,1.2122806579745213,1.3111509752546786,1.1300458352725429,2.1519151545779303,1.7023551550553875,1.5597729000359724,0.4406755175717291
XAGUSD,2024,261,0.8876629887550954,0.8985755172495061,0.9673874737964314,0.7166107239455659,-1.7903229102383942,-0.7551644981691115,-0.15651542702319812,-0.9020957708306759
XAGUSD,2025,260,0.9014035138066997,0.9336190941905218,0.8871585282097694,0.9026115772612813,-1.026571312072565,-0.333650363772489,-0.40131668114936453,-0.2608585285653942
WTI,2012,259,0.8405323301916765,0.8321773358530011,0.8578677855871478,1.0631376136654778,-2.139656126295024,-0.9891114358041472,-0.5727255134669255,0.17774299498401797
WTI,2013,256,1.0078136193284057,1.0085251463771743,0.958205300346344,0.9601203976314692,0.10724599085180883,0.05505430272953404,-0.1802893685455476,-0.11791093026170378
WTI,2014,255,0.9216197644708103,1.0671356340733142,1.3044258368446937,1.8354562485587682,-0.8323238186438581,0.33129911677156504,1.0278762617706458,1.982780257513873
WTI,2015,258,0.972392258048065,0.9309250570611555,0.8796224620890696,0.9747169694618599,-0.35608707857725885,-0.41565211605504265,-0.49186755051178527,-0.07413303872751478
WTI,2016,258,0.9559635098165975,0.8831886478516511,0.8750177823215424,0.7901937752295931,-0.5307530930551806,-0.6699288905434516,-0.47313547712058096,-0.5454799648852797
WTI,2017,258,1.0302850589403059,1.059118426136065,1.1099954451226526,1.0325020620951717,0.5299206940267628,0.4622523631203161,0.5469633395985948,0.10802747753995277
WTI,2018,260,0.965779062045438,1.0032368572502046,1.1823491275566862,1.2418167465470358,-0.5453296706194155,0.021189001575190318,0.7482747283029999,0.6884913159044231
WTI,2019,260,0.9989199696053858,0.8988641410928215,0.8315054429364789,0.8146585893774724,-0.01328920434578399,-0.6378640539334395,-0.7326918875711667,-0.562978151153738
WTI,2020,260,0.9810933091358875,0.9752549107062753,1.1441285422174077,1.353166572818099,-0.1675284462894552,-0.08936655279576501,0.3226868769097204,0.5655137302046924
WTI,2021,258,0.9257498746703531,0.82444656841241,0.7212276224353781,0.8449517470454014,-1.0079612639043982,-1.0417260037315033,-1.1080857022752602,-0.4408922784741952
WTI,2022,259,1.0726968374145718,0.9741307413434696,0.7441896670460648,0.6910432074063041,1.1346528889176954,-0.1709580128747354,-1.0383004525712662,-0.8523781290858804
WTI,2023,259,1.0990453347262672,0.9863408260934704,0.9999680343266342,0.8178039871945357,1.521428427815909,-0.09722576838985135,-0.00014895626834110097,-0.5860472012853873
WTI,2024,261,0.9363035819968574,0.9238828360068937,0.6112276713981679,0.6273598302386953,-1.0920833717875662,-0.54610925651119,-1.7330042101181287,-1.1295142806719864
WTI,2025,260,0.8934283144092481,0.9396083182465758,0.7682226596241271,0.4528853307902267,-1.2469467406886627,-0.3377217240344237,-0.881085325931277,-1.5150338655101812
UKOIL,2011,239,0.8725907566483923,0.8197798866850976,0.8182593955861188,0.6919032120908886,-2.1251823865988593,-1.1552314386803606,-0.7727435179290718,-0.9405867884247079
UKOIL,2012,237,0.915996786372401,0.8736102019152978,0.9459241182940288,1.3057877339053965,-1.2570543463067962,-0.838595443361711,-0.23334985354117294,0.8768378369585424
UKOIL,2013,225,0.9481327868836642,0.8923199706706749,0.843259979770544,0.5898823647476351,-0.877654997921218,-0.7707333821848914,-0.7239804191037024,-1.2453133103679095
UKOIL,2014,258,0.8518919586469849,1.0234216550826567,1.2815730437464001,1.8231490394563872,-1.5167723801253163,0.11436477045532739,0.9485699256898943,1.9752910332977287
UKOIL,2015,258,0.9555633339966174,0.8714255395780803,0.8570354190437107,0.9956491140303801,-0.580068309186784,-0.7967292805882952,-0.5918241208476931,-0.012798715143054631
UKOIL,2016,258,0.9567055396580606,0.9518104832468993,0.9012098125711393,0.6975230004172366,-0.5238746040928262,-0.27831493536309637,-0.3736147170998099,-0.7868283479973236
UKOIL,2017,257,0.9967259047600319,0.9861713283359075,1.0108586323479027,0.957944350674279,-0.0562657101565229,-0.10657084828288578,0.05417901298048029,-0.1415180894424053
UKOIL,2018,258,0.8841419578074879,0.8960162162822156,1.0428797573439752,1.1581036072102766,-1.2902435555822134,-0.5782765928898725,0.16314572753088222,0.4398804231906704
UKOIL,2019,258,0.9687079261861123,0.8414932987226933,0.753930182142346,0.6677054901097399,-0.30441120874595357,-0.8627623086521208,-0.9810621117659873,-0.9544199734695908
UKOIL,2020,259,1.0497300540504615,1.1876832581435315,1.40372445473141,1.4612450083344142,0.38235855365229915,0.7749876140302755,1.138001221082123,0.9338883985025216
UKOIL,2021,259,0.9362200994363713,0.8239337454640169,0.65941189973938,0.7287056718827147,-0.9743806727148002,-1.120219204945006,-1.3887769070028075,-0.7827308837473919
UKOIL,2022,258,1.0528266961297377,0.9076875364291556,0.6744084494213783,0.6453839968985197,0.7826289500708453,-0.5554490629963943,-1.1977328841986188,-0.8942464022919364
UKOIL,2023,257,1.0819665521496926,0.957892721591618,0.9768021458958415,0.7295037712289613,1.2555024714457272,-0.302934959141169,-0.10903711449033524,-0.8732787800696747
UKOIL,2024,259,0.9652742584743529,0.9300720512250117,0.6414004296325765,0.6520457205982965,-0.5716559596690909,-0.480719707217284,-1.539401106182416,-1.0227627706161964
UKOIL,2025,258,0.9904060478912353,1.0989024529854554,0.9062750874318426,0.49594891083596704,-0.11474288247251985,0.5427978018450129,-0.34020147861930916,-1.3327488846700621
US500,2012,248,0.7772242740247631,0.5790138882802106,0.4202428346131032,0.45425285792406894,-5.364747170552742,-5.0575392326280415,-4.7525873000238334,-3.033668031260757
US500,2013,256,0.8952750590191283,0.8445520557539856,0.8471102070923064,0.7137399914476612,-1.4873853271289197,-1.0089046889775493,-0.6518354026130277,-0.871704371145458
US500,2014,258,1.0062249695589063,1.1138734139545716,1.0519905398818572,0.8634062057319327,0.07540092627759658,0.6434825807512645,0.1950959613825639,-0.36981534971726143
US500,2015,259,1.0434089176604413,0.8300869352868165,0.6757020483162414,0.5590048487036008,0.4591737030183435,-0.8206109680701266,-1.0635513928785834,-1.0758341322265332
US500,2016,258,0.8884671850101789,0.863984183378932,0.7325507029486705,0.6109636185724849,-1.2726006066743742,-0.730423377809112,-0.9671432635620261,-1.0053140138455645
US500,2017,257,0.8836474268870109,0.6867880709952764,0.650034367483277,0.6186749663380181,-1.9578614020937648,-2.268156519061095,-1.6175538811013426,-1.2438542974715872
US500,2018,259,1.0789944652680805,1.0813471272536923,0.9518709445516331,0.6592747216402871,0.9932807190022298,0.44895391527261264,-0.1764015628232689,-0.9176831822535026
US500,2019,260,0.8959685048778819,0.7416560593768802,0.6660856994026703,0.6909374106955123,-1.005546293368445,-1.2649918994986136,-1.1385903851177024,-0.7699050239559684
US500,2020,260,0.7664335888555998,0.8700843448410076,0.9651314575667521,1.1665607346371667,-1.4450451082461842,-0.40359667854421044,-0.07849294635839212,0.27612169821486776
US500,2021,259,0.9295891416209959,0.7239921532001121,0.5525773474981311,0.47977280035183867,-0.8981218374089847,-1.5236363467026444,-1.684924861637723,-1.4696265378653741
US500,2022,259,1.0236955039257276,0.9450683101373547,0.9388984788687185,0.866340046986863,0.3839183882758847,-0.40840613881588494,-0.29285250931784423,-0.4258707663226504
US500,2023,260,1.0373725000305725,1.0652739930490425,1.0737279011121894,1.0799259750577683,0.6063151445990639,0.46483117349595493,0.3356882401573597,0.24788167230497674
US500,2024,261,1.051217555045644,1.0098745182272024,0.8775180058405546,0.615441547139858,0.723064009849562,0.06423876019470877,-0.5082483311525451,-1.1163734966571552
US500,2025,260,0.6948138291197896,0.7298566248391503,0.6406593029543177,0.6585810486850484,-1.7547269528034681,-0.7804929799179843,-0.7439379124956548,-0.5548635135017153
USTECH,2012,238,0.8071394596983473,0.66033415056862,0.5707381764747215,0.7118700986590574,-4.863756977605259,-3.798821705478736,-2.925529637988659,-1.288852317236444
USTECH,2013,247,0.9207535492591888,0.854210110683071,0.7194987318668845,0.5615551614818522,-1.1184013515127833,-0.9426795295668619,-1.20196588944342,-1.3441390606186918
USTECH,2014,257,1.039150405497599,0.9926547641060584,0.9655112628907522,0.8525726188842137,0.4942629082553826,-0.04297220816699703,-0.13255553095747594,-0.4037294637224739
USTECH,2015,258,1.1220374990182616,0.9650717466833146,0.7861898626125927,0.639388934009489,1.2521238196117654,-0.16849039693408333,-0.700837855207763,-0.8834360199989939
USTECH,2016,258,0.9084920648613238,0.8970757226028206,0.8131217486025009,0.6890939544199131,-1.1427017954999754,-0.5968333262744363,-0.7121701911589282,-0.825344198829279
USTECH,2017,257,0.8882675773507506,0.8500206430887256,0.7564787442059804,0.5584665174968001,-1.7686179214348772,-1.0659725158320026,-1.0954177756145678,-1.3529168413767745
USTECH,2018,259,1.0030566005762895,0.9574501960882058,0.8159872056805818,0.5657088546743202,0.0446356023293802,-0.2659545332564241,-0.7435398944332581,-1.2462946557642147
USTECH,2019,260,0.9031483955644205,0.7298912849487252,0.6692646161459604,0.6989555067453231,-1.0442645761978067,-1.4691820730225322,-1.2430941299401237,-0.8163206735563024
USTECH,2020,260,0.7253584498705828,0.7468216152262885,0.7728015443988874,0.9054055357781231,-1.8292174349534638,-0.8665082026757304,-0.5771068504513903,-0.1806310375343505
USTECH,2021,259,0.9022358326929117,0.7568835510405831,0.7100319871758753,0.7348517409548121,-1.4367692772469165,-1.4461245994579832,-1.0990358360545516,-0.7140234465106872
USTECH,2022,259,0.9811890945426363,0.8694867288449573,0.8295677243488053,0.7679416130484668,-0.3043147992576782,-0.9871802587606651,-0.8357884591182135,-0.7566288060824558
USTECH,2023,260,0.9931331348090177,0.9954112508767252,1.019679897799643,0.9788310837317824,-0.11605973182099472,-0.03473237421964383,0.09392694752704953,-0.067780980419179
USTECH,2024,261,1.0182491483060234,0.9607826300967859,0.873232133008702,0.6715815731108069,0.2620041390970585,-0.2647919200182986,-0.5364395702693284,-0.9513898404792703
USTECH,2025,260,0.6908066228244611,0.7347654473293302,0.670608263489826,0.7165418170994144,-2.0184767499157386,-0.883225946174739,-0.7916623351198211,-0.527952251202276
BTCUSD,2017,199,1.012597771266381,0.9828233538516653,1.0150184499193966,1.0911463539213198,0.1394683547446698,-0.09514069812796226,0.056851029326688014,0.2509786619057422
BTCUSD,2018,312,0.9613533420076956,1.078231747169741,1.1645967189354987,1.1354786580713834,-0.6490650113910496,0.5828081840487608,0.7624283861919496,0.4255607037833275
BTCUSD,2019,313,0.9490373754390306,0.9820976948382009,0.9915249862836902,1.0750035360398513,-0.6122110881852891,-0.10061808356509058,-0.0329956450441689,0.2145199460422467
BTCUSD,2020,334,0.8687278221905497,0.8526485525727467,0.8330187228563137,0.9169172580782233,-1.468454032677788,-0.8935557985630047,-0.6442312412112934,-0.2233429429579755
BTCUSD,2021,365,0.9440138771653797,0.9297000009287151,0.9398249609720883,1.0019877364114853,-1.0726666679957826,-0.6139747210940748,-0.33156396817693723,0.007277867602936636
BTCUSD,2022,365,0.983905116492874,1.0203125217946463,0.9592294991135162,0.8882022710601787,-0.2179191903031203,0.13923014141792572,-0.19350610482358183,-0.38578973666811084
BTCUSD,2023,365,1.0136751140241747,1.1699920011995082,1.280201620379747,1.1734157581444193,0.20073200151468829,1.2649929038894137,1.4018339464028076,0.6105287679566185
BTCUSD,2024,366,0.9497274024866836,0.9689482202777581,0.9675733390377633,1.059182150268092,-0.8351860099536343,-0.2463077284542705,-0.16666497664208296,0.21426177618762984
BTCUSD,2025,365,0.9220618722898164,0.8514885036348169,0.7731784028253096,0.7715897191266224,-1.0711271029635892,-1.0114482816430852,-1.0546125638054902,-0.7515118909016589
