sym,period,rule,stat_bp,p_P,p_A,p_G,split
EURUSD,all,50,0.8446394866159219,0.602,0.606,0.692,False
EURUSD,all,150,1.052429860136096,0.53,0.538,0.644,False
EURUSD,all,200,1.7875131247213876,0.262,0.294,0.512,False
EURUSD,pre,50,2.1114667561005502,0.482,0.452,0.568,False
EURUSD,pre,150,0.8206521243700258,0.848,0.766,0.812,False
EURUSD,pre,200,1.9368939170273356,0.662,0.554,0.632,False
EURUSD,post,50,0.01017683494742494,0.996,0.998,0.992,False
EURUSD,post,150,0.9654418581209467,0.496,0.622,0.674,False
EURUSD,post,200,1.3374342953507465,0.326,0.506,0.586,False
GBPUSD,all,50,-0.21237371116914106,0.922,0.926,0.916,False
GBPUSD,all,150,2.289757122616974,0.21,0.168,0.524,False
GBPUSD,all,200,0.16836116941981882,0.944,0.926,0.94,False
GBPUSD,pre,50,0.3181600264508109,0.912,0.918,0.912,False
GBPUSD,pre,150,3.10526024439289,0.178,0.296,0.526,False
GBPUSD,pre,200,0.4656816783545503,0.836,0.88,0.902,False
GBPUSD,post,50,-0.8025731425025826,0.784,0.728,0.768,False
GBPUSD,post,150,1.1701669960862884,0.704,0.57,0.696,False
GBPUSD,post,200,-0.313587920121044,0.934,0.91,0.888,False
AUDUSD,all,50,0.6296585551402931,0.78,0.806,0.792,False
AUDUSD,all,150,-0.04807840336329294,0.99,0.984,0.998,False
AUDUSD,all,200,-0.03947052555972705,0.986,0.988,0.984,False
AUDUSD,pre,50,4.6915547745215616,0.148,0.286,0.362,False
AUDUSD,pre,150,3.5005537588924276,0.202,0.428,0.448,False
AUDUSD,pre,200,1.8401713299242453,0.446,0.722,0.62,False
AUDUSD,post,50,-2.963950334231704,0.26,0.252,0.42,False
AUDUSD,post,150,-2.9597857519437745,0.324,0.264,0.418,False
AUDUSD,post,200,-1.6291181233624705,0.562,0.52,0.542,False
USDJPY,all,50,-0.38653468431216687,0.81,0.868,0.878,False
USDJPY,all,150,0.24210923956756447,0.89,0.904,0.948,False
USDJPY,all,200,0.6079720027353478,0.666,0.784,0.872,False
USDJPY,pre,50,0.883621760546381,0.752,0.78,0.83,False
USDJPY,pre,150,1.7472019277710966,0.53,0.574,0.684,False
USDJPY,pre,200,3.419827574309197,0.14,0.304,0.518,False
USDJPY,post,50,-1.2300188289178664,0.58,0.564,0.678,False
USDJPY,post,150,-0.6259403487923161,0.754,0.814,0.822,False
USDJPY,post,200,-1.1541911971668593,0.554,0.666,0.72,False
USDCHF,all,50,-2.908723529980568,0.19,0.122,0.526,False
USDCHF,all,150,-1.9542670413271543,0.576,0.324,0.634,False
USDCHF,all,200,-2.250248034880065,0.55,0.258,0.626,False
USDCHF,pre,50,-3.6347681215614873,0.312,0.264,0.47,False
USDCHF,pre,150,-1.4760975600341846,0.784,0.666,0.606,False
USDCHF,pre,200,-2.2877403631287256,0.716,0.514,0.524,False
USDCHF,post,50,-2.1432550900204803,0.234,0.24,0.482,False
USDCHF,post,150,-2.2360737030080866,0.242,0.318,0.476,False
USDCHF,post,200,-2.1470752767461865,0.282,0.348,0.498,False
USDCAD,all,50,-1.8529983494759619,0.18,0.192,0.506,False
USDCAD,all,150,-0.5797117290934545,0.652,0.714,0.822,False
USDCAD,all,200,-1.096331656713297,0.332,0.458,0.692,False
USDCAD,pre,50,-2.1702469575938688,0.364,0.432,0.524,False
USDCAD,pre,150,1.9261448863866755,0.408,0.46,0.594,False
USDCAD,pre,200,0.18621455254660657,0.926,0.952,0.948,False
USDCAD,post,50,-1.6401622600506218,0.316,0.314,0.474,False
USDCAD,post,150,-3.1280754462874403,0.04,0.072,0.312,True
USDCAD,post,200,-2.317862904829843,0.148,0.186,0.404,False
EURJPY,all,50,-1.7589464013013858,0.366,0.506,0.612,False
EURJPY,all,150,1.220285778589575,0.448,0.608,0.684,False
EURJPY,all,200,1.1873736229698835,0.434,0.63,0.724,False
EURJPY,pre,50,-0.7395748393277237,0.822,0.858,0.846,False
EURJPY,pre,150,2.5444780206359807,0.37,0.55,0.594,False
EURJPY,pre,200,2.4330690976751796,0.42,0.556,0.624,False
EURJPY,post,50,-3.348053496161968,0.164,0.172,0.42,False
EURJPY,post,150,-1.4379197485274258,0.558,0.566,0.684,False
EURJPY,post,200,-0.9879810399009812,0.714,0.676,0.778,False
GBPJPY,all,50,0.02429389104850893,0.996,0.99,0.998,False
GBPJPY,all,150,0.016297689478835753,0.996,0.996,0.996,False
GBPJPY,all,200,-0.45967724098735685,0.786,0.854,0.89,False
GBPJPY,pre,50,3.4698577249951055,0.43,0.404,0.508,False
GBPJPY,pre,150,3.896948076206279,0.432,0.348,0.512,False
GBPJPY,pre,200,3.9181738466564533,0.362,0.332,0.554,False
GBPJPY,post,50,-3.6374755419658578,0.178,0.134,0.442,False
GBPJPY,post,150,-4.677231527268417,0.136,0.072,0.432,False
GBPJPY,post,200,-5.416765613118235,0.086,0.052,0.412,False
XAUUSD,all,50,2.904348226803772,0.306,0.37,0.696,False
XAUUSD,all,150,3.982908401765121,0.08,0.28,0.688,False
XAUUSD,all,200,3.970388650551612,0.092,0.258,0.714,False
XAUUSD,pre,50,0.24227909432962247,0.968,0.976,0.966,False
XAUUSD,pre,150,6.0633386376465985,0.088,0.264,0.5,False
XAUUSD,pre,200,6.180048354306209,0.07,0.286,0.5,False
XAUUSD,post,50,5.198040771840175,0.176,0.208,0.55,False
XAUUSD,post,150,2.278347353089689,0.558,0.624,0.798,False
XAUUSD,post,200,2.5223089318011094,0.538,0.624,0.756,False
XAGUSD,all,50,6.677767781805141,0.222,0.28,0.678,False
XAGUSD,all,150,7.217152315262303,0.144,0.23,0.69,False
XAGUSD,all,200,3.781996378566584,0.458,0.548,0.824,False
XAGUSD,pre,50,11.80565723724818,0.144,0.182,0.412,False
XAGUSD,pre,150,8.08004392002666,0.208,0.392,0.55,False
XAGUSD,pre,200,6.362775091778154,0.356,0.508,0.612,False
XAGUSD,post,50,1.4468434277182212,0.87,0.87,0.892,False
XAGUSD,post,150,6.787446250715419,0.476,0.504,0.652,False
XAGUSD,post,200,3.0197980612795767,0.766,0.764,0.788,False
WTI,all,50,10.319534061683427,0.246,0.2,0.558,False
WTI,all,150,-1.7537210246388666,0.856,0.828,0.93,False
WTI,all,200,-3.322395817061672,0.778,0.688,0.81,False
WTI,pre,50,15.607569791683138,0.168,0.24,0.454,False
WTI,pre,150,0.5762635451466942,0.95,0.962,0.96,False
WTI,pre,200,7.284985183849964,0.522,0.586,0.648,False
WTI,post,50,7.241910077215263,0.596,0.53,0.592,False
WTI,post,150,-1.8447079744354555,0.91,0.888,0.874,False
WTI,post,200,-6.178237633028052,0.772,0.612,0.688,False
UKOIL,all,50,0.7470300996289396,0.908,0.926,0.918,False
UKOIL,all,150,-1.719034453201918,0.836,0.836,0.858,False
UKOIL,all,200,0.24276276217856418,0.984,0.978,0.986,False
UKOIL,pre,50,-4.610658538397655,0.676,0.72,0.622,False
UKOIL,pre,150,-6.44558286275791,0.512,0.612,0.532,False
UKOIL,pre,200,-4.939370132075793,0.644,0.694,0.62,False
UKOIL,post,50,3.3180294506628134,0.764,0.716,0.782,False
UKOIL,post,150,2.159688509144194,0.906,0.84,0.86,False
UKOIL,post,200,5.512863885916636,0.81,0.654,0.686,False
US500,all,50,-6.924464862498388,0.076,0.204,0.574,False
US500,all,150,-7.982723550151153,0.042,0.084,0.582,True
US500,all,200,-6.80832945029304,0.078,0.154,0.646,False
US500,pre,50,-11.735105099426365,0.02,0.03,0.314,True
US500,pre,150,-14.122091034561809,0.026,0.042,0.33,True
US500,pre,200,-8.174159968473086,0.18,0.266,0.476,False
US500,post,50,-4.644664860190205,0.382,0.584,0.554,False
US500,post,150,-6.018130805553971,0.21,0.39,0.498,False
US500,post,200,-6.5132196258993,0.152,0.344,0.49,False
USTECH,all,50,-8.421030726509208,0.054,0.282,0.544,False
USTECH,all,150,-2.2647343637768715,0.568,0.736,0.822,False
USTECH,all,200,0.8146751865750028,0.854,0.908,0.882,False
USTECH,pre,50,-12.863957548355216,0.042,0.064,0.3,True
USTECH,pre,150,-11.969939309769648,0.144,0.134,0.392,False
USTECH,pre,200,-9.774992656331671,0.286,0.252,0.448,False
USTECH,post,50,-6.648967898508134,0.252,0.55,0.48,False
USTECH,post,150,1.2128674155316315,0.834,0.906,0.73,False
USTECH,post,200,4.676669639607135,0.41,0.564,0.566,False
BTCUSD,all,50,35.04507506598194,0.05,0.01,0.426,True
BTCUSD,all,150,23.32343245852503,0.268,0.14,0.542,False
BTCUSD,all,200,8.73389356392968,0.772,0.588,0.76,False
BTCUSD,post,50,35.04507506598194,0.04,0.034,0.458,True
BTCUSD,post,150,23.32343245852503,0.228,0.134,0.602,False
BTCUSD,post,200,8.73389356392968,0.762,0.62,0.79,False
