# 気象庁「日本の月平均気温偏差」(基準1991-2020, ℃) https://www.data.jma.go.jp/cpdinfo/temp/list/mon_jpn.html 2026-09-30取得
年,1月,2月,3月,4月,5月,6月,7月,8月,9月,10月,11月,12月
2004,-0.15,+0.89,-0.07,+0.48,+0.67,+0.71,+1.02,-0.22,+0.34,-0.37,+1.35,+0.93
2005,-0.26,-0.81,-1.14,+0.23,-1.25,+0.81,-0.53,+0.21,+0.69,+0.72,-0.13,-2.37
2006,-0.67,+0.13,-0.53,-1.22,-0.04,-0.27,-0.58,+0.85,-0.48,+0.36,+0.71,+0.51
2007,+1.00,+1.61,+0.13,-0.67,-0.23,+0.52,-1.30,+0.78,+1.17,+0.41,-0.45,+0.67
2008,-0.23,-1.38,+0.62,+0.12,-0.47,-0.71,+0.65,-0.45,+0.05,+0.51,-0.37,+0.71
2009,+0.45,+1.40,+0.37,+0.15,+0.30,-0.03,-0.77,-0.99,-0.69,-0.21,-0.01,+0.01
2010,+0.32,+0.66,-0.15,-1.45,-0.81,+0.68,+0.81,+1.75,+1.15,+0.43,-0.32,+0.59
2011,-1.89,+0.45,-1.64,-0.82,-0.69,+0.66,+0.53,+0.35,+0.57,+0.03,+1.23,-0.81
2012,-0.92,-1.53,-0.49,-0.05,-0.28,-0.57,+0.26,+0.85,+1.51,+0.14,-0.62,-1.43
2013,-1.15,-0.53,+0.75,-0.77,-0.65,+0.49,+0.91,+0.88,+0.27,+0.97,-0.43,-0.25
2014,-0.22,-0.41,-0.11,-0.21,+0.21,+0.71,+0.36,-0.52,-0.61,-0.24,+0.45,-1.36
2015,+0.35,+0.33,+0.73,+0.95,+1.39,-0.02,+0.18,-0.42,-0.94,-0.57,+1.23,+1.46
2016,+0.41,+0.47,+0.73,+1.07,+1.35,+0.34,+0.31,+0.83,+0.69,+0.55,-0.75,+0.91
2017,+0.29,+0.21,-0.52,+0.58,+0.90,-0.71,+1.42,+0.02,-0.55,-0.30,-0.70,-1.21
2018,-0.47,-1.25,+1.44,+1.23,+0.57,+0.27,+1.20,+0.24,-0.17,+0.21,+0.66,+0.59
2019,+0.55,+1.17,+0.94,-0.11,+1.21,+0.05,-0.21,+0.51,+1.10,+1.21,+0.11,+0.93
2020,+2.02,+1.33,+1.61,-1.05,+0.71,+1.43,-0.91,+1.35,+0.83,-0.07,+0.97,-0.40
2021,-0.50,+1.44,+2.38,+0.49,+0.43,+0.74,+1.09,-0.21,+0.13,+0.58,+0.55,+0.23
2022,-0.19,-0.67,+1.31,+1.33,+0.50,+0.82,+1.18,+0.72,+1.05,-0.02,+1.67,-0.45
2023,-0.03,+0.59,+2.75,+1.46,+0.55,+1.22,+1.91,+2.16,+2.66,+0.43,+1.07,+0.66
2024,+1.32,+1.83,+0.23,+2.76,+0.67,+1.29,+2.16,+1.84,+2.52,+2.21,+1.19,-0.33
2025,+0.59,-0.46,+1.13,+0.77,+0.51,+2.34,+2.89,+1.84,+2.49,+1.35,+0.25,+0.99
2026,-0.17,+1.87,+1.36,+1.89,+1.37,+0.46,+1.66,+0.95
