sym,period,predictor,n_days,p_up,base,acc,diff,t_nw,p_one_sided,null_z,null_pct,p_holm,holm_sig,exceeds
EURUSD,前半,a_always_up,2141,0.5039701074264362,0.5039701074264362,0.5039701074264362,0.0,0.0,0.5,-0.9989994994993742,0.0,1.0,False,False
EURUSD,前半,b_prev_sign,2141,0.5039701074264362,0.5039701074264362,0.4801494628678188,-0.023820644558617432,-2.2307775858843324,0.9871520673174038,-1.8587864189548062,0.032,1.0,False,False
EURUSD,前半,c_tsmom20,2141,0.5039701074264362,0.5039701074264362,0.507239607659972,0.0032695002335357826,0.3171676391788005,0.37555820170915305,0.7058562051963261,0.744,1.0,False,False
EURUSD,前半,d_sma200,2141,0.5039701074264362,0.5039701074264362,0.5156468939747781,0.011676786548341922,1.1487070282743337,0.12533840339436494,1.5276418703417298,0.924,1.0,False,False
EURUSD,後半,a_always_up,2468,0.5012155591572123,0.5012155591572123,0.5012155591572123,0.0,0.0,0.5,,0.0,1.0,False,False
EURUSD,後半,b_prev_sign,2468,0.5012155591572123,0.5012155591572123,0.502836304700162,0.0016207455429497752,0.17150379480913597,0.4319138234124187,0.22665800305503767,0.56,1.0,False,False
EURUSD,後半,c_tsmom20,2468,0.5012155591572123,0.5012155591572123,0.48257698541329014,-0.018638573743922138,-1.876498108733244,0.9697065429218413,-1.735621329143393,0.04,1.0,False,False
EURUSD,後半,d_sma200,2468,0.5012155591572123,0.5012155591572123,0.49959481361426256,-0.0016207455429497197,-0.1688177973433971,0.5670300205035346,-0.12878648374128948,0.44,1.0,False,False
EURUSD,全期間,a_always_up,4609,0.5024951182469082,0.5024951182469082,0.5024951182469082,0.0,0.0,0.5,0.9989994994993742,0.0,,False,False
EURUSD,全期間,b_prev_sign,4609,0.5024951182469082,0.5024951182469082,0.49229767845519634,-0.010197439791711838,-1.4368760095202522,0.924623386112232,-1.0400092830079541,0.138,,False,False
EURUSD,全期間,c_tsmom20,4609,0.5024951182469082,0.5024951182469082,0.49403341288782815,-0.00846170535908003,-1.1801383527255016,0.8810274035535478,-0.7901099873686175,0.208,,False,False
EURUSD,全期間,d_sma200,4609,0.5024951182469082,0.5024951182469082,0.5070514211325667,0.0045563028856585586,0.6522169959992452,0.257130598630258,0.9806688234162754,0.844,,False,False
GBPUSD,前半,a_always_up,2147,0.4899860270144388,0.5100139729855613,0.4899860270144388,-0.020027945971122507,-1.8787797333357978,0.9698627122833262,-0.9989994994993742,0.0,1.0,False,False
GBPUSD,前半,b_prev_sign,2147,0.4899860270144388,0.5100139729855613,0.5016301816488123,-0.008383791336748936,-0.8044124259297486,0.789420586390895,0.13117849064224468,0.528,1.0,False,False
GBPUSD,前半,c_tsmom20,2147,0.4899860270144388,0.5100139729855613,0.48439683278993945,-0.025617140195621835,-2.3736633470864645,0.9911936996445038,-1.4385944286694496,0.074,1.0,False,False
GBPUSD,前半,d_sma200,2147,0.4899860270144388,0.5100139729855613,0.487657196087564,-0.022356776897997255,-2.0590975812864114,0.9802575542469338,-1.3748128547002225,0.076,1.0,False,False
GBPUSD,後半,a_always_up,2473,0.5030327537403962,0.5030327537403962,0.5030327537403962,0.0,0.0,0.5,-0.9989994994993742,0.0,1.0,False,False
GBPUSD,後半,b_prev_sign,2473,0.5030327537403962,0.5030327537403962,0.5074807925596442,0.004448038819247935,0.46779763215072123,0.319964657040983,0.7791612123252757,0.76,1.0,False,False
GBPUSD,後半,c_tsmom20,2473,0.5030327537403962,0.5030327537403962,0.5054589567327133,0.002426202992317106,0.24744127015864936,0.40228336899788925,0.5182503750889339,0.696,1.0,False,False
GBPUSD,後半,d_sma200,2473,0.5030327537403962,0.5030327537403962,0.5030327537403962,0.0,0.0,0.5,0.26677325007646296,0.578,1.0,False,False
GBPUSD,全期間,a_always_up,4620,0.49696969696969695,0.503030303030303,0.49696969696969695,-0.0060606060606061,-0.8354788510802645,0.79827592511438,-0.9989994994993742,0.0,,False,False
GBPUSD,全期間,b_prev_sign,4620,0.49696969696969695,0.503030303030303,0.5047619047619047,0.0017316017316016952,0.2464421749398194,0.4026699809216092,0.7022286519955243,0.756,,False,False
GBPUSD,全期間,c_tsmom20,4620,0.49696969696969695,0.503030303030303,0.49567099567099565,-0.007359307359307399,-1.012236472253302,0.8442874992862799,-0.5642441736529078,0.256,,False,False
GBPUSD,全期間,d_sma200,4620,0.49696969696969695,0.503030303030303,0.4958874458874459,-0.007142857142857173,-0.9786908786073121,0.8361336298309141,-0.5285158607531467,0.238,,False,False
AUDUSD,前半,a_always_up,2141,0.5175151798225128,0.5175151798225128,0.5175151798225128,0.0,0.0,0.5,,0.0,1.0,False,False
AUDUSD,前半,b_prev_sign,2141,0.5175151798225128,0.5175151798225128,0.4857543204110229,-0.03176085941148993,-2.9756346445928474,0.9985380851633453,-1.4821603226244704,0.062,1.0,False,False
AUDUSD,前半,c_tsmom20,2141,0.5175151798225128,0.5175151798225128,0.5123773937412424,-0.005137786081270468,-0.49459190685612536,0.6895558919171332,1.0848968407057946,0.866,1.0,False,False
AUDUSD,前半,d_sma200,2141,0.5175151798225128,0.5175151798225128,0.5175151798225128,0.0,0.0,0.5,1.5487103770701658,0.932,1.0,False,False
AUDUSD,後半,a_always_up,2469,0.5087079789388417,0.5087079789388417,0.5087079789388417,0.0,0.0,0.5,0.9989994994993742,0.0,1.0,False,False
AUDUSD,後半,b_prev_sign,2469,0.5087079789388417,0.5087079789388417,0.48724179829890646,-0.021466180639935217,-2.1092769925951327,0.9825396602396668,-1.2027205544226856,0.11,1.0,False,False
AUDUSD,後半,c_tsmom20,2469,0.5087079789388417,0.5087079789388417,0.4961522883758607,-0.012555690562981003,-1.2581996292348518,0.895840215481301,-0.4413977632266343,0.32,1.0,False,False
AUDUSD,後半,d_sma200,2469,0.5087079789388417,0.5087079789388417,0.49210206561360875,-0.016605913325232924,-1.6934120744287284,0.9548114709190625,-0.6621602828726763,0.23,1.0,False,False
AUDUSD,全期間,a_always_up,4610,0.5127982646420824,0.5127982646420824,0.5127982646420824,0.0,0.0,0.5,0.9989994994993742,0.0,,False,False
AUDUSD,全期間,b_prev_sign,4610,0.5127982646420824,0.5127982646420824,0.48655097613882864,-0.026247288503253807,-3.5626554003795228,0.9998164387729311,-1.77377098444928,0.046,,False,False
AUDUSD,全期間,c_tsmom20,4610,0.5127982646420824,0.5127982646420824,0.5036876355748373,-0.009110629067245135,-1.265081979865678,0.8970790290595293,0.452130731241343,0.658,,False,False
AUDUSD,全期間,d_sma200,4610,0.5127982646420824,0.5127982646420824,0.5039045553145336,-0.008893709327548849,-1.2377027990986103,0.8920868595545637,0.7218383114525118,0.766,,False,False
USDJPY,前半,a_always_up,2121,0.504007543611504,0.504007543611504,0.504007543611504,0.0,0.0,0.5,,0.0,1.0,False,False
USDJPY,前半,b_prev_sign,2121,0.504007543611504,0.504007543611504,0.4912776991984913,-0.012729844413012725,-1.1854253041924998,0.8820753340904499,-0.8170512239826229,0.184,1.0,False,False
USDJPY,前半,c_tsmom20,2121,0.504007543611504,0.504007543611504,0.4988213107024988,-0.005186232909005217,-0.482123950522315,0.6851410516189683,-0.09169368901452624,0.444,1.0,False,False
USDJPY,前半,d_sma200,2121,0.504007543611504,0.504007543611504,0.5073078736445074,0.0033003300330033403,0.3084691021147913,0.3788627038178876,0.7614696120242512,0.752,1.0,False,False
USDJPY,後半,a_always_up,2465,0.5350912778904665,0.5350912778904665,0.5350912778904665,0.0,0.0,0.5,,0.0,1.0,False,False
USDJPY,後半,b_prev_sign,2465,0.5350912778904665,0.5350912778904665,0.4795131845841785,-0.05557809330628799,-5.656184694777244,0.9999999922612544,-2.2797015302884645,0.008,1.0,False,False
USDJPY,後半,c_tsmom20,2465,0.5350912778904665,0.5350912778904665,0.5075050709939148,-0.027586206896551668,-2.8441852291328282,0.997773742232722,0.23209539320581105,0.58,1.0,False,False
USDJPY,後半,d_sma200,2465,0.5350912778904665,0.5350912778904665,0.5095334685598377,-0.02555780933062879,-2.626270459095014,0.9956836902591306,0.11129020630662975,0.532,1.0,False,False
USDJPY,全期間,a_always_up,4586,0.5207152202354993,0.5207152202354993,0.5207152202354993,0.0,0.0,0.5,,0.0,,False,False
USDJPY,全期間,b_prev_sign,4586,0.5207152202354993,0.5207152202354993,0.48495420846053205,-0.035761011774967266,-4.930571232700246,0.9999995900524371,-2.169656870456727,0.014,,False,False
USDJPY,全期間,c_tsmom20,4586,0.5207152202354993,0.5207152202354993,0.5034888791975578,-0.017226341037941517,-2.3899793152201743,0.9915753391348162,0.23400928776991278,0.576,,False,False
USDJPY,全期間,d_sma200,4586,0.5207152202354993,0.5207152202354993,0.5085041430440471,-0.012211077191452202,-1.695932140199306,0.9550506339521239,1.0050076470567935,0.844,,False,False
USDCHF,前半,a_always_up,2137,0.5095928872250819,0.5095928872250819,0.5095928872250819,0.0,0.0,0.5,-0.9989994994993742,0.0,1.0,False,False
USDCHF,前半,b_prev_sign,2137,0.5095928872250819,0.5095928872250819,0.47964436125409454,-0.02994852597098735,-2.742553306318195,0.9969518223008034,-1.8425752670682758,0.036,1.0,False,False
USDCHF,前半,c_tsmom20,2137,0.5095928872250819,0.5095928872250819,0.5058493214787084,-0.0037435657463734673,-0.3578420393455949,0.6397692359683153,0.601733459541571,0.724,1.0,False,False
USDCHF,前半,d_sma200,2137,0.5095928872250819,0.5095928872250819,0.5212915301824989,0.01169864295741696,1.1257414663979557,0.13013748324183988,2.131202391731489,0.982,1.0,False,False
USDCHF,後半,a_always_up,2468,0.5097244732576985,0.5097244732576985,0.5097244732576985,0.0,0.0,0.5,0.9989994994993742,0.0,1.0,False,False
USDCHF,後半,b_prev_sign,2468,0.5097244732576985,0.5097244732576985,0.49635332252836306,-0.01337115072933548,-1.3967311578444002,0.9187527845579171,-0.4202615093215645,0.302,1.0,False,False
USDCHF,後半,c_tsmom20,2468,0.5097244732576985,0.5097244732576985,0.49756888168557534,-0.012155591572123203,-1.2317803089884392,0.8909844195954435,-0.1492931433489955,0.42,1.0,False,False
USDCHF,後半,d_sma200,2468,0.5097244732576985,0.5097244732576985,0.4947325769854133,-0.014991896272285254,-1.5350090914810548,0.9376092025713438,-0.30725642967861805,0.378,1.0,False,False
USDCHF,全期間,a_always_up,4605,0.5096634093376764,0.5096634093376764,0.5096634093376764,0.0,0.0,0.5,,0.0,,False,False
USDCHF,全期間,b_prev_sign,4605,0.5096634093376764,0.5096634093376764,0.48859934853420195,-0.02106406080347445,-2.9185033500109303,0.998241419519706,-1.6589751570414286,0.042,,False,False
USDCHF,全期間,c_tsmom20,4605,0.5096634093376764,0.5096634093376764,0.5014115092290988,-0.00825190010857757,-1.1493957409857083,0.8748035822775215,0.27315964105087925,0.584,,False,False
USDCHF,全期間,d_sma200,4605,0.5096634093376764,0.5096634093376764,0.507057546145494,-0.002605863192182367,-0.36531158756903215,0.6425605851831409,1.1328979530162957,0.88,,False,False
USDCAD,前半,a_always_up,2145,0.4965034965034965,0.5034965034965035,0.4965034965034965,-0.006993006993007034,-0.666560883435169,0.7474736690192416,,0.0,1.0,False,False
USDCAD,前半,b_prev_sign,2145,0.4965034965034965,0.5034965034965035,0.48624708624708624,-0.01724941724941731,-1.606785478384392,0.9459492825661509,-1.2820228500736237,0.092,1.0,False,False
USDCAD,前半,c_tsmom20,2145,0.4965034965034965,0.5034965034965035,0.4965034965034965,-0.006993006993007034,-0.6529495013440763,0.7431055826491622,-0.2662672336303108,0.408,1.0,False,False
USDCAD,前半,d_sma200,2145,0.4965034965034965,0.5034965034965035,0.51002331002331,0.006526806526806483,0.6135478786604123,0.2697570674210778,1.143542381339706,0.882,1.0,False,False
USDCAD,後半,a_always_up,2473,0.5147594015365953,0.5147594015365953,0.5147594015365953,0.0,0.0,0.5,-0.9989994994993742,0.0,1.0,False,False
USDCAD,後半,b_prev_sign,2473,0.5147594015365953,0.5147594015365953,0.49413667610190054,-0.020622725434694733,-2.216142664146541,0.9866591334366549,-0.567028347094252,0.288,1.0,False,False
USDCAD,後半,c_tsmom20,2473,0.5147594015365953,0.5147594015365953,0.5038414880711686,-0.010917913465426698,-1.1050327606585495,0.8654273030535515,0.28652033053058434,0.584,1.0,False,False
USDCAD,後半,d_sma200,2473,0.5147594015365953,0.5147594015365953,0.4969672462596037,-0.017792155276991573,-1.8210427538718497,0.9656998209389441,-0.4884295082354525,0.288,1.0,False,False
USDCAD,全期間,a_always_up,4618,0.5062797747942832,0.5062797747942832,0.5062797747942832,0.0,0.0,0.5,,0.0,,False,False
USDCAD,全期間,b_prev_sign,4618,0.5062797747942832,0.5062797747942832,0.49047206582936337,-0.015807708964919842,-2.2415879154151717,0.9875059911377455,-1.3568846867014093,0.088,,False,False
USDCAD,全期間,c_tsmom20,4618,0.5062797747942832,0.5062797747942832,0.5004330879168472,-0.005846686877436058,-0.8047772991750052,0.7895258981450607,0.07408669936586015,0.514,,False,False
USDCAD,全期間,d_sma200,4618,0.5062797747942832,0.5062797747942832,0.5030316154179298,-0.0032481593763533656,-0.4510379072460237,0.6740188858201555,0.36472802900288487,0.622,,False,False
EURJPY,前半,a_always_up,2148,0.5121042830540037,0.5121042830540037,0.5121042830540037,0.0,0.0,0.5,-0.9989994994993742,0.0,1.0,False,False
EURJPY,前半,b_prev_sign,2148,0.5121042830540037,0.5121042830540037,0.47718808193668527,-0.03491620111731841,-3.206880397565857,0.9993290861475845,-2.041072466029862,0.018,1.0,False,False
EURJPY,前半,c_tsmom20,2148,0.5121042830540037,0.5121042830540037,0.49813780260707635,-0.013966480446927332,-1.3400333074051305,0.9098827417018037,-0.08828916429847776,0.44,1.0,False,False
EURJPY,前半,d_sma200,2148,0.5121042830540037,0.5121042830540037,0.49767225325884545,-0.01443202979515823,-1.4083531276394163,0.9204867343678325,-0.012778878277874068,0.474,1.0,False,False
EURJPY,後半,a_always_up,2410,0.5157676348547718,0.5157676348547718,0.5157676348547718,0.0,0.0,0.5,,0.0,1.0,False,False
EURJPY,後半,b_prev_sign,2410,0.5157676348547718,0.5157676348547718,0.4983402489626556,-0.01742738589211623,-1.7673919932076665,0.9614186985332001,-0.2533027616550707,0.386,1.0,False,False
EURJPY,後半,c_tsmom20,2410,0.5157676348547718,0.5157676348547718,0.4991701244813278,-0.016597510373444035,-1.589760624932955,0.9440556137690226,-0.32176305949711886,0.354,1.0,False,False
EURJPY,後半,d_sma200,2410,0.5157676348547718,0.5157676348547718,0.5091286307053942,-0.006639004149377681,-0.662723719506284,0.7462462421972746,0.5131403004249946,0.694,1.0,False,False
EURJPY,全期間,a_always_up,4558,0.5140412461605968,0.5140412461605968,0.5140412461605968,0.0,0.0,0.5,0.9989994994993742,0.0,,False,False
EURJPY,全期間,b_prev_sign,4558,0.5140412461605968,0.5140412461605968,0.4883720930232558,-0.025669153137340972,-3.5042019217771916,0.9997710110220405,-1.5867768574246777,0.058,,False,False
EURJPY,全期間,c_tsmom20,4558,0.5140412461605968,0.5140412461605968,0.4986836331724441,-0.015357612988152691,-2.0785128919807536,0.9811689276289489,-0.3530960510115585,0.342,,False,False
EURJPY,全期間,d_sma200,4558,0.5140412461605968,0.5140412461605968,0.5037297060114085,-0.010311540149188225,-1.438030115419529,0.9247872452401471,0.34085505851014547,0.624,,False,False
GBPJPY,前半,a_always_up,2144,0.5107276119402985,0.5107276119402985,0.5107276119402985,0.0,0.0,0.5,,0.0,1.0,False,False
GBPJPY,前半,b_prev_sign,2144,0.5107276119402985,0.5107276119402985,0.48973880597014924,-0.020988805970149238,-1.9411746280813418,0.9738814502531362,-0.9653003658556332,0.154,1.0,False,False
GBPJPY,前半,c_tsmom20,2144,0.5107276119402985,0.5107276119402985,0.5121268656716418,0.0013992537313433084,0.13115045452064195,0.4478281444408173,1.1369529981351087,0.86,1.0,False,False
GBPJPY,前半,d_sma200,2144,0.5107276119402985,0.5107276119402985,0.507929104477612,-0.002798507462686506,-0.266003047154468,0.60488156887195,0.7814470656387914,0.77,1.0,False,False
GBPJPY,後半,a_always_up,2475,0.5252525252525253,0.5252525252525253,0.5252525252525253,0.0,0.0,0.5,0.9989994994993742,0.0,1.0,False,False
GBPJPY,後半,b_prev_sign,2475,0.5252525252525253,0.5252525252525253,0.5139393939393939,-0.011313131313131386,-1.1670874787985437,0.8784124780579028,1.168652048351885,0.874,1.0,False,False
GBPJPY,後半,c_tsmom20,2475,0.5252525252525253,0.5252525252525253,0.4892929292929293,-0.035959595959596025,-3.5577887462523625,0.9998130050525756,-1.3934845206686208,0.078,1.0,False,False
GBPJPY,後半,d_sma200,2475,0.5252525252525253,0.5252525252525253,0.5046464646464647,-0.020606060606060628,-2.02688487630537,0.9786629062250968,-0.6733469384585197,0.236,1.0,False,False
GBPJPY,全期間,a_always_up,4619,0.5185105001082485,0.5185105001082485,0.5185105001082485,0.0,0.0,0.5,0.9989994994993742,0.0,,False,False
GBPJPY,全期間,b_prev_sign,4619,0.5185105001082485,0.5185105001082485,0.5027062134661182,-0.015804286642130294,-2.1838257167313273,0.9855124714385909,0.25628592366012076,0.594,,False,False
GBPJPY,全期間,c_tsmom20,4619,0.5185105001082485,0.5185105001082485,0.4998917514613553,-0.018618748646893224,-2.533341238626545,0.9943509546595578,-0.15623322203011514,0.432,,False,False
GBPJPY,全期間,d_sma200,4619,0.5185105001082485,0.5185105001082485,0.5061701667027495,-0.012340333405499004,-1.6865338274365032,0.9541534873639138,0.31675071830435203,0.62,,False,False
XAUUSD,前半,a_always_up,2055,0.5172749391727494,0.5172749391727494,0.5172749391727494,0.0,0.0,0.5,0.9989994994993742,0.0,1.0,False,False
XAUUSD,前半,b_prev_sign,2055,0.5172749391727494,0.5172749391727494,0.478345498783455,-0.038929440389294356,-3.466248907155326,0.9997361127800002,-2.0943517090057133,0.012,1.0,False,False
XAUUSD,前半,c_tsmom20,2055,0.5172749391727494,0.5172749391727494,0.5114355231143553,-0.005839416058394109,-0.5544222261763289,0.7103550407389576,0.9859539121023551,0.822,1.0,False,False
XAUUSD,前半,d_sma200,2055,0.5172749391727494,0.5172749391727494,0.516301703163017,-0.0009732360097323145,-0.08849179915101593,0.5352570989504875,1.3544723696744372,0.918,1.0,False,False
XAUUSD,後半,a_always_up,2461,0.5379926859000407,0.5379926859000407,0.5379926859000407,0.0,0.0,0.5,,0.0,1.0,False,False
XAUUSD,後半,b_prev_sign,2461,0.5379926859000407,0.5379926859000407,0.48598130841121495,-0.05201137748882573,-5.398897542007727,0.9999999664741744,-1.6593831105522803,0.05,1.0,False,False
XAUUSD,後半,c_tsmom20,2461,0.5379926859000407,0.5379926859000407,0.4937017472572125,-0.04429093864282818,-4.3501025550890935,0.9999931963061449,-1.2627509025730173,0.092,1.0,False,False
XAUUSD,後半,d_sma200,2461,0.5379926859000407,0.5379926859000407,0.5201137748882568,-0.01787891101178385,-1.7966948908369698,0.963807964742753,0.25850488342762945,0.588,1.0,False,False
XAUUSD,全期間,a_always_up,4516,0.5285651018600531,0.5285651018600531,0.5285651018600531,0.0,0.0,0.5,,0.0,,False,False
XAUUSD,全期間,b_prev_sign,4516,0.5285651018600531,0.5285651018600531,0.4825066430469442,-0.04605845881310894,-6.286925863576272,0.9999999998380931,-2.5602666550600635,0.004,,False,False
XAUUSD,全期間,c_tsmom20,4516,0.5285651018600531,0.5285651018600531,0.5017714791851196,-0.02679362267493357,-3.6491039081286174,0.9998684216732548,-0.22347391390418858,0.378,,False,False
XAUUSD,全期間,d_sma200,4516,0.5285651018600531,0.5285651018600531,0.5183790965456155,-0.010186005314437585,-1.37953644204529,0.9161352908036156,1.2433189231273127,0.892,,False,False
XAGUSD,前半,a_always_up,2139,0.5264142122487143,0.5264142122487143,0.5264142122487143,0.0,0.0,0.5,-0.9989994994993742,0.0,1.0,False,False
XAGUSD,前半,b_prev_sign,2139,0.5264142122487143,0.5264142122487143,0.4890135577372604,-0.03740065451145391,-3.5365845336091315,0.9997973316203816,-1.209414776867994,0.094,1.0,False,False
XAGUSD,前半,c_tsmom20,2139,0.5264142122487143,0.5264142122487143,0.5179990649836372,-0.008415147265077083,-0.7986823580358181,0.7877626905271353,1.744476147580641,0.948,1.0,False,False
XAGUSD,前半,d_sma200,2139,0.5264142122487143,0.5264142122487143,0.5156615240766713,-0.010752688172043001,-1.0279062452019836,0.8480030342165668,1.437889143594834,0.93,1.0,False,False
XAGUSD,後半,a_always_up,2461,0.522145469321414,0.522145469321414,0.522145469321414,0.0,0.0,0.5,0.9989994994993742,0.0,1.0,False,False
XAGUSD,後半,b_prev_sign,2461,0.522145469321414,0.522145469321414,0.47013409183258836,-0.05201137748882567,-5.473288061602863,0.9999999779119431,-3.1815658847748884,0.0,1.0,False,False
XAGUSD,後半,c_tsmom20,2461,0.522145469321414,0.522145469321414,0.48963835839089803,-0.032507110930516,-3.4174084575917556,0.9996838982447449,-1.1129467971238807,0.14,1.0,False,False
XAGUSD,後半,d_sma200,2461,0.522145469321414,0.522145469321414,0.5075172694026818,-0.01462819991873221,-1.518918738075212,0.9356085241016725,0.29260945217597156,0.616,1.0,False,False
XAGUSD,全期間,a_always_up,4600,0.5241304347826087,0.5241304347826087,0.5241304347826087,0.0,0.0,0.5,,0.0,,False,False
XAGUSD,全期間,b_prev_sign,4600,0.5241304347826087,0.5241304347826087,0.47891304347826086,-0.04521739130434782,-6.386956473781637,0.9999999999153901,-2.9646061343330192,0.0,,False,False
XAGUSD,全期間,c_tsmom20,4600,0.5241304347826087,0.5241304347826087,0.5028260869565218,-0.021304347826086922,-3.0064357374370685,0.9986783504083495,0.2936940939994979,0.606,,False,False
XAGUSD,全期間,d_sma200,4600,0.5241304347826087,0.5241304347826087,0.5113043478260869,-0.012826086956521765,-1.8087144012339582,0.964752307757769,1.2388551970398054,0.88,,False,False
WTI,前半,a_always_up,1122,0.4893048128342246,0.5106951871657754,0.4893048128342246,-0.021390374331550832,-1.4798532425963888,0.9305437919211449,,0.0,1.0,False,False
WTI,前半,b_prev_sign,1122,0.4893048128342246,0.5106951871657754,0.48484848484848486,-0.025846702317290582,-1.786177395305406,0.9629647300572306,-1.0559004832007117,0.132,1.0,False,False
WTI,前半,c_tsmom20,1122,0.4893048128342246,0.5106951871657754,0.5151515151515151,0.004456327985739694,0.30496141077446165,0.38019777146340616,0.9770522784182338,0.83,1.0,False,False
WTI,前半,d_sma200,1122,0.4893048128342246,0.5106951871657754,0.5142602495543672,0.0035650623885917776,0.24494344643152588,0.40325011037070113,0.9334588517958263,0.808,1.0,False,False
WTI,後半,a_always_up,2450,0.5253061224489796,0.5253061224489796,0.5253061224489796,0.0,0.0,0.5,,0.0,1.0,False,False
WTI,後半,b_prev_sign,2450,0.5253061224489796,0.5253061224489796,0.49142857142857144,-0.033877551020408125,-3.4543728987606963,0.9997242129308385,-1.0664846844891713,0.146,1.0,False,False
WTI,後半,c_tsmom20,2450,0.5253061224489796,0.5253061224489796,0.5183673469387755,-0.006938775510204054,-0.7076651503143295,0.7604233880215169,1.7367992094287847,0.956,1.0,False,False
WTI,後半,d_sma200,2450,0.5253061224489796,0.5253061224489796,0.493469387755102,-0.031836734693877544,-3.2141850262096074,0.9993459232596134,-0.719500231604802,0.224,1.0,False,False
WTI,全期間,a_always_up,3572,0.5139977603583427,0.5139977603583427,0.5139977603583427,0.0,0.0,0.5,0.9989994994993742,0.0,,False,False
WTI,全期間,b_prev_sign,3572,0.5139977603583427,0.5139977603583427,0.48936170212765956,-0.0246360582306831,-3.033880757108204,0.9987928508187336,-1.2137954553913453,0.108,,False,False
WTI,全期間,c_tsmom20,3572,0.5139977603583427,0.5139977603583427,0.5173572228443449,0.0033594624860022737,0.4126813756413193,0.3399200359373944,1.9402014759190154,0.98,,False,False
WTI,全期間,d_sma200,3572,0.5139977603583427,0.5139977603583427,0.5,-0.013997760358342659,-1.7077183985951991,0.9561556967108735,0.04159786613642166,0.508,,False,False
UKOIL,前半,a_always_up,1296,0.48148148148148145,0.5185185185185186,0.48148148148148145,-0.037037037037037146,-2.832502146636981,0.9976907371963407,-0.9989994994993742,0.0,1.0,False,False
UKOIL,前半,b_prev_sign,1296,0.48148148148148145,0.5185185185185186,0.46064814814814814,-0.05787037037037046,-4.071825829540984,0.9999766769729682,-2.7427221195895304,0.0,1.0,False,False
UKOIL,前半,c_tsmom20,1296,0.48148148148148145,0.5185185185185186,0.5138888888888888,-0.004629629629629761,-0.34233868690892905,0.6339519877505397,0.8859155395034125,0.802,1.0,False,False
UKOIL,前半,d_sma200,1296,0.48148148148148145,0.5185185185185186,0.5108024691358025,-0.007716049382716084,-0.5630306786031359,0.7132930031382165,0.4257920684213364,0.642,1.0,False,False
UKOIL,後半,a_always_up,2437,0.5309807139926138,0.5309807139926138,0.5309807139926138,0.0,0.0,0.5,,0.0,1.0,False,False
UKOIL,後半,b_prev_sign,2437,0.5309807139926138,0.5309807139926138,0.4907673368896184,-0.04021337710299544,-4.247917448973276,0.9999892116567187,-1.0487456254805276,0.124,1.0,False,False
UKOIL,後半,c_tsmom20,2437,0.5309807139926138,0.5309807139926138,0.512105047189167,-0.018875666803446767,-1.8534116965375473,0.9680883139410364,0.8003617525175659,0.784,1.0,False,False
UKOIL,後半,d_sma200,2437,0.5309807139926138,0.5309807139926138,0.5067706196142798,-0.02421009437833399,-2.501918285061468,0.9938238784332127,0.6984907705534591,0.738,1.0,False,False
UKOIL,全期間,a_always_up,3733,0.5137958746316635,0.5137958746316635,0.5137958746316635,0.0,0.0,0.5,0.9989994994993742,0.0,,False,False
UKOIL,全期間,b_prev_sign,3733,0.5137958746316635,0.5137958746316635,0.4803107420305384,-0.03348513260112512,-4.223536832480766,0.9999879750977525,-2.4564316178988466,0.01,,False,False
UKOIL,全期間,c_tsmom20,3733,0.5137958746316635,0.5137958746316635,0.5127243503884276,-0.0010715242432359773,-0.13164195065148399,0.5523662487847065,1.4859977006039138,0.918,,False,False
UKOIL,全期間,d_sma200,3733,0.5137958746316635,0.5137958746316635,0.5081703723546745,-0.005625502276988992,-0.7112533825386478,0.7615363830879234,1.1271711273381584,0.87,,False,False
US500,前半,a_always_up,1083,0.5475530932594644,0.5475530932594644,0.5475530932594644,0.0,0.0,0.5,-0.9989994994993742,0.0,1.0,False,False
US500,前半,b_prev_sign,1083,0.5475530932594644,0.5475530932594644,0.47645429362880887,-0.07109879963065557,-4.615940178780733,0.9999980434016774,-1.8886445654315225,0.016,1.0,False,False
US500,前半,c_tsmom20,1083,0.5475530932594644,0.5475530932594644,0.5023084025854109,-0.04524469067405357,-3.112190613862613,0.9990714772455173,-0.7655515198609973,0.2,1.0,False,False
US500,前半,d_sma200,1083,0.5475530932594644,0.5475530932594644,0.5253924284395198,-0.02216066481994461,-1.5033241070448768,0.9336222567284255,-1.0272111768326029,0.12,1.0,False,False
US500,後半,a_always_up,2461,0.5538399024786672,0.5538399024786672,0.5538399024786672,0.0,0.0,0.5,0.9989994994993742,0.0,1.0,False,False
US500,後半,b_prev_sign,2461,0.5538399024786672,0.5538399024786672,0.4965461194636327,-0.057293783015034516,-5.718753095521592,0.9999999946345706,-0.9553180030344509,0.158,1.0,False,False
US500,後半,c_tsmom20,2461,0.5538399024786672,0.5538399024786672,0.5290532303941488,-0.024786672084518457,-2.467672213454509,0.9932002606169811,0.8602678468683709,0.78,1.0,False,False
US500,後半,d_sma200,2461,0.5538399024786672,0.5538399024786672,0.534741974806989,-0.019097927671678172,-1.8749286720311802,0.9695987315213009,0.032470163547094616,0.488,1.0,False,False
US500,全期間,a_always_up,3544,0.5519187358916479,0.5519187358916479,0.5519187358916479,0.0,0.0,0.5,0.9989994994993742,0.0,,False,False
US500,全期間,b_prev_sign,3544,0.5519187358916479,0.5519187358916479,0.4904063205417607,-0.06151241534988716,-7.314451932248027,0.9999999999998708,-1.857435308309897,0.028,,False,False
US500,全期間,c_tsmom20,3544,0.5519187358916479,0.5519187358916479,0.5208803611738149,-0.031038374717832995,-3.7459773105417415,0.9999101535835218,0.34943475962558934,0.624,,False,False
US500,全期間,d_sma200,3544,0.5519187358916479,0.5519187358916479,0.5318848758465011,-0.020033860045146734,-2.388472849704432,0.9915407208244488,-0.44300830311347145,0.306,,False,False
USTECH,前半,a_always_up,1062,0.5433145009416196,0.5433145009416196,0.5433145009416196,0.0,0.0,0.5,0.9989994994993742,0.0,1.0,False,False
USTECH,前半,b_prev_sign,1062,0.5433145009416196,0.5433145009416196,0.4924670433145009,-0.050847457627118675,-3.3103794667020656,0.9995341521541482,-0.7043029391308354,0.238,1.0,False,False
USTECH,前半,c_tsmom20,1062,0.5433145009416196,0.5433145009416196,0.5037664783427496,-0.039548022598870025,-2.592381565659,0.9952343003607476,-0.689774791500469,0.234,1.0,False,False
USTECH,前半,d_sma200,1062,0.5433145009416196,0.5433145009416196,0.527306967984934,-0.016007532956685555,-1.0757507348326678,0.8589806247311764,-0.2557129608844149,0.356,1.0,False,False
USTECH,後半,a_always_up,2462,0.5633631194151096,0.5633631194151096,0.5633631194151096,0.0,0.0,0.5,,0.0,1.0,False,False
USTECH,後半,b_prev_sign,2462,0.5633631194151096,0.5633631194151096,0.49553208773354995,-0.06783103168155968,-6.729949609834158,0.9999999999915139,-1.2455637319213184,0.086,1.0,False,False
USTECH,後半,c_tsmom20,2462,0.5633631194151096,0.5633631194151096,0.5219333874898456,-0.041429731925264,-4.0636576103116955,0.9999758451623322,-0.1328892789125674,0.414,1.0,False,False
USTECH,後半,d_sma200,2462,0.5633631194151096,0.5633631194151096,0.553208773354996,-0.010154346060113673,-1.0170761627869211,0.8454414004914148,1.572115206292305,0.942,1.0,False,False
USTECH,全期間,a_always_up,3524,0.5573212258796821,0.5573212258796821,0.5573212258796821,0.0,0.0,0.5,0.9989994994993742,0.0,,False,False
USTECH,全期間,b_prev_sign,3524,0.5573212258796821,0.5573212258796821,0.49460839954597047,-0.06271282633371167,-7.442210390055122,0.9999999999999505,-1.3214982635115993,0.084,,False,False
USTECH,全期間,c_tsmom20,3524,0.5573212258796821,0.5573212258796821,0.5164585698070374,-0.04086265607264472,-4.817148444259734,0.99999927187824,-0.4630758270289183,0.322,,False,False
USTECH,全期間,d_sma200,3524,0.5573212258796821,0.5573212258796821,0.5454029511918275,-0.011918274687854669,-1.4352741126419666,0.9243954991913694,1.175305581384119,0.89,,False,False
BTCUSD,前半,a_always_up,0,,,,,,,,,1.0,False,False
BTCUSD,前半,b_prev_sign,0,,,,,,,,,1.0,False,False
BTCUSD,前半,c_tsmom20,0,,,,,,,,,1.0,False,False
BTCUSD,前半,d_sma200,0,,,,,,,,,1.0,False,False
BTCUSD,後半,a_always_up,2963,0.508268646641917,0.508268646641917,0.508268646641917,0.0,0.0,0.5,,0.0,1.0,False,False
BTCUSD,後半,b_prev_sign,2963,0.508268646641917,0.508268646641917,0.47789402632467093,-0.030374620317246026,-3.2824053664419868,0.9994853723673921,-2.3935562734051654,0.008,1.0,False,False
BTCUSD,後半,c_tsmom20,2963,0.508268646641917,0.508268646641917,0.4994937563280459,-0.008774890313871075,-1.003410278382064,0.8421685265425896,-0.053179325712643104,0.468,1.0,False,False
BTCUSD,後半,d_sma200,2963,0.508268646641917,0.508268646641917,0.508268646641917,0.0,0.0,0.5,0.9033054871722345,0.814,1.0,False,False
BTCUSD,全期間,a_always_up,2963,0.508268646641917,0.508268646641917,0.508268646641917,0.0,0.0,0.5,,0.0,,False,False
BTCUSD,全期間,b_prev_sign,2963,0.508268646641917,0.508268646641917,0.47789402632467093,-0.030374620317246026,-3.2824053664419868,0.9994853723673921,-2.664998098896506,0.002,,False,False
BTCUSD,全期間,c_tsmom20,2963,0.508268646641917,0.508268646641917,0.4994937563280459,-0.008774890313871075,-1.003410278382064,0.8421685265425896,-0.1452759323608697,0.41,,False,False
BTCUSD,全期間,d_sma200,2963,0.508268646641917,0.508268646641917,0.508268646641917,0.0,0.0,0.5,0.7317777500291169,0.77,,False,False
