sym,year,LA,LB,pnl_A,pnl_B,pnl_C,mdd_A,mdd_B,mdd_C
EURUSD,2013,25,70,-5.394050864838889,-3.9200968137517322,-2.9933510058648203,-1545.2161937355586,-1827.2715762516643,-1157.9646803231028
EURUSD,2014,65,230,5.011374174134494,2.8043894309209967,3.592252687033443,-243.73678988943925,-423.9891969449254,-259.13539099340665
EURUSD,2015,235,230,3.8771312780399767,3.8771312780399767,2.3426447490602036,-1018.6195260910953,-1018.6195260910953,-1040.1094208975323
EURUSD,2016,220,230,-2.6721721193183305,-2.997821333348771,-2.7247526488336504,-1381.8920793302445,-1573.5216510372431,-1053.1666761693173
EURUSD,2017,30,120,-0.005817546449305574,2.3589606568571977,0.5495962509605689,-996.6025012789157,-488.90352620443696,-477.89864877586666
EURUSD,2018,110,110,0.5110088846667398,0.5110088846667398,-0.1026049742192523,-565.8851982869539,-565.8851982869539,-550.4379453255527
EURUSD,2019,110,100,0.11063073286970805,-1.5537498063836093,-1.4607285037149316,-339.5761362971442,-512.5712721913482,-583.0080395597555
EURUSD,2020,105,115,1.9237190049742938,3.183381247162569,0.7513397436142134,-632.2994606700576,-587.8124047294086,-663.7104890411424
EURUSD,2021,65,195,-1.2486462303954446,-0.7322704659486721,-0.1487591881264944,-901.9371043686251,-725.6669876489049,-551.1786673812993
EURUSD,2022,130,190,3.36213891285276,2.12402489092446,2.371647695310119,-970.6431404994607,-1109.9052622566637,-1045.5233331163922
EURUSD,2023,130,120,-1.4740082504638492,-0.3362895181601774,-1.1020762101049064,-915.8309185485541,-821.4743637069492,-688.7095528518473
EURUSD,2024,85,125,-3.2244608037628204,-0.2610276026495779,-2.3377858704629055,-1259.086115255017,-630.5632568223393,-997.7993096300654
EURUSD,2025,35,30,0.4249913909310669,-0.9026641371903898,0.45631862970442544,-823.1160518234591,-1194.655365758839,-502.7798779970709
EURUSD,2026,20,20,-0.14830976777415614,-0.14830976777415614,-0.9317518595888686,-269.20364368651394,-269.20364368651394,-407.2189951505568
GBPUSD,2013,130,140,-0.4137284308672193,0.49628672298768495,0.11788580233659667,-775.2595363038782,-606.3962117868808,-487.51214716670836
GBPUSD,2014,65,140,3.879519795265938,2.4371302342749352,2.3773908115078513,-205.28883219295915,-370.97293058519256,-239.60535217752786
GBPUSD,2015,65,70,3.0579803273995148,2.30612933337636,0.7812171583635662,-700.1531183493707,-450.0868727525477,-852.2142966605832
GBPUSD,2016,65,65,1.2261995194406754,1.2261995194406754,2.1305783415315194,-1297.1893352613345,-1297.1893352613345,-987.0598883196737
GBPUSD,2017,125,260,2.6268108253580524,-5.272452973426543,-0.27126549852635834,-508.78154206175367,-1950.3994138857404,-551.7997225696038
GBPUSD,2018,125,125,0.4972575459504443,0.4972575459504443,-1.0173088930965777,-878.1695611188061,-878.1695611188061,-1181.9232925607344
GBPUSD,2019,125,130,-6.093188771792696,-1.439137028192604,-2.9838676820209504,-2155.2666285003133,-940.850289182587,-1266.9929901756846
GBPUSD,2020,60,65,-2.209899138980505,-1.1022537934020853,-1.1192768632507892,-1503.0138955840957,-1384.4822556648696,-1090.2178413216159
GBPUSD,2021,80,80,0.1097173656134417,0.1097173656134417,-1.0486020924843444,-606.9768834925185,-606.9768834925185,-743.5454318200041
GBPUSD,2022,85,80,2.3392751552112863,1.5336928294012353,2.3534859535151322,-1602.0640425022766,-1773.6210740366819,-1298.180710314275
GBPUSD,2023,50,295,0.045012803187621624,-2.0810494399864123,-0.9990329746865195,-669.9772932912945,-1266.161784036873,-534.4682880229972
GBPUSD,2024,35,180,0.5641365795737797,-1.5536261092505987,-0.597999665773084,-582.343210871612,-918.9681198135542,-483.39314462775394
GBPUSD,2025,35,40,1.0089052290610607,0.8534521313346134,-0.7904918443867677,-728.4050458987638,-713.3040886925012,-662.5176260501546
GBPUSD,2026,30,30,-0.941768323822732,-0.941768323822732,-2.659074199288695,-565.4418703635054,-565.4418703635054,-483.4673176089484
AUDUSD,2013,285,280,5.341379661731571,3.1924470816135853,3.177498728704252,-871.0026074172204,-871.0026074172204,-871.0026074172204
AUDUSD,2014,10,5,0.49256193826505107,-0.3364882626526823,0.5852886061223004,-889.5817360199158,-1161.774815802844,-883.0174249037948
AUDUSD,2015,30,30,-3.2088976711246127,-3.2088976711246127,0.06296494876489701,-1694.9926930080396,-1694.9926930080396,-1015.3544666043159
AUDUSD,2016,220,220,-6.563547121611942,-6.563547121611942,-5.127289266424838,-2351.3413875627675,-2351.3413875627675,-1902.568675098701
AUDUSD,2017,105,95,-5.887367374636132,-7.564361717977977,-5.495428553765511,-1544.4328184037245,-1980.4513476726042,-1438.9965380029585
AUDUSD,2018,170,160,4.441471513363696,3.7852080156202588,2.4745024702791127,-436.90144197268717,-509.1428255132107,-436.90144197268665
AUDUSD,2019,170,160,0.16263547794340563,0.1689632730458525,-0.6544172511221202,-505.53603433735935,-505.53603433735935,-505.53603433735935
AUDUSD,2020,140,150,1.5600187846910223,3.7634120821235584,2.6620949760597483,-2338.15167214551,-2008.12200811424,-2027.9317407976403
AUDUSD,2021,170,175,-1.3145638027974387,-1.3107549559139504,-0.9656893360876122,-1062.6652464342844,-1061.6749462445773,-971.9578850897296
AUDUSD,2022,15,5,-1.2511168548310974,-5.307973039618345,-1.8441627445298436,-1217.983852231342,-1610.0629712807297,-1016.5512694608504
AUDUSD,2023,15,20,-4.9097663447583395,-2.3422736377137396,-3.3045073064710127,-2461.9724840743474,-2078.319168249584,-1412.8636305006673
AUDUSD,2024,120,285,-2.424254877198021,-3.7616642503080953,-3.1208174991188544,-1574.940385222283,-1540.2906247351182,-1263.595679542685
AUDUSD,2025,275,285,-2.302951374549157,-2.770183583288152,-2.7930439239087916,-1283.0362753142736,-1309.541834645082,-1209.1485108310603
AUDUSD,2026,275,280,2.9059189021412486,2.9059189021412486,2.9059189021412473,-522.3528763002604,-522.3528763002604,-522.3528763002604
USDJPY,2013,295,300,7.735976536707764,7.735976536707764,6.944208649563529,-908.6820296827514,-908.6820296827514,-908.6820296827514
USDJPY,2014,100,260,2.3196839743598137,5.079535818377712,4.478387159888332,-852.998551626514,-400.43989435931235,-400.4398943593121
USDJPY,2015,105,260,-3.596507577074717,0.06313597689552451,-0.5372073776335717,-1393.9696791769836,-565.4939587538411,-581.0301957559902
USDJPY,2016,250,280,-2.8855221120918637,-1.372481882017782,-1.755630515985223,-1707.8844672226878,-1707.8844672226878,-1592.193611935143
USDJPY,2017,60,135,-4.414790395593572,-1.4823764145524407,-3.192219113236277,-1307.3257649772204,-867.0091079751272,-973.7646191808446
USDJPY,2018,70,65,1.2085317659454236,0.7072715578449423,0.24883093510881027,-684.0579170020239,-621.7442063084061,-644.798603949989
USDJPY,2019,45,65,0.7088253204082424,-1.4036985515917189,-1.008775250839059,-527.794917129009,-689.6421977412904,-559.5012153136737
USDJPY,2020,45,55,-2.827205954671254,-1.8173451634204967,-2.651206881246916,-1048.766682605062,-981.9663505209376,-1123.8032356040053
USDJPY,2021,45,55,0.8657956816159728,1.941972909837528,0.9927188627461491,-463.092529898722,-342.0538488753977,-274.6351151847218
USDJPY,2022,205,225,5.280207346122057,5.280207346122057,5.280207346122057,-1329.4642107731447,-1329.4642107731447,-1329.4642107731447
USDJPY,2023,55,55,-0.4044126354768086,-0.4044126354768086,1.943809170466607,-1435.7920045744654,-1435.7920045744654,-884.8246018113418
USDJPY,2024,15,70,5.069435513075783,-1.1920438175018877,-0.234391081282598,-623.3458976144365,-1242.149203768512,-962.9850591107429
USDJPY,2025,15,5,-4.555366675798305,-7.1466406720113325,0.19511010119176664,-1739.2118391768008,-2331.1326274636644,-650.6163618176378
USDJPY,2026,15,300,-1.1300564954523793,-1.4715564142304625,-1.6383252917834987,-611.9679757392954,-734.9188894926549,-584.4292323981851
USDCHF,2013,25,65,-8.810133208839364,-5.952200785767828,-3.9759316841594914,-2386.0239294969156,-1920.3700648132094,-1240.5205037612957
USDCHF,2014,55,60,2.8372700801697315,2.934898573034744,3.084074669777267,-483.11125390776544,-458.92506110449193,-264.3641696560895
USDCHF,2015,55,50,-13.311224216001264,-9.24755606051384,-10.777614556729024,-3924.163349136763,-3206.404432984698,-3306.8718712669743
USDCHF,2016,5,270,-0.16426268479946945,-6.452635331195424,-2.283720789021664,-633.1047576553809,-1753.414783543401,-771.0445791133957
USDCHF,2017,155,290,-2.0107870215145938,-1.017724034206091,-2.8874309313970867,-605.4162437365549,-603.3662869724072,-845.9363464529658
USDCHF,2018,260,300,-4.037500151953623,-4.421055304209375,-2.45652201289932,-1596.192404284714,-1801.1587106749168,-1027.726224745151
USDCHF,2019,155,10,-1.0590908091465978,0.4132162574574172,-1.506114593126141,-638.7429325030332,-749.7384787474191,-600.6376308019894
USDCHF,2020,20,10,-1.401632996543341,-1.6671272947325975,-0.10128657703343902,-981.6092840370209,-819.1956400843202,-943.760123343265
USDCHF,2021,200,165,-3.7505711834472724,-5.207803162547739,-2.2509454965007514,-1338.017133318929,-1428.6615351865653,-687.6007706268323
USDCHF,2022,20,270,-4.952343348953755,-0.672109236873978,-1.2284823911362008,-2122.0993122569007,-923.5287714353447,-946.7975897619415
USDCHF,2023,130,135,0.6028047142723397,0.793420871393906,0.34716119585671884,-1118.9079145289115,-1069.3477136773045,-708.2165929228469
USDCHF,2024,130,160,-7.43251465526335,-7.363711726872779,-5.02662331610317,-2031.4053664351927,-1919.1865384740277,-1320.2349264548043
USDCHF,2025,30,35,3.024473273916618,-0.08136709931646836,1.1598907144415955,-489.2320134596466,-963.7878161462367,-586.9036110336141
USDCHF,2026,210,220,-0.976351386920612,-1.3365036349267936,-0.39147137418949807,-546.5613544234549,-569.7940541377055,-359.02270126570045
USDCAD,2013,210,210,1.762472440550396,1.762472440550396,0.5554468682272303,-340.18721580171484,-340.18721580171484,-364.1079170212953
USDCAD,2014,75,85,2.691336899623851,1.8540962305041715,2.195431341437023,-547.4709809826265,-696.6220165657342,-520.9327397545774
USDCAD,2015,210,215,6.847436206138807,6.847436206138807,6.826233008294795,-663.7941476205189,-663.7941476205189,-487.0708939539176
USDCAD,2016,205,215,-6.974257793899959,-8.948763176542196,-6.799082794208602,-2460.941708109312,-2845.5228945924073,-2325.0217067281937
USDCAD,2017,10,20,-1.6090140117214509,-0.5865356062120098,0.07697885473424905,-691.6411573462689,-850.5527248729634,-475.27250558135336
USDCAD,2018,15,20,-4.101072047211815,2.570822684195676,-1.0755633420315291,-1890.5025042172228,-576.7955720547711,-966.671343379605
USDCAD,2019,35,30,-1.5426457225210841,-3.7373963001841655,-1.9185525476934493,-528.1268717901798,-1103.6171672192572,-627.1507330420404
USDCAD,2020,130,140,-0.3332644108809982,0.537594721933292,0.0988735484891612,-1147.056727928565,-1032.3258037439045,-890.1936384033925
USDCAD,2021,130,140,-0.33563458208720187,-0.4935521978948692,-0.7500645467465055,-1016.8859987503411,-908.1103823161412,-406.38212178667607
USDCAD,2022,15,25,-5.040774215801493,-6.371281814993904,-3.44981054264816,-1545.4039387347343,-1750.7281558521584,-1064.7086276708794
USDCAD,2023,55,115,-3.197642643721474,-2.3307959005117107,-2.5980310784127414,-1182.643919418741,-978.2598961242379,-695.8061536412049
USDCAD,2024,290,300,-0.6609233024128962,1.1992871594737469,-0.9122071825038375,-718.8910476538782,-456.55027896534267,-692.312371735898
USDCAD,2025,290,300,-3.210790010030196,-2.994742402139242,-2.7511637286739075,-1085.1870201322813,-940.1025461301768,-920.0999384984634
USDCAD,2026,30,40,-0.14079921689148622,-0.8414838186852688,1.314658839324767,-327.5998102377065,-536.0520889571316,-237.80408549901412
EURJPY,2013,15,25,0.19559846051664173,-1.0190356304860178,4.852989502998702,-1599.3377113112701,-2220.7469267276565,-666.6786298114077
EURJPY,2014,55,55,-2.0877516632617397,-2.0877516632617397,-3.199954071262223,-1144.2884655956104,-1144.2884655956104,-1295.391919470541
EURJPY,2015,260,255,-2.205381646532554,-0.06147927085460932,-1.929958013217892,-1565.0151031116911,-1168.6508393654144,-1315.0133146408202
EURJPY,2016,255,285,1.9942521127351243,1.9942521127351243,1.9942521127351243,-1060.6568893341514,-1060.6568893341514,-1060.6568893341514
EURJPY,2017,85,85,1.1180240383072115,1.1180240383072115,0.34579664789580267,-770.0879606057102,-770.0879606057102,-393.18891316798795
EURJPY,2018,60,65,0.3548993956419003,-0.0216072507274143,-2.400161810030992,-590.5729654174818,-569.2880487697685,-914.3786893585889
EURJPY,2019,60,70,1.710049150023265,0.7435367314167963,1.3137337644841245,-519.7674654933157,-541.1476709113654,-456.8126980777231
EURJPY,2020,210,170,2.1483633689774106,-0.43998189272953936,0.6216926038602997,-509.52382839132673,-850.5418443495025,-355.71652693309636
EURJPY,2021,195,195,1.6493983174822147,1.6493983174822147,0.4330425383468089,-452.3156040807793,-452.3156040807793,-519.9426804983957
EURJPY,2022,195,205,0.753053043671435,-1.017003943341751,-0.11496277166685058,-651.226208782555,-886.5120866454994,-651.2262087825549
EURJPY,2023,195,300,1.2270147026191507,4.155556494908528,2.39004204173455,-694.7747290652098,-575.5687397756626,-575.5687397756626
EURJPY,2024,290,300,-1.851787607521826,0.6687697385790812,0.3999228343900271,-1675.5911819839275,-1281.519792229714,-1216.8597917031088
EURJPY,2025,265,260,-2.604562266627588,-1.986828629788431,-2.181192009057361,-1540.67602884507,-1379.4475496300497,-1385.628038177808
GBPJPY,2013,255,285,8.494801949401914,8.494801949401914,6.315591871364432,-571.9089448054306,-571.9089448054306,-477.7422862430828
GBPJPY,2014,260,260,2.7637824379393416,2.7637824379393416,2.166350709941867,-554.6696884052071,-554.6696884052071,-554.6696884052071
GBPJPY,2015,255,250,1.5445581256232475,1.280902897581623,-0.23450826868921093,-802.9909271929147,-802.9909271929147,-802.9909271929147
GBPJPY,2016,255,265,7.200394432367208,7.200394432367208,7.083533024372797,-1508.150227143573,-1508.150227143573,-1508.150227143573
GBPJPY,2017,75,80,-4.678702917770301,-4.733540198190733,-2.4374314362392937,-1771.7865230860382,-1657.6261657922153,-981.0138762255425
GBPJPY,2018,10,260,-0.24753100184515417,-1.6222051819049734,-1.6751149060699437,-628.4842669350139,-1323.6689261454392,-894.3188574924624
GBPJPY,2019,60,165,0.3508741570297576,-5.404103094353896,-3.1212922646078174,-1105.9931636970107,-1890.9909448559265,-1291.1591359085078
GBPJPY,2020,55,10,0.6795063683201761,-0.5922880809449114,-1.857624174639459,-1206.5733376469404,-935.8252797254938,-807.1257972318444
GBPJPY,2021,5,5,2.5422953786034252,2.5422953786034252,1.371294505555546,-966.2954615125122,-966.2954615125122,-398.89337668404465
GBPJPY,2022,50,40,-5.6474715025280755,-0.5314211794861861,-2.010990698157677,-1635.7133600889847,-1659.3282520239527,-1564.2787596280018
GBPJPY,2023,5,220,-5.378153430345564,2.6054115834987233,-0.7960443458940948,-1849.8895913994706,-740.0631994127309,-641.9592793977463
GBPJPY,2024,275,280,3.6701485794337287,2.8262164822207114,3.338870020496253,-1225.835487932573,-1255.562541244447,-1225.835487932573
GBPJPY,2025,270,300,-1.453364899845949,-1.0555801871060557,-1.0569877542312798,-1073.4845105312638,-967.6474618907915,-968.014836910475
GBPJPY,2026,290,300,1.6917689320265492,1.6917689320265492,1.6917689320265488,-301.83785243525716,-301.83785243525716,-301.8378524352572
XAUUSD,2013,290,300,7.610142823729112,8.40332008062729,8.601225252570254,-1662.4762856177226,-1662.4762856177226,-1662.4762856177226
XAUUSD,2014,285,295,-1.5941271519032119,-2.1458546876585642,-4.228755603517768,-1380.8696179065473,-1380.8696179065473,-1685.1400062864468
XAUUSD,2015,50,295,-0.6874813313083054,-1.2522126960519726,0.93657443825263,-1855.4053428687057,-1681.290919487607,-855.6592074115572
XAUUSD,2016,245,255,-8.655235224949749,-8.636109813481317,-9.499118618372096,-2325.2282588844287,-2320.274777314105,-2543.794057780817
XAUUSD,2017,40,40,-5.1699981561357,-5.1699981561357,-3.9673552838047845,-1493.4619635796137,-1493.4619635796137,-1166.5344918756862
XAUUSD,2018,5,5,-5.4951889547769985,-5.4951889547769985,-3.2273348005596816,-1814.719640607851,-1814.719640607851,-1293.6676232036111
XAUUSD,2019,45,55,4.1911702424290675,2.1771323998595453,2.2054845013033506,-1017.2511297747811,-1102.965464776049,-569.1098910351161
XAUUSD,2020,45,55,2.2940092593062573,1.9960978375677612,3.944365499512488,-2093.8078504521163,-1972.5532491014742,-1437.2148394645178
XAUUSD,2021,115,170,1.058118682915995,-5.230725839592034,-3.997063924908061,-1284.4149002753875,-1838.4944405891702,-1645.5806652513152
XAUUSD,2022,115,235,-1.6010414054608664,-3.948597545477421,-3.3847756527101085,-1388.083068644782,-2527.740081602077,-2028.4555441459502
XAUUSD,2023,50,75,0.8900872732763316,1.348491690079865,0.4003490578480675,-1581.0423103595042,-1394.1050407104206,-1187.8037277749836
XAUUSD,2024,5,10,2.5983953770529706,-4.662231391014699,0.7298211810995688,-1343.590732137755,-2538.8428412222506,-1347.6162141240818
XAUUSD,2025,55,90,14.663246991419776,18.286416193642086,14.977685694477255,-1004.4725752245204,-1004.4725752245217,-858.1873519239559
XAUUSD,2026,215,220,-3.5651738724669695,-3.5651738724669695,-1.6149462948416895,-2938.999609002966,-2938.999609002966,-2689.37047906693
XAGUSD,2013,290,300,8.949359645853443,9.605115736448008,10.14688564446671,-2883.0029897014456,-2883.0029897014456,-2294.3218091529193
XAGUSD,2014,20,10,6.042892345011101,-2.5322828584714743,0.13306787290491773,-1749.6587955894852,-3294.2742172281437,-1559.0231603728562
XAGUSD,2015,20,235,-11.746945094425394,2.375782901705161,0.02699918971088936,-4202.425689576392,-1610.038580597325,-1538.6950736744698
XAGUSD,2016,240,240,-13.3749598886817,-13.3749598886817,-11.178671863621332,-3641.2872523751835,-3641.2872523751835,-3033.5670082748156
XAGUSD,2017,135,130,-16.615229631638783,-14.534045681606958,-15.505822676712896,-4869.690612107017,-3903.350291907905,-3972.956673161316
XAGUSD,2018,255,165,-2.977567249855734,-9.003144343152533,-5.737464087272199,-1287.4316842279704,-3093.141448441821,-1957.170228974701
XAGUSD,2019,50,55,2.2551405276971836,0.8496524369363683,0.8073288677467583,-1373.5840752579788,-2038.3519307725892,-1204.2865330935265
XAGUSD,2020,200,205,-3.1943873849732984,-11.051590762743386,-1.220314528540446,-5936.073532699238,-7539.472950634767,-5184.030342255277
XAGUSD,2021,30,240,-7.85156997245004,1.3027946560322514,-3.376755108160381,-3037.225134840343,-1811.363371176683,-1810.941046582086
XAGUSD,2022,30,240,-7.445821852958984,-6.747837554070647,-5.975398542951883,-6318.957683012168,-4131.764272472865,-3524.3704210821143
XAGUSD,2023,35,30,-7.0130389819321906,-0.8670820623542945,-11.471481612314152,-1963.68769769494,-1816.3957394841036,-3118.4243389638677
XAGUSD,2024,135,5,5.980245709874094,-1.963413450136873,2.090695265650943,-1720.942481904349,-4300.337361789343,-1441.3644033538692
XAGUSD,2025,35,40,23.447822993696377,19.344310878929953,22.470600542053734,-2038.7244456785245,-3280.3595042610223,-1513.2329966824168
XAGUSD,2026,180,180,-1.3009894120086685,-1.3009894120086685,-1.3009894120086685,-5480.032484660662,-5480.032484660662,-5480.032484660663
WTI,2016,45,270,2.590846427465895,-24.353920857109518,-16.54474793490652,-4117.92504477196,-10988.048808101194,-8973.282194172822
WTI,2017,45,45,-1.0765421054385458,-1.0765421054385458,-0.48729335075760727,-2956.731280357029,-2956.731280357029,-1883.0601633983265
WTI,2018,5,45,16.113309277911586,-4.120148192640584,3.468033047550024,-1507.1973703519193,-5752.588105006072,-3384.3571347401767
WTI,2019,5,5,-11.235952248501073,-11.235952248501073,-19.226638405569663,-5464.9403499029395,-5464.9403499029395,-5979.3452430483785
WTI,2020,5,5,45.58239139821823,45.58239139821823,4.954327751159782,-4393.984786730463,-4393.984786730463,-9458.486600823984
WTI,2021,5,15,-7.0321785528501355,19.322303576996916,6.7014790616757045,-4225.956893366012,-3122.1129112425424,-2358.8820772670365
WTI,2022,20,25,8.467697204810705,8.084999972197066,4.749031852527334,-4251.245343816612,-4548.935613727049,-3931.314056826415
WTI,2023,20,25,-1.4975440514557612,-2.7805985367048325,-3.8803541781125843,-3831.2208204770614,-4607.4947613170825,-1898.6068188770569
WTI,2024,80,80,-3.8651044412833704,-3.8651044412833704,-8.013181692380067,-2502.712609028553,-2502.712609028553,-2765.1986567475883
WTI,2025,80,80,-13.306740046264329,-13.306740046264329,-10.016747532644501,-5798.559823019274,-5798.559823019274,-4448.657695261645
WTI,2026,35,30,67.63516755521334,37.14346331482485,23.70730393267781,-2855.410102647613,-5562.89150269621,-2452.764782455906
UKOIL,2016,220,225,-19.547690510476322,-15.196800990870807,-17.746339164223084,-10818.241479796425,-9454.720467327434,-9723.576395294298
UKOIL,2017,10,5,-0.8010284465411137,6.328507551217095,-0.23622593401766895,-1826.6532724959634,-2017.4609129626278,-1939.9989391143552
UKOIL,2018,10,5,8.111274702299811,14.784298922129535,4.413514778552156,-2193.557284986209,-2097.5995252650564,-1513.5320778943892
UKOIL,2019,5,5,-11.047791279683292,-11.047791279683292,-15.339990459568583,-5767.794770279208,-5767.794770279208,-4326.207143805459
UKOIL,2020,25,15,41.438289938421875,-24.005776428201486,13.600784311605235,-3972.531485657797,-14844.85510429108,-5890.1083294669925
UKOIL,2021,25,15,6.914726109441232,-0.9942092349887737,-0.9138750205267692,-3441.8409170384984,-4135.743736310297,-3172.69437153504
UKOIL,2022,25,30,3.392978850763254,4.724198426294669,-1.9432633941450732,-5241.55685898437,-3932.916010056838,-5164.253065658094
UKOIL,2023,25,145,-15.069287807852639,-12.383536531509572,-11.272032814990807,-5626.916290695703,-5120.39203086041,-3671.555628420948
UKOIL,2024,80,200,2.1218784157587165,-12.691031925469462,-4.242426836032439,-1543.9920656700078,-3653.6141482759613,-1903.8242368816882
UKOIL,2025,80,85,-10.371911649034764,-19.641554233871478,-5.670461126386895,-4719.830864338917,-6489.803960053284,-3233.1652807365913
UKOIL,2026,250,250,-6.603576116315918,-6.603576116315918,6.458790053797689,-4206.236765376038,-4206.236765376038,-3176.6276279317963
US500,2017,135,130,6.998727539904811,6.998727539904811,6.998727539904811,-275.20278507171315,-275.20278507171315,-275.20278507171315
US500,2018,135,130,-1.3127793008630977,-0.3618326911772668,-0.9165331347814865,-1738.7728577825658,-1561.3684046498838,-1647.9924292161945
US500,2019,205,200,0.20171318680213035,1.8542192592895959,-0.7916947249731292,-1718.1177001714323,-1543.176952571992,-1750.4949559427075
US500,2020,205,200,-4.167943344838217,-1.8358857336574077,-3.169725895976401,-3513.686243517484,-3391.143411113769,-2740.1192389689545
US500,2021,10,5,-6.536977181614482,-11.28614096698542,-3.885690828892016,-1999.8956344481785,-3163.4448693520585,-1334.2755018912185
US500,2022,210,55,-1.0416109234118531,-4.145207722631947,-6.332302583658637,-1611.5660694623034,-2464.54167310846,-2280.1778237912804
US500,2023,30,50,3.6631711336530595,0.8181450650025626,2.115786334161214,-1075.2331738084977,-1026.7536520854062,-657.5274147357667
US500,2024,130,140,8.384555690940257,8.384555690940257,8.384555690940259,-886.4592834365114,-886.4592834365114,-886.4592834365114
US500,2025,130,140,-3.5406957746207195,-2.555924446832476,1.1641615223740744,-2885.1709958977053,-2301.995088247004,-1520.3142345225442
US500,2026,185,190,7.343479151787224,7.343479151787224,6.313673200145496,-974.3321438428542,-974.3321438428542,-763.6802674409755
USTECH,2017,120,130,10.8597628869782,10.8597628869782,10.8597628869782,-530.8548007384363,-530.8548007384363,-530.8548007384363
USTECH,2018,120,130,4.0475971444083845,3.0641301894214537,3.1476319439881593,-1882.8876756765233,-2137.605617018138,-1990.0338034077379
USTECH,2019,120,110,-4.373026944726568,2.523531826891458,-3.423776550704505,-2569.4912825171455,-2041.6778837659435,-2321.0610476000716
USTECH,2020,280,290,15.967336466044957,17.183552965594647,10.526596650128857,-3229.449955319462,-3071.3092613736917,-4114.337675864043
USTECH,2021,290,290,9.888727703360601,9.888727703360601,9.888727703360601,-1100.8650823862476,-1100.8650823862476,-1100.8650823862476
USTECH,2022,290,300,-7.3279796858441,-6.6455131636491585,-8.597600304643965,-3996.7124147804816,-3819.9535855319937,-4325.544155049649
USTECH,2023,270,300,2.178979763125654,-3.8558379703182055,0.3271999233878354,-2158.627158584191,-2906.598977498549,-1806.321031598356
USTECH,2024,115,145,5.8770285226295025,9.181006084424993,7.743312213309012,-1953.6657362218825,-1492.8501257498872,-1466.5656929545316
USTECH,2025,145,145,-4.740492955193941,-4.740492955193941,-4.016391008358139,-3779.1623317500544,-3779.1623317500544,-3364.9668282641874
USTECH,2026,195,200,15.070497754803586,15.070497754803586,13.782722272034402,-1266.822899889839,-1266.822899889839,-1086.8105371980578
BTCUSD,2021,40,35,36.24706009353434,32.62684335161392,22.748960172350284,-3207.2539389010126,-4814.489583478497,-3237.7815832094434
BTCUSD,2022,25,30,10.161904266072339,5.394088438052724,1.0699905515427255,-5865.812468075636,-4566.1444058843035,-4770.2982928145475
BTCUSD,2023,260,250,3.7313217937889607,5.685535536829538,4.1050072615413,-5821.578707510706,-6077.044603294962,-5318.11632275498
BTCUSD,2024,250,250,26.058186115734838,26.058186115734838,17.763626667671044,-2598.174767391425,-2598.174767391425,-2983.3337364992335
BTCUSD,2025,265,260,-3.1456540056824327,-0.46027479189482595,-0.9227582860378857,-4897.324378868384,-3840.1829851563034,-3846.908101253792
BTCUSD,2026,75,300,7.468800780214229,0.20509016332017352,6.924677281343815,-3105.5475866422303,-4124.935810182165,-2463.8495037325783
