コード,銘柄,年,月,月末の週の終値
5946,長府製作所,2005,1,1536.0
5946,長府製作所,2005,2,1485.7
5946,長府製作所,2005,3,1661.6
5946,長府製作所,2005,4,1647.2
5946,長府製作所,2005,5,1546.7
5946,長府製作所,2005,6,1647.2
5946,長府製作所,2005,7,1645.1
5946,長府製作所,2005,8,1735.2
5946,長府製作所,2005,9,1793.0
5946,長府製作所,2005,10,2013.0
5946,長府製作所,2005,11,1879.6
5946,長府製作所,2005,12,1896.8
5946,長府製作所,2006,1,1860.5
5946,長府製作所,2006,2,1980.2
5946,長府製作所,2006,3,2031.0
5946,長府製作所,2006,4,1943.9
5946,長府製作所,2006,5,1827.9
5946,長府製作所,2006,6,1710.8
5946,長府製作所,2006,7,1678.0
5946,長府製作所,2006,8,1809.3
5946,長府製作所,2006,9,1747.3
5946,長府製作所,2006,10,1685.3
5946,長府製作所,2006,11,1535.7
5946,長府製作所,2006,12,1764.9
5946,長府製作所,2007,1,1794.3
5946,長府製作所,2007,2,2036.4
5946,長府製作所,2007,3,1853.0
5946,長府製作所,2007,4,1955.7
5946,長府製作所,2007,5,1834.6
5946,長府製作所,2007,6,1918.4
5946,長府製作所,2007,7,1682.3
5946,長府製作所,2007,8,1512.6
5946,長府製作所,2007,9,1475.7
5946,長府製作所,2007,10,1308.2
5946,長府製作所,2007,11,1334.0
5946,長府製作所,2007,12,1298.0
5946,長府製作所,2008,1,1227.3
5946,長府製作所,2008,2,1390.9
5946,長府製作所,2008,3,1532.3
5946,長府製作所,2008,4,1617.8
5946,長府製作所,2008,5,1647.6
5946,長府製作所,2008,6,1594.7
5946,長府製作所,2008,7,1684.5
5946,長府製作所,2008,8,1478.6
5946,長府製作所,2008,9,1572.2
5946,長府製作所,2008,10,1579.7
5946,長府製作所,2008,11,1572.2
5946,長府製作所,2008,12,1654.5
5946,長府製作所,2009,1,1511.3
5946,長府製作所,2009,2,1463.8
5946,長府製作所,2009,3,1439.0
5946,長府製作所,2009,4,1327.4
5946,長府製作所,2009,5,1388.5
5946,長府製作所,2009,6,1489.1
5946,長府製作所,2009,7,1466.3
5946,長府製作所,2009,8,1500.4
5946,長府製作所,2009,9,1410.8
5946,長府製作所,2009,10,1372.1
5946,長府製作所,2009,11,1354.7
5946,長府製作所,2009,12,1479.9
5946,長府製作所,2010,1,1612.2
5946,長府製作所,2010,2,1627.5
5946,長府製作所,2010,3,1629.8
5946,長府製作所,2010,4,1640.5
5946,長府製作所,2010,5,1441.6
5946,長府製作所,2010,6,1408.0
5946,長府製作所,2010,7,1435.0
5946,長府製作所,2010,8,1494.3
5946,長府製作所,2010,9,1456.5
5946,長府製作所,2010,10,1253.9
5946,長府製作所,2010,11,1348.7
5946,長府製作所,2010,12,1442.2
5946,長府製作所,2011,1,1453.1
5946,長府製作所,2011,2,1449.2
5946,長府製作所,2011,3,1547.9
5946,長府製作所,2011,4,1530.0
5946,長府製作所,2011,5,1453.9
5946,長府製作所,2011,6,1534.7
5946,長府製作所,2011,7,1570.0
5946,長府製作所,2011,8,1619.3
5946,長府製作所,2011,9,1744.6
5946,長府製作所,2011,10,1608.4
5946,長府製作所,2011,11,1476.8
5946,長府製作所,2011,12,1538.0
5946,長府製作所,2012,1,1534.1
5946,長府製作所,2012,2,1541.2
5946,長府製作所,2012,3,1520.7
5946,長府製作所,2012,4,1505.7
5946,長府製作所,2012,5,1352.6
5946,長府製作所,2012,6,1443.9
5946,長府製作所,2012,7,1399.3
5946,長府製作所,2012,8,1408.9
5946,長府製作所,2012,9,1506.0
5946,長府製作所,2012,10,1459.8
5946,長府製作所,2012,11,1491.7
5946,長府製作所,2012,12,1531.7
5946,長府製作所,2013,1,1550.2
5946,長府製作所,2013,2,1490.0
5946,長府製作所,2013,3,1701.0
5946,長府製作所,2013,4,1816.6
5946,長府製作所,2013,5,1665.7
5946,長府製作所,2013,6,1734.2
5946,長府製作所,2013,7,1743.1
5946,長府製作所,2013,8,1697.8
5946,長府製作所,2013,9,1834.4
5946,長府製作所,2013,10,1764.9
5946,長府製作所,2013,11,1973.5
5946,長府製作所,2013,12,2022.2
5946,長府製作所,2014,1,1868.3
5946,長府製作所,2014,2,2036.8
5946,長府製作所,2014,3,2102.8
5946,長府製作所,2014,4,2088.1
5946,長府製作所,2014,5,2092.2
5946,長府製作所,2014,6,2175.8
5946,長府製作所,2014,7,2193.0
5946,長府製作所,2014,8,2254.4
5946,長府製作所,2014,9,2481.3
5946,長府製作所,2014,10,2714.7
5946,長府製作所,2014,11,2464.9
5946,長府製作所,2014,12,2543.8
5946,長府製作所,2015,1,2450.8
5946,長府製作所,2015,2,2552.0
5946,長府製作所,2015,3,2469.7
5946,長府製作所,2015,4,2376.7
5946,長府製作所,2015,5,2461.5
5946,長府製作所,2015,6,2479.6
5946,長府製作所,2015,7,2265.2
5946,長府製作所,2015,8,2098.9
5946,長府製作所,2015,9,1940.0
5946,長府製作所,2015,10,2087.3
5946,長府製作所,2015,11,2269.4
5946,長府製作所,2015,12,2403.2
5946,長府製作所,2016,1,2046.1
5946,長府製作所,2016,2,2145.2
5946,長府製作所,2016,3,2123.5
5946,長府製作所,2016,4,2130.2
5946,長府製作所,2016,5,2191.8
5946,長府製作所,2016,6,1948.7
5946,長府製作所,2016,7,2193.5
5946,長府製作所,2016,8,1994.9
5946,長府製作所,2016,9,2211.9
5946,長府製作所,2016,10,2267.2
5946,長府製作所,2016,11,2258.9
5946,長府製作所,2016,12,2214.3
5946,長府製作所,2017,1,2197.4
5946,長府製作所,2017,2,2300.3
5946,長府製作所,2017,3,2194.1
5946,長府製作所,2017,4,2247.2
5946,長府製作所,2017,5,2271.6
5946,長府製作所,2017,6,2269.8
5946,長府製作所,2017,7,2289.3
5946,長府製作所,2017,8,2259.6
5946,長府製作所,2017,9,2242.7
5946,長府製作所,2017,10,2343.6
5946,長府製作所,2017,11,2266.4
5946,長府製作所,2017,12,2218.9
5946,長府製作所,2018,1,2216.3
5946,長府製作所,2018,2,2091.8
5946,長府製作所,2018,3,2161.7
5946,長府製作所,2018,4,2218.9
5946,長府製作所,2018,5,2128.5
5946,長府製作所,2018,6,2061.2
5946,長府製作所,2018,7,2070.6
5946,長府製作所,2018,8,2070.6
5946,長府製作所,2018,9,2245.0
5946,長府製作所,2018,10,1916.0
5946,長府製作所,2018,11,2050.9
5946,長府製作所,2018,12,1809.7
5946,長府製作所,2019,1,1819.2
5946,長府製作所,2019,2,1911.0
5946,長府製作所,2019,3,1985.5
5946,長府製作所,2019,4,2032.2
5946,長府製作所,2019,5,1861.7
5946,長府製作所,2019,6,1861.5
5946,長府製作所,2019,7,2029.0
5946,長府製作所,2019,8,1868.5
5946,長府製作所,2019,9,2111.0
5946,長府製作所,2019,10,2151.1
5946,長府製作所,2019,11,2117.1
5946,長府製作所,2019,12,2163.3
5946,長府製作所,2020,1,2058.8
5946,長府製作所,2020,2,1858.6
5946,長府製作所,2020,3,2237.9
5946,長府製作所,2020,4,1990.3
5946,長府製作所,2020,5,2042.1
5946,長府製作所,2020,6,2019.3
5946,長府製作所,2020,7,1918.5
5946,長府製作所,2020,8,1845.1
5946,長府製作所,2020,9,1896.4
5946,長府製作所,2020,10,1880.5
5946,長府製作所,2020,11,1836.3
5946,長府製作所,2020,12,1855.0
5946,長府製作所,2021,1,1806.0
5946,長府製作所,2021,2,1826.5
5946,長府製作所,2021,3,1941.4
5946,長府製作所,2021,4,1809.5
5946,長府製作所,2021,5,1837.2
5946,長府製作所,2021,6,1798.8
5946,長府製作所,2021,7,1790.7
5946,長府製作所,2021,8,1825.8
5946,長府製作所,2021,9,1993.9
5946,長府製作所,2021,10,1847.4
5946,長府製作所,2021,11,1813.2
5946,長府製作所,2021,12,1849.9
5946,長府製作所,2022,1,1767.3
5946,長府製作所,2022,2,1794.5
5946,長府製作所,2022,3,1814.5
5946,長府製作所,2022,4,1732.9
5946,長府製作所,2022,5,1623.2
5946,長府製作所,2022,6,1596.9
5946,長府製作所,2022,7,1701.9
5946,長府製作所,2022,8,1819.1
5946,長府製作所,2022,9,1869.5
5946,長府製作所,2022,10,1810.0
5946,長府製作所,2022,11,1867.7
5946,長府製作所,2022,12,1778.0
5946,長府製作所,2023,1,1918.7
5946,長府製作所,2023,2,2002.0
5946,長府製作所,2023,3,2059.4
5946,長府製作所,2023,4,2267.6
5946,長府製作所,2023,5,2161.2
5946,長府製作所,2023,6,2326.9
5946,長府製作所,2023,7,2315.7
5946,長府製作所,2023,8,1973.3
5946,長府製作所,2023,9,1955.5
5946,長府製作所,2023,10,2001.3
5946,長府製作所,2023,11,1939.7
5946,長府製作所,2023,12,1919.6
5946,長府製作所,2024,1,1942.3
5946,長府製作所,2024,2,1973.4
5946,長府製作所,2024,3,2060.3
5946,長府製作所,2024,4,2115.0
5946,長府製作所,2024,5,2140.5
5946,長府製作所,2024,6,2105.7
5946,長府製作所,2024,7,2014.1
5946,長府製作所,2024,8,1941.6
5946,長府製作所,2024,9,1896.8
5946,長府製作所,2024,10,1815.8
5946,長府製作所,2024,11,1813.9
5946,長府製作所,2024,12,1868.7
5946,長府製作所,2025,1,1865.8
5946,長府製作所,2025,2,1800.2
5946,長府製作所,2025,3,1811.8
5946,長府製作所,2025,4,1737.4
5946,長府製作所,2025,5,1766.4
5946,長府製作所,2025,6,1787.8
5946,長府製作所,2025,7,1938.4
5946,長府製作所,2025,8,1809.3
5946,長府製作所,2025,9,1897.3
5946,長府製作所,2025,10,1911.0
5946,長府製作所,2025,11,1968.7
5946,長府製作所,2025,12,1994.0
5946,長府製作所,2026,1,1975.2
5946,長府製作所,2026,2,2130.5
5946,長府製作所,2026,3,1986.1
5946,長府製作所,2026,4,1977.2
5946,長府製作所,2026,5,1988.1
5946,長府製作所,2026,6,1996.0
5946,長府製作所,2026,7,2102.0
5946,長府製作所,2026,8,2111.0
5946,長府製作所,2026,9,1978.0
5947,リンナイ,2005,1,660.5
5947,リンナイ,2005,2,646.5
5947,リンナイ,2005,3,684.6
5947,リンナイ,2005,4,684.1
5947,リンナイ,2005,5,681.5
5947,リンナイ,2005,6,698.1
5947,リンナイ,2005,7,690.4
5947,リンナイ,2005,8,649.7
5947,リンナイ,2005,9,668.5
5947,リンナイ,2005,10,695.4
5947,リンナイ,2005,11,718.5
5947,リンナイ,2005,12,715.9
5947,リンナイ,2006,1,755.6
5947,リンナイ,2006,2,842.7
5947,リンナイ,2006,3,907.7
5947,リンナイ,2006,4,807.4
5947,リンナイ,2006,5,856.2
5947,リンナイ,2006,6,779.1
5947,リンナイ,2006,7,723.8
5947,リンナイ,2006,8,797.1
5947,リンナイ,2006,9,872.8
5947,リンナイ,2006,10,878.0
5947,リンナイ,2006,11,839.3
5947,リンナイ,2006,12,919.3
5947,リンナイ,2007,1,909.0
5947,リンナイ,2007,2,836.7
5947,リンナイ,2007,3,815.0
5947,リンナイ,2007,4,859.1
5947,リンナイ,2007,5,999.2
5947,リンナイ,2007,6,999.2
5947,リンナイ,2007,7,934.3
5947,リンナイ,2007,8,934.3
5947,リンナイ,2007,9,894.9
5947,リンナイ,2007,10,894.9
5947,リンナイ,2007,11,991.5
5947,リンナイ,2007,12,952.3
5947,リンナイ,2008,1,884.5
5947,リンナイ,2008,2,850.6
5947,リンナイ,2008,3,878.8
5947,リンナイ,2008,4,894.6
5947,リンナイ,2008,5,999.5
5947,リンナイ,2008,6,1080.8
5947,リンナイ,2008,7,1012.6
5947,リンナイ,2008,8,1038.9
5947,リンナイ,2008,9,1109.7
5947,リンナイ,2008,10,941.0
5947,リンナイ,2008,11,906.8
5947,リンナイ,2008,12,922.6
5947,リンナイ,2009,1,935.8
5947,リンナイ,2009,2,898.9
5947,リンナイ,2009,3,983.5
5947,リンナイ,2009,4,917.2
5947,リンナイ,2009,5,1049.8
5947,リンナイ,2009,6,1105.5
5947,リンナイ,2009,7,1094.9
5947,リンナイ,2009,8,1200.9
5947,リンナイ,2009,9,1166.4
5947,リンナイ,2009,10,1070.5
5947,リンナイ,2009,11,1113.2
5947,リンナイ,2009,12,1193.0
5947,リンナイ,2010,1,1126.5
5947,リンナイ,2010,2,1249.0
5947,リンナイ,2010,3,1294.2
5947,リンナイ,2010,4,1234.6
5947,リンナイ,2010,5,1211.9
5947,リンナイ,2010,6,1233.3
5947,リンナイ,2010,7,1239.9
5947,リンナイ,2010,8,1353.6
5947,リンナイ,2010,9,1298.8
5947,リンナイ,2010,10,1317.2
5947,リンナイ,2010,11,1318.6
5947,リンナイ,2010,12,1333.4
5947,リンナイ,2011,1,1387.1
5947,リンナイ,2011,2,1325.3
5947,リンナイ,2011,3,1478.5
5947,リンナイ,2011,4,1439.1
5947,リンナイ,2011,5,1493.1
5947,リンナイ,2011,6,1541.7
5947,リンナイ,2011,7,1609.2
5947,リンナイ,2011,8,1582.2
5947,リンナイ,2011,9,1765.6
5947,リンナイ,2011,10,1605.6
5947,リンナイ,2011,11,1581.2
5947,リンナイ,2011,12,1494.4
5947,リンナイ,2012,1,1442.9
5947,リンナイ,2012,2,1575.8
5947,リンナイ,2012,3,1624.1
5947,リンナイ,2012,4,1594.1
5947,リンナイ,2012,5,1392.5
5947,リンナイ,2012,6,1493.3
5947,リンナイ,2012,7,1407.2
5947,リンナイ,2012,8,1553.2
5947,リンナイ,2012,9,1594.0
5947,リンナイ,2012,10,1498.1
5947,リンナイ,2012,11,1572.1
5947,リンナイ,2012,12,1602.2
5947,リンナイ,2013,1,1793.9
5947,リンナイ,2013,2,1807.6
5947,リンナイ,2013,3,1862.7
5947,リンナイ,2013,4,2049.8
5947,リンナイ,2013,5,2217.6
5947,リンナイ,2013,6,1942.5
5947,リンナイ,2013,7,2003.0
5947,リンナイ,2013,8,1890.2
5947,リンナイ,2013,9,2061.4
5947,リンナイ,2013,10,2014.4
5947,リンナイ,2013,11,2138.8
5947,リンナイ,2013,12,2263.1
5947,リンナイ,2014,1,2213.4
5947,リンナイ,2014,2,2359.8
5947,リンナイ,2014,3,2433.9
5947,リンナイ,2014,4,2420.0
5947,リンナイ,2014,5,2475.5
5947,リンナイ,2014,6,2686.4
5947,リンナイ,2014,7,2628.1
5947,リンナイ,2014,8,2561.5
5947,リンナイ,2014,9,2544.4
5947,リンナイ,2014,10,2733.9
5947,リンナイ,2014,11,2458.0
5947,リンナイ,2014,12,2265.7
5947,リンナイ,2015,1,2209.9
5947,リンナイ,2015,2,2346.5
5947,リンナイ,2015,3,2485.3
5947,リンナイ,2015,4,2546.8
5947,リンナイ,2015,5,2678.4
5947,リンナイ,2015,6,2787.5
5947,リンナイ,2015,7,2454.5
5947,リンナイ,2015,8,2518.9
5947,リンナイ,2015,9,2588.8
5947,リンナイ,2015,10,2706.9
5947,リンナイ,2015,11,3120.1
5947,リンナイ,2015,12,3030.1
5947,リンナイ,2016,1,3075.1
5947,リンナイ,2016,2,2782.8
5947,リンナイ,2016,3,2853.1
5947,リンナイ,2016,4,2757.6
5947,リンナイ,2016,5,2678.6
5947,リンナイ,2016,6,2393.5
5947,リンナイ,2016,7,2859.2
5947,リンナイ,2016,8,2749.1
5947,リンナイ,2016,9,2650.7
5947,リンナイ,2016,10,2852.0
5947,リンナイ,2016,11,2662.0
5947,リンナイ,2016,12,2673.4
5947,リンナイ,2017,1,2724.4
5947,リンナイ,2017,2,2548.6
5947,リンナイ,2017,3,2523.6
5947,リンナイ,2017,4,2637.6
5947,リンナイ,2017,5,2808.5
5947,リンナイ,2017,6,2982.2
5947,リンナイ,2017,7,2942.3
5947,リンナイ,2017,8,2734.4
5947,リンナイ,2017,9,2755.5
5947,リンナイ,2017,10,2784.2
5947,リンナイ,2017,11,2769.8
5947,リンナイ,2017,12,2918.6
5947,リンナイ,2018,1,2964.4
5947,リンナイ,2018,2,2792.7
5947,リンナイ,2018,3,2903.3
5947,リンナイ,2018,4,3130.4
5947,リンナイ,2018,5,3015.4
5947,リンナイ,2018,6,2808.4
5947,リンナイ,2018,7,2788.3
5947,リンナイ,2018,8,2377.2
5947,リンナイ,2018,9,2502.7
5947,リンナイ,2018,10,2346.7
5947,リンナイ,2018,11,2352.5
5947,リンナイ,2018,12,2092.4
5947,リンナイ,2019,1,2063.5
5947,リンナイ,2019,2,2115.5
5947,リンナイ,2019,3,2276.6
5947,リンナイ,2019,4,2174.9
5947,リンナイ,2019,5,2070.2
5947,リンナイ,2019,6,1991.7
5947,リンナイ,2019,7,2125.4
5947,リンナイ,2019,8,1939.4
5947,リンナイ,2019,9,2139.4
5947,リンナイ,2019,10,2282.8
5947,リンナイ,2019,11,2458.4
5947,リンナイ,2019,12,2502.3
5947,リンナイ,2020,1,2306.2
5947,リンナイ,2020,2,2157.0
5947,リンナイ,2020,3,2282.8
5947,リンナイ,2020,4,2385.9
5947,リンナイ,2020,5,2671.6
5947,リンナイ,2020,6,2686.3
5947,リンナイ,2020,7,2545.0
5947,リンナイ,2020,8,2848.3
5947,リンナイ,2020,9,2945.5
5947,リンナイ,2020,10,3050.2
5947,リンナイ,2020,11,3642.4
5947,リンナイ,2020,12,3547.7
5947,リンナイ,2021,1,3239.7
5947,リンナイ,2021,2,3192.3
5947,リンナイ,2021,3,3713.5
5947,リンナイ,2021,4,3265.6
5947,リンナイ,2021,5,3253.7
5947,リンナイ,2021,6,3173.4
5947,リンナイ,2021,7,3009.8
5947,リンナイ,2021,8,3402.4
5947,リンナイ,2021,9,3925.9
5947,リンナイ,2021,10,3487.5
5947,リンナイ,2021,11,3403.7
5947,リンナイ,2021,12,3104.6
5947,リンナイ,2022,1,3026.9
5947,リンナイ,2022,2,2787.6
5947,リンナイ,2022,3,2790.6
5947,リンナイ,2022,4,2507.3
5947,リンナイ,2022,5,2561.6
5947,リンナイ,2022,6,2775.5
5947,リンナイ,2022,7,3037.7
5947,リンナイ,2022,8,3236.6
5947,リンナイ,2022,9,3154.3
5947,リンナイ,2022,10,3057.2
5947,リンナイ,2022,11,3166.5
5947,リンナイ,2022,12,2984.3
5947,リンナイ,2023,1,3026.8
5947,リンナイ,2023,2,2899.3
5947,リンナイ,2023,3,2972.3
5947,リンナイ,2023,4,3013.7
5947,リンナイ,2023,5,2754.6
5947,リンナイ,2023,6,2876.8
5947,リンナイ,2023,7,2859.3
5947,リンナイ,2023,8,2605.7
5947,リンナイ,2023,9,2600.2
5947,リンナイ,2023,10,2551.0
5947,リンナイ,2023,11,2799.9
5947,リンナイ,2023,12,3034.8
5947,リンナイ,2024,1,3123.0
5947,リンナイ,2024,2,3298.5
5947,リンナイ,2024,3,3262.4
5947,リンナイ,2024,4,3150.0
5947,リンナイ,2024,5,3530.3
5947,リンナイ,2024,6,3428.2
5947,リンナイ,2024,7,3444.1
5947,リンナイ,2024,8,3063.8
5947,リンナイ,2024,9,3403.6
5947,リンナイ,2024,10,3171.5
5947,リンナイ,2024,11,3019.9
5947,リンナイ,2024,12,3087.2
5947,リンナイ,2025,1,3246.3
5947,リンナイ,2025,2,3247.3
5947,リンナイ,2025,3,3374.9
5947,リンナイ,2025,4,3021.4
5947,リンナイ,2025,5,3453.5
5947,リンナイ,2025,6,3408.4
5947,リンナイ,2025,7,3574.2
5947,リンナイ,2025,8,3511.9
5947,リンナイ,2025,9,3449.6
5947,リンナイ,2025,10,3399.1
5947,リンナイ,2025,11,3864.4
5947,リンナイ,2025,12,3847.0
5947,リンナイ,2026,1,3943.1
5947,リンナイ,2026,2,3956.7
5947,リンナイ,2026,3,3643.9
5947,リンナイ,2026,4,3458.8
5947,リンナイ,2026,5,3340.7
5947,リンナイ,2026,6,3532.7
5947,リンナイ,2026,7,3524.8
5947,リンナイ,2026,8,3568.1
5947,リンナイ,2026,9,3370.0
