year,0,1,2,3,4,5,6,7,8,9,10,11,12,13,14,15,16,17,18,19,20,21,22,23
2007,,,,,,,,,,,,,,,,,,,,,,,,
2008,2.8484356089590257,2.407925048786896,3.1128222638185066,5.440211769041708,6.566937242308687,6.376172834597921,6.363845635619687,6.900960689449377,6.758489158204815,6.727816833823316,6.459885937676701,6.161927021049696,6.561299419533415,5.829485283869525,7.440270534062755,7.188283570209987,3.499238969477358,3.190476668393862,3.523403764735592,4.027475904576528,3.2051538232743466,3.0655680567660517,2.7605481203331954,2.7483564044737454
2009,-1.9690103075250824,-1.4687043057487945,-1.0973996097418972,-1.5527309381014922,-1.6689257626428309,-1.480056374711508,-2.2792440038727526,-2.699552794699616,-2.9272958498448443,-3.290868032454649,-3.192815198525444,-3.2238234260720473,-2.147972356018703,-2.0055829829884324,-2.68758064977259,-3.447632210901763,-3.4167025164625144,-1.0887067030427773,-0.5263585851830497,-0.7446912838954772,-0.44756469437242946,-0.0052179772354507435,-0.6910179685023687,-0.7905775006780502
2010,0.6216002940908869,0.27659876529487737,0.6965914364896928,-0.17208001587987792,0.12232869348532863,0.4623659178877113,0.6375182093439948,0.3789765838522348,0.01319656461282559,0.5118470628107763,0.446353323643707,0.7249170186516427,0.3052859693737723,0.07665184532561894,0.6943365453488938,0.7549622880152521,0.8416291445380084,1.2804567778883382,1.1234231256588587,0.07984456377543933,0.814729659479702,0.6664185812650757,0.4111483722681397,0.5471602649968788
2011,-2.2034210776211696,-1.6057785518549317,-1.7412977525140454,-1.5036421798882962,-2.3307340346451424,-2.38304161995887,-2.739282438058999,-2.44845427842199,-3.0439283668029558,-1.0735174664330238,-1.7772219817602126,-2.1332756179800794,-2.625948273618643,-2.4408484099210033,-3.0573414206176635,-2.729313506792788,-2.9284369217150923,-1.2263062845189863,-2.220040689023298,-1.652855373061587,-1.1908287877691928,-1.8395193431417647,-2.646117158182601,-2.7037068333961964
2012,-1.5926987686881078,-1.0374201553379776,-1.0564715726015756,-0.7152099654337098,-0.6853918692479165,-0.9000859140968299,-0.7776595408443424,-0.39711393537809864,-0.5290176363151742,-0.31910231598425653,-0.40222298346408003,-0.5351766709325781,-0.4978979087829235,-1.2472658076167922,-0.8892679821368196,-1.0172079782652355,-3.335196246778534,-2.3782122909621046,-3.2648576816469927,-1.209852065647113,-1.4983992509070987,-1.5063884350095815,-1.3151171709754281,-1.4979054675565955
2013,1.892724240646683,1.8349600913948205,2.0083227782251027,1.8779110662853395,2.443298027469452,2.788312399584401,2.5311378385417465,2.725173342116693,2.9536294934906424,3.556010510025253,2.9265785854115944,2.895385483200463,2.9783887035374437,2.6481822406225,2.803252537678385,2.076697286210078,2.120981499540166,2.53405426626427,2.609629453592561,2.146267043286978,2.023543445987587,2.4011207107501997,2.149996975071953,1.8546993551744235
2014,2.89006401810486,2.8875778982870512,2.8432900473082676,2.481457432876526,3.0404931282723586,2.990942387648763,2.958177302301745,2.9268856645403893,2.776748023758356,2.8378641703953327,2.612335454540143,2.733032856446912,2.6843683461905217,2.3422033467347534,3.0316526326633593,3.0356910943932225,3.841288189170309,3.549547392036374,3.1431713361571263,2.8836721849452718,2.7839936923406468,2.837454425470131,3.0767030013274597,2.946598777562937
2015,-1.796746527284371,-1.5830466904255098,-1.6216530017681943,-1.1651986688487084,-1.0900949333958487,-0.3465093243619489,-0.4148976266619511,-1.5393372284921973,-1.1952748347012823,-0.8642163353686101,-0.9744526476619589,-0.285620121686694,0.13437473657146612,-0.5925231789428383,-0.7748602357416109,-1.0740202079317325,-0.9170922579718036,-1.6615021236187222,-1.7345105718055673,-1.8395334945593944,-1.5973236136964846,-1.9132793384757802,-2.145156873175565,-1.968181043076324
2016,2.1116359258478723,1.7768367311368678,2.449820358397877,0.6474115948876674,-0.3438688881262924,-0.5498769907202109,0.6544618076722539,1.2789818605443608,1.0368335650012237,1.2218037384523244,1.2578628963006266,0.802169635142964,1.100717585384016,1.8483802636380575,2.1178656324463985,1.439560088501583,1.548127907714813,2.375447989362727,1.8640476416225695,1.8053957464512393,2.21500345019679,2.029661574063355,2.0208435649624104,2.1761243212696466
2017,11.945722676335055,12.26358660115477,12.238240153253516,10.827538317582404,9.929637055479258,10.214588899920596,9.589379107703508,9.936856967463255,10.150679482655525,10.216164100231579,9.572400727963702,10.012871913585737,9.707466297924693,9.193217331938193,8.79502151857519,9.30662616099692,11.553836124190259,13.416022295483254,12.857042146626231,12.519453965322779,12.245808873903165,11.97779322700551,12.161790140566382,12.099747355825011
2018,2.838963833291788,2.75142604404751,2.0527715904352037,1.3181070551001512,-1.027619690318995,-1.297160713917067,-1.1277097184271594,-2.126494143839688,-2.7328465903613606,-2.3178897331577923,-2.1406509068889616,-2.8439978531206713,-2.8003085686481617,-2.5615846968958094,-2.4097693644002853,-2.223953171951783,-0.27958763726926833,2.8608561746126187,1.8676480071338257,2.0330421527696054,2.4483657472848597,2.9331662817731785,3.125366488968508,3.218247960534128
2019,1.3143602435174937,1.599111075635124,1.4912402336525312,1.0147784465480745,1.1145942799310344,1.1285785741046783,1.3644867600812445,1.6913691373506732,1.695794586250191,2.295932782948427,1.2804113925150167,1.5889463783543973,1.3510626444057179,1.5347233135269294,1.487079196195842,0.9989741251773405,1.4222936995413937,0.8120257037718948,1.3256808499366632,1.050973721493064,1.527083326215107,1.287998264986407,1.3018529958698992,0.9391739377154125
2020,-2.5636492798455413,-3.382184801481868,-3.3551188846195212,-1.4160789705848567,-0.29096454623125073,0.07751556046867497,1.417458300543262,1.84315688991957,2.0472620550555365,1.319295136013797,1.4921860881267421,1.7776935227397115,1.5065294466701469,2.298087733737861,1.9245042671212724,2.1419365253944838,-0.8990975493460165,-2.438408301758423,-2.23429423676907,-2.124807616077135,-1.201110780908395,-1.6706850803796,-1.4617137028941087,-1.6831345271077125
2021,1.3139958429701641,1.3849502825836564,1.0343154277682425,0.968102245086389,1.4315341907019845,0.389636673724939,0.82294952223279,0.8083777215284097,0.8010216260820847,0.6924429531010674,0.533584878115803,0.5989247977079124,0.5571429479376424,0.05540795205186602,1.4221005029658302,1.2390957518072043,1.0634627738083722,1.2469093569193808,1.0907984932224273,1.3179793703527067,1.5931493658300695,1.0578276876098491,1.0772450276114407,1.2281176454443492
2022,-1.9738722122322285,-0.5577104136970097,-0.5141038449372656,-0.279666975451338,-0.08312174484741526,-0.14174185731701694,-0.20247292634042838,-0.39372750391508493,-1.166199356898999,-1.3913213583978028,-0.5604627176091344,-1.5253820136871026,-1.3589934200311469,-1.9357277156991666,-0.9351819446941361,-1.4167111455282884,-1.9080311530764218,-0.7779388148966538,-0.4091237351012998,-1.3756545952589585,-1.8721257348455367,-1.7996640937775212,-1.516755213803253,-1.210453168565888
2023,0.8994422100547804,0.8071353645830424,0.45771806348583544,0.4424993040402946,-0.7463854515275334,0.149003902677912,-0.9343975887979096,-1.0907411550242296,-1.1052642153040528,-0.7329720026969847,-0.8964752977308641,-1.244446914130814,-1.5701754434880504,-0.944376033308442,-0.9194252235251803,-1.2545026332233948,0.007642515298742817,0.22904894593943392,0.7790463145880333,0.6954957818441334,1.3386305529094322,1.0730268534816276,1.08159687385767,1.0952339287774886
2024,-1.6507546772783654,-1.9988569917516963,-1.5432376070952902,-0.7251935336244433,-0.6851594200988479,-0.26495672840970175,-1.4198467849408338,-1.7785267419172124,-1.9823673093280834,-1.0991958156298123,-0.6548843022461714,-0.6039270876432193,-0.9522001482307526,-1.3315928702672883,-1.2934035982728156,-1.2382249101943434,-1.7008854658470296,-1.6119802273249444,-1.6625248691990147,-1.8549106395748027,-2.0656693765582115,-1.9624338228927416,-1.991058248371021,-1.678350726665655
2025,2.181337370010686,2.056077303928166,2.364088662860043,2.5598364086081946,1.61703795923838,1.5158892268464266,1.2772627047731813,1.7575952475574506,1.5030146344728597,1.534179730009052,1.5043070555476648,1.2549589684511266,0.7690699310672424,1.4137361055716369,1.5759639314276555,1.4417321174644904,3.6046347866630475,2.2569313677306364,2.7849940112385116,2.8870984180692214,3.090204206778336,2.8442754015463634,2.8103626119152474,2.4072610560775796
2026,6.970670785622855,7.81940501199759,7.460773611827336,7.562588054147867,5.677300170534564,6.380047144354418,5.868422864330652,5.486142282162813,5.99104956600814,5.511849724485656,3.7219529262036057,5.146623652762303,5.9591813262504845,5.633325421934141,4.692709855085334,4.2608657922474835,4.3026593379011375,6.963293203189233,6.768583910300832,7.336886319893551,6.9184058845416825,6.896314899902333,6.9008957133547515,7.148509376203616
