sym,year,n_sel,n_test,L_A,mdd_A,pnl_A,sharpe_A,L_B,mdd_B,pnl_B,sharpe_B,L_C,mdd_C,pnl_C,sharpe_C
EURUSD,2010,523,261,20,772.9079126546162,5.499555996757697,1.1615259382470609,20,772.9079126546162,5.499555996757697,1.1615259382470609,20,772.9079126546162,5.499555996757697,1.1615259382470609
EURUSD,2011,784,260,80,1340.191817135731,-1.6893886506319928,-0.35618971683117645,20,2336.644196734306,-4.771436654637698,-1.0066078057484762,20,2336.644196734306,-4.771436654637698,-1.0066078057484762
EURUSD,2012,782,261,80,1044.7963139828012,-1.684220482825575,-0.5189635990627394,80,1044.7963139828012,-1.684220482825575,-0.5189635990627394,85,751.3824140549864,-0.44130262877383775,-0.135994707036782
EURUSD,2013,782,261,25,1545.2161937355586,-5.394050864838884,-1.7621635723122562,65,1350.0930295708397,-2.8183240456857908,-0.9169801336610125,25,1545.2161937355586,-5.394050864838884,-1.7621635723122562
EURUSD,2014,782,261,135,409.63631299481176,3.624624988087479,1.461314338675018,65,243.73678988943925,5.011374174134495,2.028048931437839,135,409.63631299481176,3.624624988087479,1.461314338675018
EURUSD,2015,783,261,235,1018.6195260910953,3.8771312780399714,0.8364436670967356,280,1018.6195260910953,3.8771312780399714,0.8364436670967356,235,1018.6195260910953,3.8771312780399714,0.8364436670967356
EURUSD,2016,783,260,220,1381.8920793302445,-2.672172119318332,-0.8316360771737148,280,1182.2855682815498,-3.0513410475326905,-0.9491818518930689,220,1381.8920793302445,-2.672172119318332,-0.8316360771737148
EURUSD,2017,782,260,30,996.6025012789157,-0.0058175464493043175,-0.002044889045363512,30,996.6025012789157,-0.0058175464493043175,-0.002044889045363512,30,996.6025012789157,-0.0058175464493043175,-0.002044889045363512
EURUSD,2018,781,261,110,565.8851982869539,0.5110088846667401,0.17978126388061846,30,914.3437771469963,-0.03847851181208358,-0.013538500177212776,110,565.8851982869539,0.5110088846667401,0.17978126388061846
EURUSD,2019,781,261,110,339.5761362971442,0.11063073286970765,0.05471785982345297,30,953.0962588148218,-3.201317646966991,-1.587285737688711,110,339.5761362971442,0.11063073286970765,0.05471785982345297
EURUSD,2020,782,262,105,632.2994606700576,1.9237190049742932,0.6472822185615068,105,632.2994606700576,1.9237190049742932,0.6472822185615068,105,632.2994606700576,1.9237190049742932,0.6472822185615068
EURUSD,2021,784,260,65,901.9371043686251,-1.2486462303954453,-0.5655965070242988,65,901.9371043686251,-1.2486462303954453,-0.5655965070242988,210,605.7839152273621,0.0722818127553908,0.03271007549285327
EURUSD,2022,783,260,130,970.6431404994607,3.3621389128527612,0.861997155866456,130,970.6431404994607,3.3621389128527612,0.861997155866456,130,970.6431404994607,3.3621389128527612,0.861997155866456
EURUSD,2023,782,260,130,915.8309185485541,-1.4740082504638496,-0.4958354322162799,55,1622.8108517548521,-4.139165836064718,-1.399039875842472,130,915.8309185485541,-1.4740082504638496,-0.4958354322162799
EURUSD,2024,780,262,35,695.2434563981565,0.2779470019032669,0.11863907495622214,35,695.2434563981565,0.2779470019032669,0.11863907495622214,35,695.2434563981565,0.2779470019032669,0.11863907495622214
EURUSD,2025,782,261,35,823.1160518234591,0.42499139093106664,0.13479686327294657,35,823.1160518234591,0.42499139093106664,0.13479686327294657,35,823.1160518234591,0.42499139093106664,0.13479686327294657
EURUSD,2026,783,129,20,269.20364368651394,-0.1483097677741554,-0.059577532469466774,20,269.20364368651394,-0.1483097677741554,-0.059577532469466774,20,269.20364368651394,-0.1483097677741554,-0.059577532469466774
GBPUSD,2010,523,261,10,829.5273567110228,1.8606354316039944,0.46464246425613015,10,829.5273567110228,1.8606354316039944,0.46464246425613015,10,829.5273567110228,1.8606354316039944,0.46464246425613015
GBPUSD,2011,784,260,115,1213.6955711387513,-2.6098882817837588,-0.7744378573360068,45,1856.5073455243305,-6.417098189189877,-1.912858946877111,115,1213.6955711387513,-2.6098882817837588,-0.7744378573360068
GBPUSD,2012,782,261,135,944.39617512023,-1.6676741483025272,-0.6857661784321334,130,903.3482028086303,-1.1071271486383636,-0.45519013229598904,135,944.39617512023,-1.6676741483025272,-0.6857661784321334
GBPUSD,2013,782,261,135,682.072340255461,-0.05668936554761217,-0.018580364413069848,135,682.072340255461,-0.05668936554761217,-0.018580364413069848,135,682.072340255461,-0.05668936554761217,-0.018580364413069848
GBPUSD,2014,782,261,130,361.54547695344377,2.48250512861353,1.0894500338498527,105,434.6783940627379,1.8512271156241324,0.8118221557953711,130,361.54547695344377,2.48250512861353,1.0894500338498527
GBPUSD,2015,783,261,65,700.1531183493707,3.0579803273995143,0.9318383812674105,65,700.1531183493707,3.0579803273995143,0.9318383812674105,65,700.1531183493707,3.0579803273995143,0.9318383812674105
GBPUSD,2016,783,260,65,1297.1893352613345,1.2261995194406754,0.24088915825383758,65,1297.1893352613345,1.2261995194406754,0.24088915825383758,65,1297.1893352613345,1.2261995194406754,0.24088915825383758
GBPUSD,2017,782,260,125,508.78154206175367,2.6268108253580533,0.7648068223445137,125,508.78154206175367,2.6268108253580533,0.7648068223445137,125,508.78154206175367,2.6268108253580533,0.7648068223445137
GBPUSD,2018,781,261,125,878.1695611188061,0.49725754595044475,0.15146210588727782,125,878.1695611188061,0.49725754595044475,0.15146210588727782,125,878.1695611188061,0.49725754595044475,0.15146210588727782
GBPUSD,2019,781,261,125,2155.2666285003133,-6.093188771792698,-1.8275388271076878,135,896.5146306420978,0.06487524971740115,0.019341560165794393,125,2155.2666285003133,-6.093188771792698,-1.8275388271076878
GBPUSD,2020,782,262,60,1503.0138955840957,-2.209899138980505,-0.5075176764710795,20,1592.7640331031757,-1.454964035544456,-0.334187199726088,60,1503.0138955840957,-2.209899138980505,-0.5075176764710795
GBPUSD,2021,784,260,85,378.50360378332783,1.0487634161849255,0.4012167392076089,20,1146.8396598286809,-1.9813014065133319,-0.7580937444120461,85,378.50360378332783,1.0487634161849255,0.4012167392076089
GBPUSD,2022,783,260,85,1602.0640425022766,2.3392751552112845,0.48426660226772894,50,892.7849735625389,5.151793368679294,1.0688827912259253,85,1602.0640425022766,2.3392751552112845,0.48426660226772894
GBPUSD,2023,782,260,50,669.9772932912945,0.04501280318762037,0.013953043827490763,50,669.9772932912945,0.04501280318762037,0.013953043827490763,50,669.9772932912945,0.04501280318762037,0.013953043827490763
GBPUSD,2024,780,262,35,582.343210871612,0.5641365795737784,0.2270130995473663,35,582.343210871612,0.5641365795737784,0.2270130995473663,35,582.343210871612,0.5641365795737784,0.2270130995473663
GBPUSD,2025,782,261,35,728.4050458987638,1.0089052290610596,0.3509853750840178,35,728.4050458987638,1.0089052290610596,0.3509853750840178,35,728.4050458987638,1.0089052290610596,0.3509853750840178
GBPUSD,2026,783,129,30,565.4418703635054,-0.9417683238227318,-0.34198436583661346,20,443.9479604809846,-1.2105696921389402,-0.4397389748190944,30,565.4418703635054,-0.9417683238227318,-0.34198436583661346
AUDUSD,2010,521,261,20,1036.9362945890311,2.1847341491098193,0.39842352319779134,20,1036.9362945890311,2.1847341491098193,0.39842352319779134,20,1036.9362945890311,2.1847341491098193,0.39842352319779134
AUDUSD,2011,782,260,115,2262.432953352428,-4.969223259556941,-0.8734103837176278,260,1934.974788616659,-4.414567163983086,-0.7759900858832566,85,1212.304067238546,-1.157747700741812,-0.20329414531448256
AUDUSD,2012,781,261,85,1358.2623360331697,-3.6162540627201594,-1.060272700373258,85,1358.2623360331697,-3.6162540627201594,-1.060272700373258,85,1358.2623360331697,-3.6162540627201594,-1.060272700373258
AUDUSD,2013,782,261,285,871.0026074172204,5.34137966173157,1.3604259779036525,10,1098.204340923584,2.0304720778863037,0.5157464388777266,285,871.0026074172204,5.34137966173157,1.3604259779036525
AUDUSD,2014,782,261,10,889.5817360199158,0.4925619382650522,0.1517403530357108,10,889.5817360199158,0.4925619382650522,0.1517403530357108,10,889.5817360199158,0.4925619382650522,0.1517403530357108
AUDUSD,2015,783,261,30,1694.9926930080396,-3.2088976711246113,-0.7082040050734018,30,1694.9926930080396,-3.2088976711246113,-0.7082040050734018,30,1694.9926930080396,-3.2088976711246113,-0.7082040050734018
AUDUSD,2016,783,260,50,2312.200976770908,-5.8085124635298,-1.3199977159950742,50,2312.200976770908,-5.8085124635298,-1.3199977159950742,50,2312.200976770908,-5.8085124635298,-1.3199977159950742
AUDUSD,2017,782,260,105,1544.4328184037245,-5.887367374636126,-1.9981382265190428,5,985.3331139500006,-0.9612361593913674,-0.3227534451040301,105,1544.4328184037245,-5.887367374636126,-1.9981382265190428
AUDUSD,2018,781,261,170,436.90144197268717,4.4414715133636955,1.3056268854937485,5,1280.7520042544852,-2.073174490261583,-0.6079298796570767,160,509.1428255132107,3.785208015620262,1.11192007970532
AUDUSD,2019,781,261,170,505.53603433735935,0.16263547794340527,0.05655542708897675,170,505.53603433735935,0.16263547794340527,0.05655542708897675,170,505.53603433735935,0.16263547794340527,0.05655542708897675
AUDUSD,2020,782,262,265,2844.996010329419,0.1837289901286077,0.03744453266899436,170,1693.732165790419,4.8213818547438265,0.9853755119309794,265,2844.996010329419,0.1837289901286077,0.03744453266899436
AUDUSD,2021,784,260,170,1062.6652464342844,-1.3145638027974385,-0.36966346674300665,170,1062.6652464342844,-1.3145638027974385,-0.36966346674300665,170,1062.6652464342844,-1.3145638027974385,-0.36966346674300665
AUDUSD,2022,783,260,15,1217.983852231342,-1.2511168548310982,-0.23789993910854806,15,1217.983852231342,-1.2511168548310982,-0.23789993910854806,15,1217.983852231342,-1.2511168548310982,-0.23789993910854806
AUDUSD,2023,782,260,15,2461.9724840743474,-4.9097663447583395,-1.1548368571601442,15,2461.9724840743474,-4.9097663447583395,-1.1548368571601442,15,2461.9724840743474,-4.9097663447583395,-1.1548368571601442
AUDUSD,2024,780,262,120,1574.940385222283,-2.4242548771980195,-0.7154710088289755,275,1448.6353705667377,-2.010475891318524,-0.5944030519377628,120,1574.940385222283,-2.4242548771980195,-0.7154710088289755
AUDUSD,2025,782,261,275,1283.0362753142736,-2.3029513745491585,-0.6085903606526502,275,1283.0362753142736,-2.3029513745491585,-0.6085903606526502,275,1283.0362753142736,-2.3029513745491585,-0.6085903606526502
AUDUSD,2026,783,129,145,522.3528763002604,2.905918902141248,0.7705933637099852,275,522.3528763002604,2.905918902141248,0.7705933637099852,145,522.3528763002604,2.905918902141248,0.7705933637099852
USDJPY,2011,761,260,15,1362.2261701098628,-4.869904154616832,-1.437418349347116,240,769.964818942206,1.9086217163699757,0.560698615959358,15,1362.2261701098628,-4.869904154616832,-1.437418349347116
USDJPY,2012,782,261,295,1011.659951485405,1.7871627408815058,0.5843592362755675,300,1393.2255807659087,0.1259567600934931,0.041161886805418574,300,1393.2255807659087,0.1259567600934931,0.041161886805418574
USDJPY,2013,782,261,295,908.6820296827514,7.735976536707763,1.5758669827197702,295,908.6820296827514,7.735976536707763,1.5758669827197702,100,908.6820296827514,6.48473906213262,1.3194224013663298
USDJPY,2014,782,261,100,852.998551626514,2.319683974359814,0.7323908410752151,100,852.998551626514,2.319683974359814,0.7323908410752151,100,852.998551626514,2.319683974359814,0.7323908410752151
USDJPY,2015,783,261,105,1393.9696791769836,-3.596507577074715,-1.16283881731449,105,1393.9696791769836,-3.596507577074715,-1.16283881731449,105,1393.9696791769836,-3.596507577074715,-1.16283881731449
USDJPY,2016,783,260,250,1707.8844672226878,-2.88552211209186,-0.5996892499293002,235,1618.4677237668338,-0.6420881787371445,-0.1333993270071759,250,1707.8844672226878,-2.88552211209186,-0.5996892499293002
USDJPY,2017,782,260,60,1307.3257649772204,-4.4147903955935694,-1.3153376835835358,60,1307.3257649772204,-4.4147903955935694,-1.3153376835835358,60,1307.3257649772204,-4.4147903955935694,-1.3153376835835358
USDJPY,2018,781,261,70,684.0579170020239,1.2085317659454247,0.452505576167073,60,426.52065137641097,1.9953972752659688,0.7526740836684003,135,1131.297054525627,-1.2373225244309352,-0.4630160574310921
USDJPY,2019,781,261,45,527.794917129009,0.7088253204082426,0.3141907669216348,45,527.794917129009,0.7088253204082426,0.3141907669216348,45,527.794917129009,0.7088253204082426,0.3141907669216348
USDJPY,2020,782,262,45,1048.766682605062,-2.827205954671257,-0.8304814917618178,255,1122.2679218085445,-2.257458404967235,-0.6623525458167462,45,1048.766682605062,-2.827205954671257,-0.8304814917618178
USDJPY,2021,784,260,45,463.092529898722,0.8657956816159736,0.4018142120770127,45,463.092529898722,0.8657956816159736,0.4018142120770127,45,463.092529898722,0.8657956816159736,0.4018142120770127
USDJPY,2022,783,260,205,1329.4642107731447,5.280207346122064,1.1238588271723637,245,1329.4642107731447,5.280207346122064,1.1238588271723637,245,1329.4642107731447,5.280207346122064,1.1238588271723637
USDJPY,2023,782,260,55,1435.7920045744654,-0.40441263547680756,-0.10496355112149323,55,1435.7920045744654,-0.40441263547680756,-0.10496355112149323,55,1435.7920045744654,-0.40441263547680756,-0.10496355112149323
USDJPY,2024,780,262,15,623.3458976144365,5.069435513075783,1.260548123103566,15,623.3458976144365,5.069435513075783,1.260548123103566,15,623.3458976144365,5.069435513075783,1.260548123103566
USDJPY,2025,782,261,15,1739.2118391768008,-4.555366675798302,-1.1661560663899049,15,1739.2118391768008,-4.555366675798302,-1.1661560663899049,15,1739.2118391768008,-4.555366675798302,-1.1661560663899049
USDJPY,2026,783,129,15,611.9679757392954,-1.1300564954523797,-0.39510803195840555,10,999.5488523871925,-4.297985885337645,-1.5090347013549708,60,480.3083425997902,0.7205794096587191,0.25204357850924736
USDCHF,2010,523,261,20,677.0573027626345,4.618942576524379,1.1035656412762778,20,677.0573027626345,4.618942576524379,1.1035656412762778,20,677.0573027626345,4.618942576524379,1.1035656412762778
USDCHF,2011,784,260,70,1842.7194844761802,3.8410510312481643,0.5617093114428614,265,2866.597011225174,-0.7840365895535619,-0.11459921779514405,70,1842.7194844761802,3.8410510312481643,0.5617093114428614
USDCHF,2012,782,261,70,974.2075590024067,0.18364258269021416,0.057044662550665766,15,1030.2378654265513,-3.141609172957617,-0.978659612526544,70,974.2075590024067,0.18364258269021416,0.057044662550665766
USDCHF,2013,782,261,65,1920.3700648132094,-5.952200785767825,-1.6681233017911177,20,1437.0269562359429,-3.451263376331612,-0.9646590117051738,65,1920.3700648132094,-5.952200785767825,-1.6681233017911177
USDCHF,2014,782,261,55,483.11125390776544,2.837270080169732,1.0563843329011111,55,483.11125390776544,2.837270080169732,1.0563843329011111,55,483.11125390776544,2.837270080169732,1.0563843329011111
USDCHF,2015,783,261,55,3924.163349136763,-13.311224216001268,-1.7248521250838944,260,2289.5006523060247,-5.308367044035043,-0.6844491474451977,55,3924.163349136763,-13.311224216001268,-1.7248521250838944
USDCHF,2016,783,260,5,633.1047576553809,-0.16426268479946854,-0.053275753235304805,5,633.1047576553809,-0.16426268479946854,-0.053275753235304805,230,1506.9112299752865,-4.57902188355401,-1.4917233150452076
USDCHF,2017,782,260,155,605.4162437365549,-2.0107870215145933,-0.7269035673311467,5,733.9372607359219,-0.9574631230140496,-0.3454153469564761,155,605.4162437365549,-2.0107870215145933,-0.7269035673311467
USDCHF,2018,781,261,5,678.6090605433567,-0.9740405011353177,-0.3825544909660399,5,678.6090605433567,-0.9740405011353177,-0.3825544909660399,5,678.6090605433567,-0.9740405011353177,-0.3825544909660399
USDCHF,2019,781,261,20,478.0460122221679,0.433008520993045,0.19792108107732678,20,478.0460122221679,0.433008520993045,0.19792108107732678,80,886.3770117973576,-1.9535057636218418,-0.8937130305278438
USDCHF,2020,782,262,20,981.6092840370209,-1.4016329965433418,-0.4908427555652237,20,981.6092840370209,-1.4016329965433418,-0.4908427555652237,20,981.6092840370209,-1.4016329965433418,-0.4908427555652237
USDCHF,2021,784,260,200,1338.017133318929,-3.7505711834472737,-1.475491466929777,190,1051.3484148711088,-2.7796887223471507,-1.0927162948876432,200,1338.017133318929,-3.7505711834472737,-1.475491466929777
USDCHF,2022,783,260,20,2122.0993122569007,-4.952343348953757,-1.3435798367533192,280,992.2984434880628,-0.11826152277976688,-0.03197658922692236,260,999.032803206002,-0.8350191210427423,-0.22576413593566708
USDCHF,2023,782,260,130,1118.9079145289115,0.6028047142723382,0.1953227323031635,130,1118.9079145289115,0.6028047142723382,0.1953227323031635,130,1118.9079145289115,0.6028047142723382,0.1953227323031635
USDCHF,2024,780,262,5,1451.3998115712727,-3.445542934389931,-1.212748394986885,130,2041.5113004018326,-7.432514655263349,-2.641451146019216,130,2041.5113004018326,-7.432514655263349,-2.641451146019216
USDCHF,2025,782,261,25,757.2587315577323,1.2735644531715595,0.35954303751991545,25,757.2587315577323,1.2735644531715595,0.35954303751991545,25,757.2587315577323,1.2735644531715595,0.35954303751991545
USDCHF,2026,783,129,30,284.66778237441713,3.540311322431455,1.173279815844281,210,546.5613544234549,-0.9763513869206113,-0.32249446009334715,30,284.66778237441713,3.540311322431455,1.173279815844281
USDCAD,2010,523,261,5,923.0898407690829,-2.7865928492224152,-0.6470198702886222,5,923.0898407690829,-2.7865928492224152,-0.6470198702886222,5,923.0898407690829,-2.7865928492224152,-0.6470198702886222
USDCAD,2011,784,260,120,1044.439190652632,-0.2015310832332417,-0.05191868775918396,280,2282.6591150606473,-6.702689912980477,-1.7355531386933178,120,1044.439190652632,-0.2015310832332417,-0.05191868775918396
USDCAD,2012,782,261,120,1791.595550354284,-6.138712875705905,-2.5432074712228903,75,710.5263530819171,-0.6741606934054248,-0.2762050884894808,120,1791.595550354284,-6.138712875705905,-2.5432074712228903
USDCAD,2013,782,261,210,340.18721580171484,1.762472440550397,0.7501664751738011,75,498.7330815183567,0.7691250662533285,0.32744573226734897,210,340.18721580171484,1.762472440550397,0.7501664751738011
USDCAD,2014,782,261,75,547.4709809826265,2.6913368996238525,1.1251986286539748,75,547.4709809826265,2.6913368996238525,1.1251986286539748,75,547.4709809826265,2.6913368996238525,1.1251986286539748
USDCAD,2015,783,261,210,663.7941476205189,6.84743620613881,1.9700839603886497,210,663.7941476205189,6.84743620613881,1.9700839603886497,210,663.7941476205189,6.84743620613881,1.9700839603886497
USDCAD,2016,783,260,225,1661.7967181371075,-3.9855339687824856,-1.1118705697193405,265,1486.981176222274,-3.0452865638634243,-0.8486429981916772,225,1661.7967181371075,-3.9855339687824856,-1.1118705697193405
USDCAD,2017,782,260,10,691.6411573462689,-1.6090140117214515,-0.5689437608734773,40,445.7912555604346,1.7510394514503422,0.6193197891041394,10,691.6411573462689,-1.6090140117214515,-0.5689437608734773
USDCAD,2018,781,261,15,1890.5025042172228,-4.101072047211816,-1.5270341857372682,15,1890.5025042172228,-4.101072047211816,-1.5270341857372682,15,1890.5025042172228,-4.101072047211816,-1.5270341857372682
USDCAD,2019,781,261,35,530.9111251890596,-1.542645722521084,-0.7518078541119094,40,940.9418146520825,-2.993372232120025,-1.4651685895942665,40,940.9418146520825,-2.993372232120025,-1.4651685895942665
USDCAD,2020,782,262,35,598.4738629454012,2.6088532747970343,0.8052247571936568,35,598.4738629454012,2.6088532747970343,0.8052247571936568,35,598.4738629454012,2.6088532747970343,0.8052247571936568
USDCAD,2021,784,260,20,919.4054654209642,-0.8079893111305487,-0.29653489754551116,35,566.2604354910252,-0.6351932496321443,-0.2330791823327626,20,919.4054654209642,-0.8079893111305487,-0.29653489754551116
USDCAD,2022,783,260,15,1545.4039387347343,-5.040774215801494,-1.5580897963052085,35,674.6126469117312,-1.3200590993811077,-0.40713071900052134,35,674.6126469117312,-1.3200590993811077,-0.40713071900052134
USDCAD,2023,782,260,55,1182.643919418741,-3.1976426437214736,-1.3725570118959136,105,1678.4863944183414,-6.096925770374154,-2.6398235081932717,55,1182.643919418741,-3.1976426437214736,-1.3725570118959136
USDCAD,2024,780,262,290,718.8910476538782,-0.6609233024128963,-0.34299189727105517,275,814.7131829993732,-0.7596670031832183,-0.3942813874661522,290,718.8910476538782,-0.6609233024128963,-0.34299189727105517
USDCAD,2025,782,261,290,1085.1870201322813,-3.2107900100301947,-1.5234132476864688,165,942.0839584168702,-2.8822489703322605,-1.3664576038205372,290,1085.1870201322813,-3.2107900100301947,-1.5234132476864688
USDCAD,2026,783,129,30,327.5998102377065,-0.14079921689148572,-0.0791246617762938,30,327.5998102377065,-0.14079921689148572,-0.0791246617762938,30,327.5998102377065,-0.14079921689148572,-0.0791246617762938
EURJPY,2010,523,261,15,1173.1841427903048,3.0381568754966,0.5229047811831833,20,1076.7781497436251,1.883022259914272,0.3238210584727203,15,1173.1841427903048,3.0381568754966,0.5229047811831833
EURJPY,2011,784,260,65,1341.0430935628456,2.1439634640276504,0.41129654446981195,255,2615.255143953954,-6.041278826010918,-1.1614817106650213,65,1341.0430935628456,2.1439634640276504,0.41129654446981195
EURJPY,2012,782,261,65,940.6392387483818,2.9652910821623073,0.6535302992015094,65,940.6392387483818,2.9652910821623073,0.6535302992015094,65,940.6392387483818,2.9652910821623073,0.6535302992015094
EURJPY,2013,782,261,55,616.3741040074066,7.760115397601929,1.4762858949294888,55,616.3741040074066,7.760115397601929,1.4762858949294888,55,616.3741040074066,7.760115397601929,1.4762858949294888
EURJPY,2014,782,261,60,1080.4922546816076,-2.0235878321862626,-0.6865031458531238,60,1080.4922546816076,-2.0235878321862626,-0.6865031458531238,60,1080.4922546816076,-2.0235878321862626,-0.6865031458531238
EURJPY,2015,783,261,260,1565.0151031116911,-2.205381646532556,-0.5404536461507391,260,1565.0151031116911,-2.205381646532556,-0.5404536461507391,105,2225.37205429874,-7.475628686488819,-1.843586953334439
EURJPY,2016,783,260,255,1060.6568893341514,1.994252112735127,0.445247525362688,255,1060.6568893341514,1.994252112735127,0.445247525362688,255,1060.6568893341514,1.994252112735127,0.445247525362688
EURJPY,2017,782,260,10,1140.124105289567,-1.8554440149010099,-0.5838552004592414,10,1140.124105289567,-1.8554440149010099,-0.5838552004592414,10,1140.124105289567,-1.8554440149010099,-0.5838552004592414
EURJPY,2018,781,261,215,1706.2047295140765,-3.98146353606274,-1.2377964294783832,10,1861.391611901285,-5.839705476063515,-1.8213637776669143,60,590.5729654174818,0.35489939564190076,0.11011426631976987
EURJPY,2019,781,261,60,519.7674654933157,1.7100491500232637,0.6397687372268027,60,519.7674654933157,1.7100491500232637,0.6397687372268027,60,519.7674654933157,1.7100491500232637,0.6397687372268027
EURJPY,2020,782,262,210,509.52382839132673,2.148363368977411,0.6733330484475617,180,806.1249620717158,0.23392494748392145,0.07318220874762502,210,509.52382839132673,2.148363368977411,0.6733330484475617
EURJPY,2021,784,260,195,452.3156040807793,1.6493983174822147,0.7586640478285002,190,695.161764322555,-0.1735684368761561,-0.07970149175546518,195,452.3156040807793,1.6493983174822147,0.7586640478285002
EURJPY,2022,783,260,195,651.226208782555,0.7530530436714346,0.16148170248556132,195,651.226208782555,0.7530530436714346,0.16148170248556132,195,651.226208782555,0.7530530436714346,0.16148170248556132
EURJPY,2023,782,260,195,694.7747290652098,1.227014702619151,0.32496162463695744,185,849.884672314442,0.7599903131981315,0.20105594710331293,195,694.7747290652098,1.227014702619151,0.32496162463695744
EURJPY,2024,780,262,290,1675.5911819839275,-1.8517876075218256,-0.5205141246572639,290,1675.5911819839275,-1.8517876075218256,-0.5205141246572639,255,1597.7680366949448,-0.22594563530893197,-0.0634988754317046
EURJPY,2025,782,261,265,1540.67602884507,-2.6045622666275876,-0.8647909538681919,265,1540.67602884507,-2.6045622666275876,-0.8647909538681919,265,1540.67602884507,-2.6045622666275876,-0.8647909538681919
GBPJPY,2010,523,261,20,2005.6801388029824,-2.432379523892191,-0.43001854212390933,20,2005.6801388029824,-2.432379523892191,-0.43001854212390933,20,2005.6801388029824,-2.432379523892191,-0.43001854212390933
GBPJPY,2011,784,260,125,1478.7407381445603,-2.284919111892777,-0.5141793369524735,240,1563.4532961802302,-2.141996203738734,-0.4819543474683245,75,1335.2017484217395,-1.7829776679932925,-0.40128784495666986
GBPJPY,2012,782,261,5,938.8213604908988,4.795891946625177,1.2120741783819358,5,938.8213604908988,4.795891946625177,1.2120741783819358,5,938.8213604908988,4.795891946625177,1.2120741783819358
GBPJPY,2013,782,261,5,1624.8329663596446,-2.401248440785497,-0.5059645312497598,5,1624.8329663596446,-2.401248440785497,-0.5059645312497598,5,1624.8329663596446,-2.401248440785497,-0.5059645312497598
GBPJPY,2014,782,261,55,824.6454809540321,-0.22337620204803232,-0.06553158493594331,25,2476.9151347770808,-8.502032435215062,-2.525410993392823,55,824.6454809540321,-0.22337620204803232,-0.06553158493594331
GBPJPY,2015,783,261,255,802.9909271929147,1.5445581256232475,0.4206212441258673,55,1005.1054330726611,-2.192507776289934,-0.5973050552277763,255,802.9909271929147,1.5445581256232475,0.4206212441258673
GBPJPY,2016,783,260,255,1508.150227143573,7.200394432367217,1.0059150085677644,220,1508.150227143573,7.200394432367217,1.0059150085677644,255,1508.150227143573,7.200394432367217,1.0059150085677644
GBPJPY,2017,782,260,10,1085.782368649192,1.6635774211851109,0.4135277893852421,10,1085.782368649192,1.6635774211851109,0.4135277893852421,75,1771.7865230860382,-4.678702917770297,-1.1651851735723922
GBPJPY,2018,781,261,10,628.4842669350139,-0.2475310018451547,-0.06612472456286318,10,628.4842669350139,-0.2475310018451547,-0.06612472456286318,10,628.4842669350139,-0.2475310018451547,-0.06612472456286318
GBPJPY,2019,781,261,60,1105.9931636970107,0.35087415702975716,0.0859480258221439,60,1105.9931636970107,0.35087415702975716,0.0859480258221439,60,1105.9931636970107,0.35087415702975716,0.0859480258221439
GBPJPY,2020,782,262,5,712.5453637038286,1.9209676488652245,0.4471501648359447,5,712.5453637038286,1.9209676488652245,0.4471501648359447,10,935.8252797254938,-0.5922880809449125,-0.13798220524909546
GBPJPY,2021,784,260,5,966.2954615125122,2.5422953786034252,0.8767587215494355,5,966.2954615125122,2.5422953786034252,0.8767587215494355,5,966.2954615125122,2.5422953786034252,0.8767587215494355
GBPJPY,2022,783,260,5,1134.7141749063044,1.5581212904021684,0.31805687777295755,5,1134.7141749063044,1.5581212904021684,0.31805687777295755,5,1134.7141749063044,1.5581212904021684,0.31805687777295755
GBPJPY,2023,782,260,225,1160.1026834615702,0.27648118374334657,0.07148480455020917,5,1849.8895913994706,-5.3781534303455665,-1.3958379531152687,220,740.0631994127309,2.605411583498723,0.6747746187965658
GBPJPY,2024,780,262,300,1225.835487932573,3.6701485794337296,0.9629589862244026,70,1795.4304074074355,-2.238402509751795,-0.5866538283474516,300,1225.835487932573,3.6701485794337296,0.9629589862244026
GBPJPY,2025,782,261,270,1073.4845105312638,-1.4533648998459476,-0.43755933182777684,10,923.805032950754,-1.4672142742279486,-0.4416357792350429,270,1073.4845105312638,-1.4533648998459476,-0.43755933182777684
GBPJPY,2026,783,129,290,301.83785243525716,1.691768932026549,0.6622484401587745,295,301.83785243525716,1.691768932026549,0.6622484401587745,290,301.83785243525716,1.691768932026549,0.6622484401587745
XAUUSD,2011,697,260,195,1947.6319976338257,4.623178741659584,0.5639024058982905,195,1947.6319976338257,4.623178741659584,0.5639024058982905,195,1947.6319976338257,4.623178741659584,0.5639024058982905
XAUUSD,2012,782,261,265,3214.9343673252533,-6.587958983226608,-1.1652047626243458,265,3214.9343673252533,-6.587958983226608,-1.1652047626243458,115,1977.3236909554494,-6.923012384468374,-1.2250835769394017
XAUUSD,2013,782,259,290,1662.4762856177226,7.610142823729111,0.9078544037391588,80,1956.9697679004682,9.116376115930866,1.0879560035888987,290,1662.4762856177226,7.610142823729111,0.9078544037391588
XAUUSD,2014,780,260,285,1384.934682163598,-1.59412715190321,-0.29009054670571927,30,1506.1533332803942,-4.814063272915578,-0.8762822358438589,285,1384.934682163598,-1.59412715190321,-0.29009054670571927
XAUUSD,2015,780,259,285,909.5422424067423,2.215660998129112,0.42233552548908165,140,1033.1884238621658,1.3606911073748684,0.2593021909621698,285,909.5422424067423,2.215660998129112,0.42233552548908165
XAUUSD,2016,778,259,245,2439.2655543021037,-8.655235224949749,-1.4569081603370608,265,2425.5910583548803,-8.602437943300238,-1.447240382459958,245,2439.2655543021037,-8.655235224949749,-1.4569081603370608
XAUUSD,2017,778,259,40,1493.887934968247,-5.169998156135704,-1.3117968896456444,40,1493.887934968247,-5.169998156135704,-1.3117968896456444,40,1493.887934968247,-5.169998156135704,-1.3117968896456444
XAUUSD,2018,777,260,5,1814.719640607851,-5.4951889547769905,-1.4559927474267962,10,2657.1217031312376,-6.55675078217015,-1.733906274635062,5,1814.719640607851,-5.4951889547769905,-1.4559927474267962
XAUUSD,2019,778,260,45,1017.2511297747811,4.191170242429069,0.8993559110461818,50,912.9669878427858,3.158057740383727,0.6767685598583426,50,912.9669878427858,3.158057740383727,0.6767685598583426
XAUUSD,2020,779,260,45,2093.8078504521163,2.2940092593062644,0.2978749508429331,45,2093.8078504521163,2.2940092593062644,0.2978749508429331,45,2093.8078504521163,2.2940092593062644,0.2978749508429331
XAUUSD,2021,780,258,115,1284.4149002753875,1.058118682915992,0.2038158186094911,50,1383.4976327403344,-2.928747321072068,-0.564298363203369,115,1284.4149002753875,1.058118682915992,0.2038158186094911
XAUUSD,2022,778,259,115,1388.083068644782,-1.6010414054608664,-0.27235597745292156,115,1388.083068644782,-1.6010414054608664,-0.27235597745292156,115,1388.083068644782,-1.6010414054608664,-0.27235597745292156
XAUUSD,2023,777,259,50,1581.0423103595042,0.8900872732763296,0.17264960780446198,10,825.8470568437956,5.325730948388582,1.0377654974267934,50,1581.0423103595042,0.8900872732763296,0.17264960780446198
XAUUSD,2024,776,261,5,1343.590732137755,2.598395377052972,0.43608146538579895,10,2538.8428412222506,-4.662231391014696,-0.7822768848074446,5,1343.590732137755,2.598395377052972,0.43608146538579895
XAUUSD,2025,779,260,55,1004.4725752245204,14.663246991419777,1.9222384465974307,5,3026.640058801848,1.0830084617830127,0.1409452714066828,55,1004.4725752245204,14.663246991419777,1.9222384465974307
XAUUSD,2026,780,128,95,2078.7488805166468,14.625143630108465,1.082510964356094,285,2938.999609002966,-3.565173872466962,-0.2632946773701482,95,2078.7488805166468,14.625143630108465,1.082510964356094
XAGUSD,2010,523,261,10,6363.12712477734,0.42505921982391476,0.036341810414874526,5,5608.657392301913,-13.04648025718007,-1.1151357222293425,10,6363.12712477734,0.42505921982391476,0.036341810414874526
XAGUSD,2011,784,260,170,5045.470604679383,6.54105669137605,0.3671059720536499,275,4370.034682835892,3.2786652849408253,0.18393188954909248,35,4431.722493329597,1.1953958115013188,0.0670764157843067
XAGUSD,2012,782,261,105,4135.752596641165,-15.301940184264902,-1.549243099800929,5,3092.376844997573,-3.0091209721912437,-0.3024175628279278,130,4991.4887069179385,-18.580622599118445,-1.884954472624542
XAGUSD,2013,782,259,20,1882.8655967001396,11.168819509163887,0.8853972724961143,5,3538.7833249168652,-8.414923015177143,-0.6647344334929955,20,1882.8655967001396,11.168819509163887,0.8853972724961143
XAGUSD,2014,780,260,20,1749.6587955894852,6.042892345011097,0.6965968833143206,20,1749.6587955894852,6.042892345011097,0.6965968833143206,20,1749.6587955894852,6.042892345011097,0.6965968833143206
XAGUSD,2015,780,259,245,1883.274285612299,1.2713420363816383,0.13753360658492517,20,4202.425689576392,-11.746945094425403,-1.2759380820366322,245,1883.274285612299,1.2713420363816383,0.13753360658492517
XAGUSD,2016,778,259,240,3641.2872523751835,-13.374959888681685,-1.3929118931390492,240,3641.2872523751835,-13.374959888681685,-1.3929118931390492,240,3641.2872523751835,-13.374959888681685,-1.3929118931390492
XAGUSD,2017,778,259,135,4916.901993197285,-16.615229631638783,-2.610742885672948,135,4916.901993197285,-16.615229631638783,-2.610742885672948,135,4916.901993197285,-16.615229631638783,-2.610742885672948
XAGUSD,2018,777,260,255,1287.4316842279704,-2.977567249855735,-0.468379087584313,170,3047.7623241078168,-8.36754376231898,-1.3094308519190565,170,3047.7623241078168,-8.36754376231898,-1.3094308519190565
XAGUSD,2019,778,260,60,1491.1477113839383,4.010104960749461,0.5394537687769814,50,1373.5840752579788,2.2551405276971814,0.30183624677281046,255,1602.9856361689249,5.217461079953059,0.7017634042574465
XAGUSD,2020,779,260,255,4260.669314496666,10.633915804853284,0.5743722141720238,255,4260.669314496666,10.633915804853284,0.5743722141720238,255,4260.669314496666,10.633915804853284,0.5743722141720238
XAGUSD,2021,780,258,30,3037.225134840343,-7.851569972450044,-0.7743408046431055,30,3037.225134840343,-7.851569972450044,-0.7743408046431055,30,3037.225134840343,-7.851569972450044,-0.7743408046431055
XAGUSD,2022,778,259,30,6318.957683012168,-7.445821852958981,-0.629860066331081,30,6318.957683012168,-7.445821852958981,-0.629860066331081,30,6318.957683012168,-7.445821852958981,-0.629860066331081
XAGUSD,2023,777,259,35,1963.68769769494,-7.013038981932189,-0.7140874190130942,35,1963.68769769494,-7.013038981932189,-0.7140874190130942,35,1963.68769769494,-7.013038981932189,-0.7140874190130942
XAGUSD,2024,776,261,135,1720.942481904349,5.980245709874091,0.4906323150967929,5,4300.337361789343,-1.9634134501368787,-0.16045175356100136,135,1720.942481904349,5.980245709874091,0.4906323150967929
XAGUSD,2025,779,260,35,2068.495623024734,23.447822993696374,1.8624274307376996,5,4046.63246828033,0.7741567192195786,0.061113759409029994,35,2068.495623024734,23.447822993696374,1.8624274307376996
XAGUSD,2026,780,128,180,5480.032484660662,-1.3009894120086851,-0.03959595355648927,180,5480.032484660662,-1.3009894120086851,-0.03959595355648927,180,5480.032484660662,-1.3009894120086851,-0.03959595355648927
WTI,2014,553,255,40,1417.9798962176205,20.568469718359434,2.2764902178531794,40,1417.9798962176205,20.568469718359434,2.2764902178531794,40,1417.9798962176205,20.568469718359434,2.2764902178531794
WTI,2015,770,258,265,3777.097753498557,9.88368163457012,0.5965052759450004,270,3777.097753498557,9.88368163457012,0.5965052759450004,265,3777.097753498557,9.88368163457012,0.5965052759450004
WTI,2016,769,258,45,4117.92504477196,2.5908464274658853,0.14322173813325112,45,4117.92504477196,2.5908464274658853,0.14322173813325112,45,4117.92504477196,2.5908464274658853,0.14322173813325112
WTI,2017,771,258,45,2956.731280357029,-1.0765421054385376,-0.11391808242162907,45,2956.731280357029,-1.0765421054385376,-0.11391808242162907,45,2956.731280357029,-1.0765421054385376,-0.11391808242162907
WTI,2018,774,260,35,4847.625250779223,0.366614298015832,0.030637291677327417,45,5752.588105006072,-4.120148192640585,-0.3440416251595874,5,1507.1973703519193,16.113309277911586,1.3518879434525624
WTI,2019,776,260,5,5464.9403499029395,-11.235952248501071,-0.9200751610299218,5,5464.9403499029395,-11.235952248501071,-0.9200751610299218,5,5464.9403499029395,-11.235952248501071,-0.9200751610299218
WTI,2020,778,260,5,4393.984786730463,45.58239139821825,1.308016736125693,5,4393.984786730463,45.58239139821825,1.308016736125693,5,4393.984786730463,45.58239139821825,1.308016736125693
WTI,2021,780,258,5,4225.956893366012,-7.032178552850139,-0.5119757320949212,5,4225.956893366012,-7.032178552850139,-0.5119757320949212,5,4225.956893366012,-7.032178552850139,-0.5119757320949212
WTI,2022,778,259,20,4251.245343816612,8.467697204810715,0.4534274664504611,5,5902.005081007845,-5.53568726760921,-0.29668273394682965,20,4251.245343816612,8.467697204810715,0.4534274664504611
WTI,2023,777,259,20,3838.680074303037,-1.4975440514557603,-0.1143872421726534,5,3522.3497534254793,12.8916034973762,0.9877542825703813,20,3838.680074303037,-1.4975440514557603,-0.1143872421726534
WTI,2024,776,261,80,2502.712609028553,-3.865104441283369,-0.3558718762390978,75,1592.6288136227247,1.7116785208901004,0.1575625548968082,80,2502.712609028553,-3.865104441283369,-0.3558718762390978
WTI,2025,779,260,80,5798.559823019274,-13.30674004626433,-1.0334983207032304,80,5798.559823019274,-13.30674004626433,-1.0334983207032304,80,5798.559823019274,-13.30674004626433,-1.0334983207032304
WTI,2026,780,128,35,2855.410102647613,67.63516755521336,2.768849847797573,255,4400.048913020587,-3.0060038601018912,-0.12122652672718745,35,2855.410102647613,67.63516755521336,2.768849847797573
UKOIL,2014,701,258,35,1890.6068930969159,16.994810623893844,2.119958229448779,220,606.9408504056872,26.39577370762284,3.3362417618921767,35,1890.6068930969159,16.994810623893844,2.119958229448779
UKOIL,2015,720,258,25,8861.644131376735,-18.214277660101537,-1.107835993951777,270,4038.6901193769327,12.50538682240039,0.7606032190508348,25,8861.644131376735,-18.214277660101537,-1.107835993951777
UKOIL,2016,741,258,220,10818.241479796425,-19.547690510476343,-1.130312918186394,10,3201.052918091359,9.254561665267596,0.5346147151366534,220,10818.241479796425,-19.547690510476343,-1.130312918186394
UKOIL,2017,774,257,10,1826.6532724959634,-0.801028446541113,-0.08490229758958738,10,1826.6532724959634,-0.801028446541113,-0.08490229758958738,10,1826.6532724959634,-0.801028446541113,-0.08490229758958738
UKOIL,2018,773,258,10,2193.557284986209,8.111274702299815,0.705227312158962,10,2193.557284986209,8.111274702299815,0.705227312158962,10,2193.557284986209,8.111274702299815,0.705227312158962
UKOIL,2019,773,258,5,5767.794770279208,-11.047791279683292,-0.9279119317833618,5,5767.794770279208,-11.047791279683292,-0.9279119317833618,5,5767.794770279208,-11.047791279683292,-0.9279119317833618
UKOIL,2020,773,259,5,3930.857859107964,47.41435007018488,1.7410208255757456,5,3930.857859107964,47.41435007018488,1.7410208255757456,25,3972.531485657797,41.438289938421896,1.5179563266985237
UKOIL,2021,775,259,25,3441.8409170384984,6.914726109441228,0.524819383201972,5,5400.628474095342,-14.45330060534352,-1.099092587009168,25,3441.8409170384984,6.914726109441228,0.524819383201972
UKOIL,2022,776,258,25,5241.55685898437,3.3929788507632503,0.1819123297117458,5,6821.56668224589,-9.89584372382166,-0.5306863302020229,25,5241.55685898437,3.3929788507632503,0.1819123297117458
UKOIL,2023,776,257,25,5626.916290695703,-15.069287807852632,-1.2344180604946886,5,2670.061485227441,12.757468692063318,1.0451238527790663,25,5626.916290695703,-15.069287807852632,-1.2344180604946886
UKOIL,2024,774,259,80,1543.9920656700078,2.1218784157587174,0.21473809634865682,80,1543.9920656700078,2.1218784157587174,0.21473809634865682,80,1543.9920656700078,2.1218784157587174,0.21473809634865682
UKOIL,2025,774,258,80,4719.830864338917,-10.371911649034772,-0.8834376570480817,80,4719.830864338917,-10.371911649034772,-0.8834376570480817,80,4719.830864338917,-10.371911649034772,-0.8834376570480817
UKOIL,2026,774,127,250,4206.236765376038,-6.60357611631592,-0.2972620449746196,40,2408.196264953281,50.17034433197097,2.281513551209976,250,4206.236765376038,-6.60357611631592,-0.2972620449746196
US500,2014,508,258,5,1778.5241397319344,-2.102003532330094,-0.4790600801474236,5,1778.5241397319344,-2.102003532330094,-0.4790600801474236,5,1778.5241397319344,-2.102003532330094,-0.4790600801474236
US500,2015,762,259,220,3471.3629283068026,-11.803791250065977,-1.9212809967072726,220,3471.3629283068026,-11.803791250065977,-1.9212809967072726,220,3471.3629283068026,-11.803791250065977,-1.9212809967072726
US500,2016,773,258,250,2054.6874529510983,-2.1623806230573446,-0.42032658155609404,250,2054.6874529510983,-2.1623806230573446,-0.42032658155609404,250,2054.6874529510983,-2.1623806230573446,-0.42032658155609404
US500,2017,775,257,135,275.20278507171315,6.998727539904813,2.7148373987344394,190,275.20278507171315,6.998727539904813,2.7148373987344394,135,275.20278507171315,6.998727539904813,2.7148373987344394
US500,2018,774,259,135,1738.7728577825658,-1.3127793008630952,-0.19850489924863646,135,1738.7728577825658,-1.3127793008630952,-0.19850489924863646,135,1738.7728577825658,-1.3127793008630952,-0.19850489924863646
US500,2019,774,260,205,1718.1177001714323,0.20171318680212802,0.03765286508989107,205,1718.1177001714323,0.20171318680212802,0.03765286508989107,190,2340.2762779525515,-2.191204420048328,-0.40915210173695266
US500,2020,776,260,205,3513.686243517484,-4.167943344838212,-0.3327535311405087,5,2656.3511529146513,3.6449863973533656,0.29093502418775713,210,2862.095472628999,0.9304526144519378,0.07425018163747867
US500,2021,779,259,10,1999.8956344481785,-6.536977181614486,-1.2440043961651785,10,1999.8956344481785,-6.536977181614486,-1.2440043961651785,10,1999.8956344481785,-6.536977181614486,-1.2440043961651785
US500,2022,779,259,210,1611.5660694623034,-1.041610923411853,-0.11169385414447722,10,2600.881812648053,2.147318918862143,0.23028927200939076,210,1611.5660694623034,-1.041610923411853,-0.11169385414447722
US500,2023,778,260,30,1075.2331738084977,3.6631711336530577,0.7449218491058791,5,1795.085861677531,1.2283396380673615,0.24939218495465856,30,1075.2331738084977,3.6631711336530577,0.7449218491058791
US500,2024,778,261,130,886.4592834365114,8.384555690940248,1.7340800191876589,115,886.4592834365114,8.384555690940248,1.7340800191876589,130,886.4592834365114,8.384555690940248,1.7340800191876589
US500,2025,780,260,130,2885.1709958977053,-3.5406957746207146,-0.45867767158681744,115,2136.043788655995,0.11307602986069512,0.014644419982500533,20,1637.701986485641,4.085884782281407,0.5294503811694976
US500,2026,781,128,185,974.3321438428542,7.343479151787227,1.2892717366262818,70,1260.3225062824317,-1.5853011969945283,-0.27735888757377586,195,974.3321438428542,7.343479151787227,1.2892717366262818
USTECH,2015,742,258,240,2259.131712328984,-0.004522730494180035,-0.0006432841496714158,240,2259.131712328984,-0.004522730494180035,-0.0006432841496714158,240,2259.131712328984,-0.004522730494180035,-0.0006432841496714158
USTECH,2016,762,258,280,3013.7273297179986,-8.1746866623011,-1.2848581242346624,220,2374.5676930343056,-1.9280846425530882,-0.302873918632506,280,3013.7273297179986,-8.1746866623011,-1.2848581242346624
USTECH,2017,773,257,120,530.8548007384363,10.859762886978197,2.6933643945726566,25,1992.6912958174287,2.257476252719096,0.5506514686407281,120,530.8548007384363,10.859762886978197,2.6933643945726566
USTECH,2018,773,259,120,1882.8876756765233,4.047597144408381,0.4604080802498853,120,1882.8876756765233,4.047597144408381,0.4604080802498853,120,1882.8876756765233,4.047597144408381,0.4604080802498853
USTECH,2019,774,260,120,2569.4912825171455,-4.3730269447265675,-0.6391146988793653,45,2690.996141792108,-3.5692696956041807,-0.5215891337962615,120,2569.4912825171455,-4.3730269447265675,-0.6391146988793653
USTECH,2020,776,260,280,3229.449955319462,15.96733646604496,1.1909032617369368,210,6116.926636306878,4.8616569237856595,0.361381871974588,205,6700.695779856675,-2.5631160703756355,-0.19049020177717968
USTECH,2021,779,259,290,1100.8650823862476,9.8887277033606,1.323906681087821,10,1997.0165093976666,-2.1409767460860687,-0.2856015628697748,290,1100.8650823862476,9.8887277033606,1.323906681087821
USTECH,2022,779,259,300,3819.9535855319937,-6.645513163649161,-0.5360137097505578,280,4870.559229935985,-10.701905613085431,-0.8640804631932751,300,3819.9535855319937,-6.645513163649161,-0.5360137097505578
USTECH,2023,778,260,270,2158.627158584191,2.178979763125656,0.3187187888859112,10,1278.511146326628,12.614466882738165,1.8580010533040217,270,2158.627158584191,2.178979763125656,0.3187187888859112
USTECH,2024,778,261,115,1953.6657362218825,5.877028522629504,0.8345251002114737,95,1473.8160434531692,7.715533092624567,1.0970051802042535,140,1492.8501257498872,9.181006084424991,1.3065862703720303
USTECH,2025,780,260,140,3969.784306170875,-6.144873805382506,-0.6336765503854127,25,2058.7846360747935,0.3754242767324502,0.038681702446854156,140,3969.784306170875,-6.144873805382506,-0.6336765503854127
USTECH,2026,781,128,195,1266.822899889839,15.070497754803585,1.751661290616244,30,985.7981220163067,12.899597991775147,1.49706124384172,135,1241.6209566728287,8.63162034095764,0.9990778623839474
BTCUSD,2019,512,313,5,10163.977018906566,-13.985741012719293,-0.5466811334301946,5,10163.977018906566,-13.985741012719293,-0.5466811334301946,10,4992.003455277203,15.416485428306384,0.6019953207283902
BTCUSD,2020,825,334,60,15026.230301608939,-12.493742459629118,-0.47658361059420545,275,16258.852705008794,-3.878884522666119,-0.14767242166723887,55,6814.749586654543,10.484273375887987,0.40146858927200824
BTCUSD,2021,959,365,15,12985.176161722678,-11.443324588507018,-0.42663809448679446,15,12985.176161722678,-11.443324588507018,-0.42663809448679446,15,12985.176161722678,-11.443324588507018,-0.42663809448679446
BTCUSD,2022,1012,365,40,6484.692130904378,0.27926470266251463,0.013230268639324796,40,6484.692130904378,0.27926470266251463,0.013230268639324796,40,6484.692130904378,0.27926470266251463,0.013230268639324796
BTCUSD,2023,1064,365,25,4807.021199579522,14.790465419425248,1.0106847512822603,25,4807.021199579522,14.790465419425248,1.0106847512822603,25,4807.021199579522,14.790465419425248,1.0106847512822603
BTCUSD,2024,1095,366,40,8965.48772666045,-1.242694153329231,-0.0702397209232386,35,4959.83092005945,10.629486751417733,0.6012569717561999,40,8965.48772666045,-1.242694153329231,-0.0702397209232386
BTCUSD,2025,1096,365,250,4750.753636487392,-3.3080048279368355,-0.23944536042124182,250,4750.753636487392,-3.3080048279368355,-0.23944536042124182,250,4750.753636487392,-3.3080048279368355,-0.23944536042124182
BTCUSD,2026,1096,181,35,2573.6961839831497,10.810695453250062,0.6664931650201165,75,3105.5475866422303,7.468800780214231,0.4601033561998716,270,2988.894289212669,26.018475686179944,1.6105544161322296
