sym,selection_sr,test_sr
GBPJPY,0.4361172024826711,-0.22909133412313326
AUDUSD,0.4138148675776791,-0.1575076892084894
EURJPY,0.38965013922204883,-0.3455706478228488
XAUUSD,0.2819707303193844,0.080867932485421
EURUSD,0.22935824090562523,-0.1453334965966237
XAGUSD,0.2119170204668772,-0.28358320047276186
USDJPY,0.19004911807634983,0.0356866942449106
UKOIL,0.1364519500923843,0.2548397501464364
WTI,0.07096547350817527,0.47993632910229156
USDCHF,-0.11144813833260293,-0.007141531020958297
USTECH,-0.23965757312100897,0.2199643885111191
USDCAD,-0.3616275601287225,-0.26536601823950123
GBPUSD,-0.36404423708032857,0.1284599404029589
US500,-0.5012687841840191,0.330143958294283
BTCUSD,,0.46940226266165724
