sym,block,year,half,days,D,VR10,P_tsmom,P_donchian,drift_bp,vol_bp
EURUSD,20081,2008,1,130,1.7916666666666667,0.822751450563393,1.6327014762272527,-1.4070469200942697,5.82938222563942,59.39222553910467
EURUSD,20082,2008,2,132,1.9411764705882353,1.4312512333446439,17.269486979709825,2.5010553668329734,-9.103805647625327,109.63838373983464
EURUSD,20091,2009,1,129,1.8695652173913044,0.921385138881008,1.296659452229152,-2.999572640331177,0.6815152915042006,94.3301148481462
EURUSD,20092,2009,2,132,1.8857142857142857,0.8817263956976629,0.6793866479262102,4.068262570844506,1.2275499402258008,55.27144998063918
EURUSD,20101,2010,1,129,1.9253731343283582,0.7921977731041202,0.019000090302301414,9.521256039491375,-12.293797007799334,72.44165785771534
EURUSD,20102,2010,2,132,2.1639344262295084,1.0702442484495727,10.855553814430008,-1.1092041849191037,6.856287711969377,77.12389459254523
EURUSD,20111,2011,1,129,2.0806451612903225,0.9282085488099833,-5.68920606934506,0.3718733645328212,6.064492469976828,67.96422422158008
EURUSD,20112,2011,2,131,1.7945205479452055,0.6453468697578721,-3.8676789867197607,-1.697961618807325,-8.449133465246334,81.72051362344881
EURUSD,20121,2012,1,130,1.911764705882353,0.9734877535349394,-4.270679489290769,-1.533320891554381,-1.7720968698966668,55.38535523556795
EURUSD,20122,2012,2,131,2.2033898305084745,1.0187071902998233,1.0256231678316845,-0.33894577894785827,3.1427272655674923,47.39619797233118
EURUSD,20131,2013,1,129,1.6973684210526316,0.9398056585581014,-4.870335424751876,-1.2901454754378268,-1.0963445602220772,52.01510449396363
EURUSD,20132,2013,2,132,1.8857142857142857,0.7136680355970433,-1.63474287129169,-4.072806468404806,4.143675596833401,45.43275601847477
EURUSD,20141,2014,1,129,1.8169014084507042,0.606023096662328,0.16939133388304278,-1.6735088687093467,-0.2803229342124814,30.63272910715885
EURUSD,20142,2014,2,132,1.6455696202531647,0.4256518061825451,3.557135867913189,8.34895029116567,-9.375819142153734,45.9024718985235
EURUSD,20151,2015,1,129,1.9846153846153847,1.1513701347390963,-0.9481593601402224,3.795678439067247,-6.43995741294116,80.5185532718677
EURUSD,20152,2015,2,132,1.8591549295774648,0.8549473644756389,4.34398030800728,-3.6556817670877657,-1.9073384361642554,66.32655014427982
EURUSD,20161,2016,1,129,2.0476190476190474,0.8793164872557356,-7.174470862029087,-2.3225485226977463,1.7411297856255323,55.73805308319048
EURUSD,20162,2016,2,131,1.911764705882353,1.0762797518010612,4.351608217977276,2.945999721295533,-4.153628466982109,46.02428851120067
EURUSD,20171,2017,1,130,1.8840579710144927,0.7950729072995444,-0.09698139413530013,0.06592808215963478,6.385375409425402,46.85838265860563
EURUSD,20172,2017,2,130,1.8571428571428572,0.8126083267540023,-0.7557218899043234,1.8462515747861843,3.7668424998197607,42.80657285853743
EURUSD,20181,2018,1,130,1.9402985074626866,0.8221575374523749,2.1398631497749503,4.555407363738013,-2.038565250350765,49.09573628033154
EURUSD,20182,2018,2,131,2.096774193548387,0.716190775069862,-4.985094120904759,-2.562838076070791,-1.4642754266619218,41.027448030085125
EURUSD,20191,2019,1,129,1.9846153846153847,0.5134121368177842,-2.2656131203985486,-2.837710588384046,-0.6424107172723591,34.12089778640297
EURUSD,20192,2019,2,132,2.1129032258064515,0.619974168952837,-2.268089689613981,-0.6284442113591879,-1.0772021040969573,30.16106341130051
EURUSD,20201,2020,1,130,2.3214285714285716,1.2141801117791806,-5.861828217608142,-7.868705331517265,0.17755890548217823,53.802231840143776
EURUSD,20202,2020,2,132,2.0,0.8157208655535757,1.9453791416034076,5.518429459830761,6.340199751367623,39.46250720882883
EURUSD,20211,2021,1,128,1.7297297297297298,0.9153487558302026,-0.7087423957086039,-1.6406641378035005,-2.3260799045169613,37.296421056619764
EURUSD,20212,2021,2,132,1.8857142857142857,0.8174572287188372,-2.4351578186666933,-0.5165944289384032,-3.1916038747915496,32.80121876035926
EURUSD,20221,2022,1,129,1.9545454545454546,0.8469488161402569,-5.35021810741397,0.7001691236872453,-6.308649315815144,53.919226532002995
EURUSD,20222,2022,2,131,2.046875,0.793173703380718,4.157606835785586,2.109425350083313,1.6168130236833185,68.91828132668672
EURUSD,20231,2023,1,130,2.03125,0.7004088845236318,1.7774447033604417,-2.310422462403131,1.47286666738074,50.335620889371484
EURUSD,20232,2023,2,130,2.2241379310344827,1.0300834658101465,2.3328946043207175,0.19989802440063567,0.8965797373705476,43.95482860243304
EURUSD,20241,2024,1,130,1.911764705882353,0.6482648621509339,-0.40959086341567646,-2.989769083038734,-2.302633295842807,33.57602402058205
EURUSD,20242,2024,2,132,2.0,1.022803207948606,1.3998137276607607,2.3436160249521922,-2.5846649338605614,40.601722918300744
EURUSD,20251,2025,1,129,2.015625,0.7993803662535551,4.6392573496960585,4.476264203445132,10.054274738503704,59.537755709982
EURUSD,20252,2025,2,132,2.0625,0.5134184549374863,-0.9480576147621739,-3.4724237756949785,-0.2627008718547179,37.155564572964614
EURUSD,20261,2026,1,129,1.9545454545454546,0.8928897282378817,-0.14830976777415614,-1.7064172333982164,-2.2268134819183087,39.42566452359016
GBPUSD,20081,2008,1,130,1.8169014084507042,0.533715380586029,-14.29269882039106,-1.759624250708759,0.21230461901673947,53.552488301604214
GBPUSD,20082,2008,2,132,2.1639344262295084,1.0096662155282978,9.908437577414665,9.663243129981904,-23.36105324758085,111.54736657060012
GBPUSD,20091,2009,1,129,2.15,0.9299346508976883,2.6104545371005536,2.5496958114765835,9.16240956522904,105.45672907014985
GBPUSD,20092,2009,2,132,1.9130434782608696,0.7031843566233698,-12.317538615638616,-9.533946841953245,-1.4347601828007586,72.39339681186124
GBPUSD,20101,2010,1,129,1.9253731343283582,1.016111044781887,7.146216287849626,1.4026382973513987,-6.032554589615882,68.70824527666983
GBPUSD,20102,2010,2,132,1.8591549295774648,0.9360613709713204,-0.33728563921808374,-1.232555924759818,3.2306077512310463,58.07654519994925
GBPUSD,20111,2011,1,129,1.9253731343283582,0.7406551778793906,-7.92866683557753,-3.9399925022828923,2.0134125733705788,50.01849236822872
GBPUSD,20112,2011,2,131,1.8450704225352113,0.8217136912717342,-3.2074358914669836,-3.7929365131105195,-2.3130262211832937,57.05014088008151
GBPUSD,20121,2012,1,130,1.911764705882353,1.159245368718272,-4.379216872356994,-2.084782776555177,0.8011431113789115,42.79058503243596
GBPUSD,20122,2012,2,131,2.183333333333333,0.6788355979723151,-1.9678465090524655,1.1371970693173732,2.5540801274762748,34.08815771910251
GBPUSD,20131,2013,1,129,1.7916666666666667,1.2675026979269315,-2.0865511500469975,-1.5791407729238398,-5.065869786606568,49.075440830717184
GBPUSD,20132,2013,2,132,1.9701492537313432,0.5758119979939463,0.7375983823842446,-0.3762340584485606,6.388913296717651,47.238360366388136
GBPUSD,20141,2014,1,129,2.1864406779661016,0.7553478042436993,-0.8755237397107086,-0.9635484597127216,2.5747957753289508,30.833342318254203
GBPUSD,20142,2014,2,132,2.0952380952380953,0.45949686611459156,2.8993343335324724,4.635092581727773,-7.130141501919313,40.34860939044771
GBPUSD,20151,2015,1,129,2.2241379310344827,1.1072274718882937,6.750098833069742,1.1966697981511492,0.5550923347687311,57.4152927341226
GBPUSD,20152,2015,2,132,2.0952380952380953,0.6629734175347787,-4.0431294640133535,1.5566625273721113,-4.752925444755581,46.53195080972376
GBPUSD,20161,2016,1,129,1.9253731343283582,0.5464857068511502,-3.5637681913718113,-4.606207360397846,-7.742758906637276,90.02758320195248
GBPUSD,20162,2016,2,131,2.046875,0.8574257327222059,-3.6679169183192872,2.494320011248681,-5.886962035816916,72.03597669433269
GBPUSD,20171,2017,1,130,1.911764705882353,0.6854605189029351,0.10786631995375204,-2.483491150653367,4.116780398658922,59.98534106308115
GBPUSD,20172,2017,2,130,2.1666666666666665,0.9895866147628474,-2.1286033041875663,-2.6492626084912017,2.7629788208342334,48.345971783366615
GBPUSD,20181,2018,1,130,2.0634920634920637,1.3544104180762302,8.166222265383746,1.3886882209368971,-1.673459275319832,49.78261819848263
GBPUSD,20182,2018,2,131,1.7236842105263157,0.6949124106353147,2.274779274170889,-0.297274072901226,-2.655316153210742,54.42072017284875
GBPUSD,20191,2019,1,129,2.0476190476190474,0.8051193824460045,-2.661327934064391,-2.6789875659572164,-0.3716910910937887,51.06657518184806
GBPUSD,20192,2019,2,132,2.129032258064516,1.1587883971629418,2.865696956982155,4.8010800777555644,3.2956347752470285,55.22592968719616
GBPUSD,20201,2020,1,130,2.4074074074074074,1.4774766162687276,-4.731552845464613,-4.803070550486709,-5.212531490184508,80.8095649094376
GBPUSD,20202,2020,2,132,2.0307692307692307,0.7244728556303889,1.7719794893769094,3.2084188068335,7.425122908084399,55.23857990233615
GBPUSD,20211,2021,1,128,2.0317460317460316,0.6410919574845432,1.3808630321118964,0.04779647539899454,0.9372532010225906,42.293111652501366
GBPUSD,20212,2021,2,132,1.7837837837837838,0.8042231465491199,-5.24158207427113,-1.1725140192063004,-1.7188145855745753,40.902757189974494
GBPUSD,20221,2022,1,129,2.15,0.9489176014573597,-2.7034003017597006,2.7477247634793143,-8.207188575100925,56.943576236021116
GBPUSD,20222,2022,2,131,1.9264705882352942,0.7746702591725483,6.37338960418858,3.8674422344690975,-0.41735541513442886,92.06766006098049
GBPUSD,20231,2023,1,130,2.096774193548387,0.7597508783961041,-2.4131574680028285,-2.984788945647261,3.705399446200094,54.910263789070214
GBPUSD,20232,2023,2,130,2.4074074074074074,0.8730971739189249,6.032386590820343,2.090264729472407,0.23604037498602712,47.29495963155553
GBPUSD,20241,2024,1,130,1.8840579710144927,0.6743017404587225,-0.3008897663309318,-3.3893036187757692,-0.5245071858014662,35.09542053842067
GBPUSD,20242,2024,2,132,2.0,1.3041589310787323,-1.500224217519829,0.16044204650678578,-0.7951284358786326,43.523997488643
GBPUSD,20251,2025,1,129,1.7671232876712328,0.6088688330960256,1.5690941334512487,1.3302594381470054,7.210914058570564,51.82244679785703
GBPUSD,20252,2025,2,132,2.0952380952380953,0.8375418216129771,0.6606197233799964,-3.8229246553722653,-1.4365091844059579,38.12238921667538
GBPUSD,20261,2026,1,129,2.0,0.7049515031252302,-1.2105696921389397,-2.1999071095597498,-1.2926965095579854,43.68561235126245
AUDUSD,20081,2008,1,129,2.327272727272727,0.5190696192509925,-3.9447716429997652,-3.5175218133505286,6.3870986889141745,73.66544642380707
AUDUSD,20082,2008,2,132,2.0952380952380953,0.7596679642114019,31.86702477989934,21.541911382352193,-23.394518974161354,226.0897878396086
AUDUSD,20091,2009,1,129,1.9104477611940298,0.7788213938440912,8.641083714588861,0.9142460691598391,10.597939088519366,138.14908583301226
AUDUSD,20092,2009,2,131,2.2586206896551726,0.8201693906041663,2.3442257019375172,3.220257726296214,7.854056672573049,84.70135512244057
AUDUSD,20101,2010,1,129,1.8970588235294117,1.0668275825362081,-2.7215027140196075,-4.538209681734852,-4.71291421604828,94.59403753606817
AUDUSD,20102,2010,2,132,2.0952380952380953,0.7860182941903058,6.979465628986303,2.9869045414503956,14.80099701201535,77.98114263076052
AUDUSD,20111,2011,1,129,2.3035714285714284,0.7749622666843481,-2.932615730721534,-5.7159712441500705,3.4352627989478153,66.62251272692167
AUDUSD,20112,2011,2,131,1.8450704225352113,1.1491161515947441,-9.839462551856942,-8.023299553177392,-3.5449253001494028,109.23716058895087
AUDUSD,20121,2012,1,130,1.8840579710144927,1.0046249778555578,7.615350223259656,1.5323229093885582,0.23626521189423472,61.249292050867744
AUDUSD,20122,2012,2,131,1.9264705882352942,0.8351125176361601,-2.1351616935157964,-1.9568739475607686,1.1322492037420826,46.48341946393234
AUDUSD,20131,2013,1,129,1.9846153846153847,0.7982571935398157,5.112281972882248,5.0372504309262345,-9.994989206196962,58.92312353263393
AUDUSD,20132,2013,2,132,2.129032258064516,0.9054966126313652,2.9618567588259106,1.9690954346352154,-1.89020643129542,65.51444891964603
AUDUSD,20141,2014,1,129,1.8970588235294117,0.7880394751736948,-5.28356892824347,-1.3517142882460804,4.387321418809387,48.6522600040982
AUDUSD,20142,2014,2,132,1.8333333333333333,0.7740126542827457,4.2674928621014985,5.904338002486463,-10.94549949863297,53.26908281445853
AUDUSD,20151,2015,1,129,1.8028169014084507,0.9150972307447375,-4.22709555669178,-0.5382003042647039,-4.581519182513722,71.93292963770423
AUDUSD,20152,2015,2,132,1.8857142857142857,0.8903460181831314,-1.7545497476715588,2.3388111353647605,-4.101911322816263,72.0862315905674
AUDUSD,20161,2016,1,129,1.8169014084507042,0.8945741180718534,4.945534085490438,-1.7296200922832625,1.6786006545357643,80.36528393428958
AUDUSD,20162,2016,2,131,1.7702702702702702,0.8169891194486768,-0.0690452192205631,-1.024644669637931,-2.5349305041001604,58.606812942285856
AUDUSD,20171,2017,1,130,2.03125,0.9282073873002238,-2.196917469270748,-5.470840455047797,4.9957335704283805,47.81627793410386
AUDUSD,20172,2017,2,130,2.1311475409836067,1.2826172508800695,1.633228420518711,1.6872882900285293,1.0397989689865808,46.364836478011306
AUDUSD,20181,2018,1,130,1.8840579710144927,0.934807128369276,0.9145138930765595,-1.5716483086068116,-3.9297376067257943,53.2088667498299
AUDUSD,20182,2018,2,131,1.9264705882352942,0.6950515401995436,-2.839964406074353,0.2130991976994726,-3.824067705645339,55.141119050273524
AUDUSD,20191,2019,1,129,1.855072463768116,0.5591856198784848,-6.568140863927932,-3.5261713814295685,-0.2591646391307189,51.15129486414166
AUDUSD,20192,2019,2,132,2.2,1.1885740368159101,-1.3068235540356912,-3.0457976364043597,-0.06372127869213762,39.78388675486916
AUDUSD,20201,2020,1,130,2.2033898305084745,1.6616995160722443,10.170324425629687,5.81735808565088,-1.2397851449254866,95.21932930284284
AUDUSD,20202,2020,2,132,2.1639344262295084,0.7175228785210853,5.952981470069189,6.2918711511845125,8.246240543795892,55.58938871684214
AUDUSD,20211,2021,1,128,1.7534246575342465,0.51815901677565,-2.7240314557380625,-3.821004008154663,-2.0142098404466693,61.32136014457659
AUDUSD,20212,2021,2,132,1.736842105263158,1.102948616303756,-4.3174479124649965,-1.4640171299787907,-2.3907979391565464,51.589340130266365
AUDUSD,20221,2022,1,129,2.2241379310344827,0.9485486500918201,0.8246218772280108,-3.18722416728325,-4.016618375829078,72.62904444581332
AUDUSD,20222,2022,2,131,1.8194444444444444,0.6812082635321661,5.344868877718159,0.9092966080079756,-0.9432207553552102,92.92703845709772
AUDUSD,20231,2023,1,130,1.8055555555555556,0.8047753935780153,-7.453733994196455,-4.95637496429088,-1.7495729520661125,71.80906183150898
AUDUSD,20232,2023,2,130,1.9545454545454546,0.8340046925098221,2.7691867187689767,2.702928034911947,1.6953556332625048,63.30569106160618
AUDUSD,20241,2024,1,130,2.0,0.6039622700558831,-7.825110232496517,-8.081121934643699,-1.6006952730360158,50.94589488733002
AUDUSD,20242,2024,2,132,1.8985507246376812,1.0989088283243647,4.3126594269309475,0.5840026900942643,-5.671071854570566,56.491791020411135
AUDUSD,20251,2025,1,129,1.7671232876712328,0.49114039487075595,-10.674491609129086,-3.5086150184376144,4.72824938446557,74.7546744896109
AUDUSD,20252,2025,2,132,1.8857142857142857,0.7192926595487741,-1.7779339458039947,-5.6182688913707075,1.1070716215638121,41.72891047680097
AUDUSD,20261,2026,1,129,1.8695652173913044,0.9736937112627428,3.894390752976606,2.799912070609858,2.7280287121019464,59.79078662768771
USDJPY,20081,2008,1,107,1.962962962962963,0.9551146143900222,3.1879140917179063,0.5564198724949765,-0.36937479439784826,79.80014925186273
USDJPY,20082,2008,2,132,1.6708860759493671,0.3854711367193711,11.777188523648386,8.926494885811831,-11.8904441832436,123.00638311105594
USDJPY,20091,2009,1,129,2.1147540983606556,0.9345073134630275,-1.2867359808752092,-3.0673405477127216,4.645782842254031,91.61462626785031
USDJPY,20092,2009,2,132,1.9130434782608696,0.7234540474317397,1.5335316201635942,-5.705658115320446,-2.5887968612670207,75.33477958393452
USDJPY,20101,2010,1,129,2.098360655737705,0.7785109855512446,-8.74782751044269,-5.1354871672263185,-3.82887466011734,64.82492718111875
USDJPY,20102,2010,2,132,2.0307692307692307,0.6961453074888608,5.442769413669255,1.1434819077110214,-6.614492638797856,58.31660476735526
USDJPY,20111,2011,1,129,2.480769230769231,1.2489217372503845,-6.526422721188329,-4.827826116074591,-0.40144473448163676,55.15748012753173
USDJPY,20112,2011,2,131,1.7236842105263157,0.5622719988039019,-3.8255789379696625,-2.773488205331259,-3.680892744098041,52.80295125930454
USDJPY,20121,2012,1,130,1.9402985074626866,0.9163274653883844,3.609544392579276,0.12547509504148854,2.829156521108037,55.586721492573076
USDJPY,20122,2012,2,131,1.911764705882353,1.077896684310748,4.486560710566539,5.160135453152306,6.348664323872665,39.95441425027924
USDJPY,20131,2013,1,129,1.8428571428571427,0.9755626863417445,-2.7567123935180042,5.67989456230435,10.388925569393098,90.29864378155756
USDJPY,20132,2013,2,132,1.8082191780821917,0.5495622767878702,-5.497417192636157,2.933381122242377,4.5410168185583135,63.46196694293355
USDJPY,20141,2014,1,129,1.8428571428571427,0.4865948265864303,-0.08619650954376316,-3.081665086496414,-2.9650176180259806,39.9143677937287
USDJPY,20142,2014,2,132,2.0952380952380953,1.2143908300252795,4.29030784872707,4.770891020228942,12.616487349140018,57.24440272578045
USDJPY,20151,2015,1,129,2.015625,0.7381373729132659,-1.053920436004749,-0.4771892452287905,1.7619017641904382,49.75505756811359
USDJPY,20152,2015,2,132,2.0,0.7403850848672454,3.4669166066576578,-2.1796090185204493,-1.3662759926400512,48.99767865490085
USDJPY,20161,2016,1,129,2.015625,0.8228785503493671,4.1316210071619155,5.218387868024701,-11.922052842144591,77.43103832775948
USDJPY,20162,2016,2,131,1.7236842105263157,1.2438419338297566,3.228177338053707,5.170852867361866,9.614871730328439,74.4523507822708
USDJPY,20171,2017,1,130,1.8309859154929577,0.8405661621169715,-0.8733482720513847,-1.2157468889512468,-3.0715471541870936,59.75927228978461
USDJPY,20172,2017,2,130,1.6666666666666667,0.7612250533706247,-1.5683874653404966,-1.6727011963735567,0.20922159947944574,46.47813893618976
USDJPY,20181,2018,1,130,1.9402985074626866,0.807220702370967,3.178453704491986,1.9993765125497391,-1.3688342054592784,45.61094997517982
USDJPY,20182,2018,2,131,1.8055555555555556,0.7532066091378662,-2.5139893374538067,-0.27559896758853175,-0.7729772561041646,39.21647751008064
USDJPY,20191,2019,1,129,1.6753246753246753,0.6673430316893696,0.5643821545219154,0.17119754609127963,-1.1749474273582514,35.81311602940676
USDJPY,20192,2019,2,132,1.8333333333333333,0.7176248681086457,-3.3610264208026304,-1.2238671956267264,0.5058943729582723,36.05865796317169
USDJPY,20201,2020,1,130,1.8840579710144927,0.9448597839211457,-6.774711536694461,-4.0555119901592365,-0.4531082888163867,67.15525191870626
USDJPY,20202,2020,2,132,1.8857142857142857,0.39361428578775937,-1.4497032228498359,2.004456821583039,-3.395910234568337,36.781037841774534
USDJPY,20211,2021,1,128,2.1166666666666667,0.9748407001489814,1.9459007827618535,1.949567758142844,5.73908531914253,31.59678234568508
USDJPY,20212,2021,2,132,1.9130434782608696,0.7273226697935928,-4.563903931318769,-0.529081935701913,2.65321459070449,36.168171102872634
USDJPY,20221,2022,1,129,2.0806451612903225,1.1328758951899949,4.98267177185616,7.478701410762961,12.824651455424453,58.05997064164549
USDJPY,20222,2022,2,131,1.7945205479452055,0.9327014797154376,11.577929644066552,6.65358254118523,-2.703384200984348,87.74780866350658
USDJPY,20231,2023,1,130,1.8840579710144927,0.8752232328204527,3.3963015127520926,0.18337900624753511,7.354917099116457,65.03891803777782
USDJPY,20232,2023,2,130,2.2241379310344827,0.8793223687457157,2.27519300410178,1.8931199267637706,-1.7521648563231609,56.8035757436318
USDJPY,20241,2024,1,130,1.9253731343283582,0.7093367809551406,0.22460079549836504,1.5304690013539068,10.122401906555048,49.43296174954217
USDJPY,20242,2024,2,132,1.955223880597015,1.3360206040694205,-3.585119352726394,1.5697191502843204,-1.7239924874162742,75.3094055997422
USDJPY,20251,2025,1,129,1.8970588235294117,0.6380589479311245,-1.919298205606021,-1.5333217459206079,-6.896037088953371,68.18481102210099
USDJPY,20252,2025,2,132,1.9411764705882353,0.3913976190692948,0.7590819684973154,-0.18910879629209157,6.485368951502149,55.23931707547458
USDJPY,20261,2026,1,129,2.1147540983606556,0.7855151831355207,0.21898673410991754,-2.883796504734928,2.902107906126963,45.475099302769884
USDCHF,20081,2008,1,130,1.6538461538461537,0.8658419326753233,4.642514477545305,0.0,-8.003990916565284,80.59149375707983
USDCHF,20082,2008,2,132,1.8309859154929577,1.4853640080388486,9.117804544522768,2.2512554889025176,3.467870962268385,98.91994132263643
USDCHF,20091,2009,1,129,1.7432432432432432,0.5578992726785322,-10.276111881046885,-7.766465793888194,1.2274353216999412,96.39454270198726
USDCHF,20092,2009,2,132,1.7466666666666666,0.6840554773558757,-1.7259277729614846,2.0386934274539,-3.6095474955715554,58.898927502091354
USDCHF,20101,2010,1,129,2.0,1.3098348390262928,4.578035755065327,1.8650892259743006,3.1955017440166604,62.381597403284296
USDCHF,20102,2010,2,132,1.9130434782608696,0.6604894517923263,4.65891969749573,6.8531129023921595,-10.920721668627225,69.8581882789957
USDCHF,20111,2011,1,129,1.9253731343283582,1.1634269315537875,-3.089186128858362,4.413771905200733,-7.998561402807543,66.56022698553065
USDCHF,20112,2011,2,131,1.8714285714285714,0.9265298649037937,10.124238930975133,5.7311484777424635,8.288233665530315,135.49797185746846
USDCHF,20121,2012,1,130,2.03125,0.9798925281439248,-3.45418064036073,-1.7704656118831132,0.752686768076365,57.137616076160064
USDCHF,20122,2012,2,131,2.1475409836065573,0.920871883170768,0.5327779885082983,-2.1536624395042723,-2.465790118779175,44.47264349449755
USDCHF,20131,2013,1,129,1.5925925925925926,1.0745850965698982,-2.581998731200796,-7.3452606047082405,2.2484472940407354,59.4190856213041
USDCHF,20132,2013,2,132,1.8450704225352113,0.6982025003209198,-4.300772006800366,-4.156949195935949,-4.293825533425188,54.421629489633446
USDCHF,20141,2014,1,129,1.9253731343283582,0.6188968921991959,0.6504897293191795,-1.7845135243658103,-0.511399153740692,37.23876115016216
USDCHF,20142,2014,2,132,1.76,0.4612687550862807,1.6410006735358074,7.450864198452049,8.642443396637608,46.757203395720204
USDCHF,20151,2015,1,129,2.1864406779661016,0.7909137553293175,-18.689155547551117,-18.067988596568156,-4.767362134516367,175.594030554326
USDCHF,20152,2015,2,132,1.9130434782608696,1.1113578374755586,1.1277909202542507,-0.6058880845868266,5.233756408594034,61.31084140945069
USDCHF,20161,2016,1,129,2.1333333333333333,1.2143709120709303,0.018237070192061194,-2.3987827846312184,-1.985644406673487,51.961805567972185
USDCHF,20162,2016,2,131,1.8714285714285714,0.9153774585405475,-2.5726793685264058,-2.028584447392949,3.1741162337299684,45.917058430143406
USDCHF,20171,2017,1,130,1.8309859154929577,0.7991717322507175,-0.6108741461671178,-1.5050663206683659,-4.684646057382448,42.48562657697279
USDCHF,20172,2017,2,130,1.8055555555555556,0.6514115834255003,-4.293454503078091,-2.498068972301815,1.3141531093938268,45.305314677146384
USDCHF,20181,2018,1,130,2.03125,1.2470953876502746,6.262455654169828,4.385569901006925,1.250134235849785,43.6342218953974
USDCHF,20182,2018,2,131,1.8714285714285714,0.9303951644757014,0.0858891004693034,0.3203279471389939,-0.7017695473521997,37.07306952549667
USDCHF,20191,2019,1,129,2.1333333333333333,1.0132203986846415,2.4485709092062544,-1.542778859902962,-0.3985010749460332,32.98017547338458
USDCHF,20192,2019,2,132,1.9848484848484849,0.4907034934726282,-1.5367456311244094,-1.7630146027217444,-0.7026374362406338,36.55615932482021
USDCHF,20201,2020,1,130,1.9696969696969697,1.0267809996615405,-3.7062695204505776,-5.4705650671788035,-1.5931098797293954,50.465364642389666
USDCHF,20202,2020,2,132,2.046875,0.7576627281133226,0.8680847921531812,3.5310025506445144,-5.167451641765539,39.49600615783401
USDCHF,20211,2021,1,128,2.0,1.2584674906665807,6.935645328061567,-0.22023806089092945,3.4877666112750054,41.19380150173484
USDCHF,20212,2021,2,132,1.736842105263158,0.6037039007931733,-1.2399623589838629,-4.792824604503923,-1.1045726526741293,39.8056612857668
USDCHF,20221,2022,1,129,2.0476190476190474,1.4593444222622216,-9.237667258079734,0.49983135531799416,3.6034972420752385,53.02406485072085
USDCHF,20222,2022,2,131,2.381818181818182,1.0148760082258184,-0.7324442323335186,0.3028464557223491,-2.5015212963971587,64.2402664367124
USDCHF,20231,2023,1,130,1.7808219178082192,0.5145629125107768,-4.975592950822282,-3.5939718834077947,-2.48487931200222,53.80093822370806
USDCHF,20232,2023,2,130,2.1666666666666665,1.491763654836459,6.290003541473019,3.803902563954861,-4.769395076037628,43.578165298515096
USDCHF,20241,2024,1,130,1.7808219178082192,0.8675026237208114,1.2212667758982205,-1.7302492570500652,5.082504166913738,41.3856595312205
USDCHF,20242,2024,2,132,2.1639344262295084,0.9360614566807953,-0.7532757219942735,4.878525133568661,0.7266446286831361,48.543558314781635
USDCHF,20251,2025,1,129,1.9545454545454546,0.8568953577167897,4.91051957490445,6.247768212185447,-10.449966167360998,67.88413006196805
USDCHF,20252,2025,2,132,1.9411764705882353,0.5467976419203525,-0.35981624118387967,-4.164931981910875,-0.03536478263362224,41.6807885417708
USDCHF,20261,2026,1,129,2.15,0.9426175596028114,-1.8458041264922624,-0.09434994372600225,1.5774287803466405,48.10618291261689
USDCAD,20081,2008,1,130,2.0476190476190474,0.8572672306943941,-11.80853063703152,-3.935298648822476,2.1182528599341146,63.26851051344852
USDCAD,20082,2008,2,132,2.2203389830508473,1.2736850035343488,7.776655439268581,7.864096625582478,13.760860244523288,119.95339104049702
USDCAD,20091,2009,1,129,1.8970588235294117,0.9865677323451209,4.938007667808167,-0.08054345260471782,-3.985529340132074,97.29413808791838
USDCAD,20092,2009,2,132,2.1639344262295084,0.9594748158704629,-6.935543387635094,-0.46796298746920534,-7.578031644995833,77.41029665562293
USDCAD,20101,2010,1,129,2.0476190476190474,0.7466871302007612,-1.9771190267630985,-6.5818550245149465,0.8483286363947057,74.3123622926007
USDCAD,20102,2010,2,132,2.0952380952380953,0.5754982580587937,-7.556926684032362,-2.8399575170924476,-4.819332607926913,62.24468872685471
USDCAD,20111,2011,1,129,1.8695652173913044,0.5756619435355007,-7.484676345719806,-2.2209746590670942,-2.6255351798785638,46.07309753171266
USDCAD,20112,2011,2,131,1.7567567567567568,0.9292752898094059,-3.0179374565294625,-2.872339258531121,4.342741006907748,73.5990302755292
USDCAD,20121,2012,1,130,1.7808219178082192,0.6990921458325149,-5.958510513886159,-0.32147187714439435,-0.3375927991363571,44.68058293201782
USDCAD,20122,2012,2,131,1.9848484848484849,0.8845173323721315,2.8448981530673194,0.34597538988132864,-1.830476492494796,32.003313847833624
USDCAD,20131,2013,1,129,2.0476190476190474,1.2832792675173428,-5.497045587372506,-3.34165351248666,4.496137604331604,38.6074572397101
USDCAD,20132,2013,2,132,1.8082191780821917,0.9003795426426859,-2.7209548917881783,-1.3687164419059945,0.741356562450767,35.91348899279828
USDCAD,20141,2014,1,129,2.0476190476190474,1.255839976368828,-0.28503060637696925,1.6628961068830959,0.390335895347208,34.73580616261264
USDCAD,20142,2014,2,132,1.6923076923076923,0.439189233330522,1.3709877659012895,2.263977016251425,6.419483889938174,40.61621048871252
USDCAD,20151,2015,1,129,1.8695652173913044,1.1204858308448709,3.6281006477564595,5.800736453396603,5.541986011189195,61.315255184838776
USDCAD,20152,2015,2,132,1.8333333333333333,0.8888438546765912,6.334852495474461,2.888501821923345,7.819190228195433,48.55363148466723
USDCAD,20161,2016,1,129,2.1864406779661016,0.8830636023493287,2.2082650116598805,3.144516378784595,-5.055383565537332,65.30407654405793
USDCAD,20162,2016,2,131,2.0793650793650795,0.652622361195246,-3.5529459630878417,-1.825067139862871,2.7302810397191535,47.56006176797828
USDCAD,20171,2017,1,130,2.03125,0.9767670210140632,1.309274597352087,-1.4400192866676584,-2.7560319427031192,42.47479097276847
USDCAD,20172,2017,2,130,1.8309859154929577,1.221379274314999,-2.482345809776106,-0.21346430399822094,-2.3561438384576023,47.37740600135545
USDCAD,20181,2018,1,130,2.0634920634920637,0.8909104765703728,4.3008001813840835,-1.3308252044941389,3.3798108470525148,46.24710739066147
USDCAD,20182,2018,2,131,2.2586206896551726,0.5973869747266156,0.8540511221003075,-0.9326450833280373,2.867053378521817,38.943740920891216
USDCAD,20191,2019,1,129,2.0476190476190474,0.6577711925714202,0.7881167171749215,-2.540143867051245,-3.1829282182503964,36.792614859932655
USDCAD,20192,2019,2,132,2.0,0.7127815405803529,-1.9240443723836165,-0.9168051927571975,-0.5863857129519655,27.995896332619626
USDCAD,20201,2020,1,130,1.9402985074626866,1.2036213374553235,2.011969659625773,3.2741777891959027,3.413468023097135,62.07973842322581
USDCAD,20202,2020,2,132,1.7837837837837838,0.6696786311229914,0.32626981001250605,3.1561367743683513,-4.914251128995162,37.927094635592454
USDCAD,20211,2021,1,128,1.7777777777777777,0.7669422808680704,-0.026880918446157254,2.1079704682253455,-2.0419249093795004,41.60629237664356
USDCAD,20212,2021,2,132,2.0625,0.7285048314130655,-1.565427752521471,-1.0234276577413832,1.464389989789815,44.90824585128628
USDCAD,20221,2022,1,129,1.8970588235294117,0.9805370237766203,-6.932235204601442,-2.570278304922204,1.4375156285909116,44.736313148643866
USDCAD,20222,2022,2,131,1.7236842105263157,0.7038345291622867,1.8802180046529668,0.9090245026234459,3.895352849794533,57.46114444457416
USDCAD,20231,2023,1,130,1.8055555555555556,0.8188547695452152,-5.160476692718344,-1.664756519541384,-1.7395875936378526,40.935904631045204
USDCAD,20232,2023,2,130,2.0476190476190474,1.1304990547872007,-0.46183118277801993,-2.1718245687113438,0.01742364675080367,33.05111905301659
USDCAD,20241,2024,1,130,1.7808219178082192,0.4317851515776633,-3.377637096412279,-1.335655188756381,2.4686803212598867,30.170228203167376
USDCAD,20242,2024,2,132,2.0952380952380953,1.1131956542116486,1.853700719996128,2.114156015515925,3.7847640845613566,30.704937486404454
USDCAD,20251,2025,1,129,2.263157894736842,0.7319193523311321,-5.736566977342488,-1.0763300613049949,-4.28305250996688,39.97888069517257
USDCAD,20252,2025,2,132,2.1639344262295084,0.8870789230616196,1.0406179600121652,-0.8998385020113945,0.655294642261474,25.82357603160657
USDCAD,20261,2026,1,129,2.1864406779661016,1.4640898418591732,0.17930061723306326,-1.3872287687182558,2.684001645372443,28.15729034464341
EURJPY,20081,2008,1,130,2.0317460317460316,0.6218160559818106,0.6942222794492471,0.02902327546907821,1.6997717306091416,76.60987116249933
EURJPY,20082,2008,2,132,1.8857142857142857,0.6996170664720821,24.61850047438637,15.522076853761478,-20.956290278747822,180.8218875051671
EURJPY,20091,2009,1,129,2.0806451612903225,0.8859771898272726,4.347614352232594,-6.780250002468324,4.951977409151085,122.94820693734687
EURJPY,20092,2009,2,132,2.0952380952380953,0.556673520623319,-11.938006095503304,-9.702355324467334,-1.0495980123972353,89.43418108476422
EURJPY,20101,2010,1,129,1.8970588235294117,0.773484048594196,7.676635312016411,9.15165769735115,-16.11142567975437,100.65991805454772
EURJPY,20102,2010,2,132,1.76,0.8069522574714906,-3.7789177682764503,-7.62475714579986,0.1573076221765594,82.78824133409434
EURJPY,20111,2011,1,129,1.8695652173913044,0.8211586066064793,-0.9498822134667847,-3.438168615356064,5.744906137418799,85.71074710826022
EURJPY,20112,2011,2,131,1.7702702702702702,0.7544901159134373,4.88472309062396,4.569123190800868,-12.181021021801238,79.27301995575814
EURJPY,20121,2012,1,130,1.9696969696969697,1.185122738440608,6.758195996830729,3.0068796674669995,1.1347941045945444,77.29738520078165
EURJPY,20122,2012,2,131,1.9848484848484849,1.1165454919930375,2.8371772135669495,4.610392232811828,9.510217463684548,65.88472150574702
EURJPY,20131,2013,1,129,1.8970588235294117,0.839167770418992,4.4767109690381925,4.476700497620949,9.25361657408515,104.32535404719415
EURJPY,20132,2013,2,132,1.7837837837837838,0.6884217423592437,-3.8859219770334783,1.7167776546902884,8.664879282301527,55.0375373537957
EURJPY,20141,2014,1,129,1.8169014084507042,0.6480966066285456,-0.7976720835320408,-1.7207259459699717,-3.234479008153225,44.84190112751776
EURJPY,20142,2014,2,132,1.8333333333333333,1.2670221163233555,2.84950780290871,-1.9055172934322926,3.241074208365627,48.63122218788163
EURJPY,20151,2015,1,129,2.015625,1.239621524244602,6.615993610768864,2.0809398871195675,-4.678000276509672,75.03795453972715
EURJPY,20152,2015,2,132,1.8591549295774648,0.798796027054033,-5.492874245053075,-0.25659750282561594,-3.2747634976705196,53.03611703045862
EURJPY,20161,2016,1,129,2.15,0.7040934659053568,2.40084776520893,3.622002799506203,-10.183888251098711,77.6364746577088
EURJPY,20162,2016,2,131,1.7236842105263157,0.8529565136462426,-2.5395333648583835,4.1102299093463275,5.566960250905561,64.10971767098023
EURJPY,20171,2017,1,130,2.096774193548387,1.422387128387655,1.7530558572173154,-3.3302121096652004,3.2043806810238666,53.953243328091446
EURJPY,20172,2017,2,130,1.8309859154929577,0.46572962071388774,-5.213779597971292,0.8325935697150948,3.9630158852843804,46.6024604137794
EURJPY,20181,2018,1,130,1.8840579710144927,0.577142576948542,-2.837700554380713,-1.9206562815814663,-3.4100525654801515,55.683876165178525
EURJPY,20182,2018,2,131,1.8985507246376812,1.0596263483891672,-3.806932615147086,-4.771963211823166,-2.16981847546098,46.42284658785579
EURJPY,20191,2019,1,129,2.0476190476190474,0.3738308428606663,-2.082603615112839,1.142277045877595,-1.884565283755222,47.54007742512166
EURJPY,20192,2019,2,132,2.0952380952380953,1.0849981945684741,-0.803298583835,1.4358938085128594,-0.5032632573792459,37.4620469557082
EURJPY,20201,2020,1,130,2.0,0.8042173563463034,-4.967769853495878,-3.5031016733332834,-0.3258666348057112,59.4421039562275
EURJPY,20202,2020,2,132,1.9701492537313432,0.7709511841842519,-0.7402817309042864,1.0813350985645471,2.9451533536402605,40.15573709481352
EURJPY,20211,2021,1,128,1.7534246575342465,0.6298360294237533,1.4992077365599408,1.7421316501873587,3.4124690601508805,32.18287308632638
EURJPY,20212,2021,2,132,1.8591549295774648,1.0105544612371458,1.5655605685300045,-3.154637538366413,-0.5181189173305923,36.71356821757813
EURJPY,20221,2022,1,129,1.9253731343283582,0.9265375016347848,-3.3695838763130985,-3.760699037061793,6.498777115486028,72.51154909198249
EURJPY,20222,2022,2,131,1.7945205479452055,0.772259716031076,-0.3566391617626083,-5.147428982159768,-1.056039834034816,75.66366035814647
EURJPY,20231,2023,1,130,1.9696969696969697,0.6642356087297748,3.217879972428073,4.834799449831532,8.84128658846695,62.797933241372384
EURJPY,20232,2023,2,130,2.2413793103448274,0.6454550584522749,-4.115960980649365,-3.5805046882335048,-0.8884986411941292,56.56982330339979
EURJPY,20241,2024,1,130,2.1311475409836067,0.6000643441373852,-0.07508411760097955,1.098995799752138,7.83192530451041,44.54216043509526
EURJPY,20242,2024,2,132,2.129032258064516,1.3003081740219624,-0.6619964436314402,-1.4284844198693167,-4.319631672250517,65.83233360754903
EURJPY,20251,2025,1,129,2.1147540983606556,0.6993045117057762,-0.24309800439832877,0.27117725672604337,3.1427358945744266,55.59177135907683
EURJPY,20252,2025,2,132,2.0625,0.4212585398648873,2.59666963344864,4.7914276533882845,6.228970952952788,38.345735159365766
GBPJPY,20081,2008,1,130,1.8695652173913044,0.5449629363420945,1.873166388594717,1.2710218992164226,-3.8939103530356616,94.41626549838259
GBPJPY,20082,2008,2,132,1.9130434782608696,0.5675609753588279,32.16344816219298,27.95844883896509,-35.29805344095117,191.72983916047244
GBPJPY,20091,2009,1,129,2.0806451612903225,0.8529489372106239,-6.785514444008134,2.0379391368223314,13.859569874435833,143.76061379049258
GBPJPY,20092,2009,2,132,1.76,0.7277887262101526,1.4608966860076242,-13.124162518849875,-4.027311365298154,110.56951999962017
GBPJPY,20101,2010,1,129,2.15,0.9553459056355413,3.13275638387397,-5.058962697988329,-9.85619512068476,101.5166927215525
GBPJPY,20102,2010,2,132,1.8591549295774648,0.7760169342193887,-7.8710350701182135,-8.922691474952911,-3.371433137005246,76.81788728885272
GBPJPY,20111,2011,1,129,1.7671232876712328,0.8566912468247068,-2.212716181672055,-4.7779991344077715,1.5964329903495582,75.77327386529063
GBPJPY,20112,2011,2,131,1.6794871794871795,0.8327032431583731,3.306782161098412,4.725874105478808,-5.984210470059561,65.0453323722566
GBPJPY,20121,2012,1,130,1.911764705882353,1.027209258156586,3.5199844410014585,1.948950304924542,3.6333224091707845,71.10855500940617
GBPJPY,20122,2012,2,131,2.1129032258064515,0.8397899684735753,0.7044152201644542,4.326456375268345,8.810943268698379,53.152081373238104
GBPJPY,20131,2013,1,129,2.1147540983606556,0.8080316246499835,-3.6586143019596182,2.300961725481004,5.409737630545869,86.64879698783473
GBPJPY,20132,2013,2,132,2.0153846153846153,0.7657834477941078,0.3916928816186583,6.865534447595914,10.953084751345699,60.85565937844856
GBPJPY,20141,2014,1,129,1.8169014084507042,0.6253440794283791,-1.518004396385392,-3.3976404245364833,-0.4215262574035108,52.04421877085161
GBPJPY,20142,2014,2,132,2.0952380952380953,1.2841729895073644,-3.0052881612582767,-4.002940446732353,5.5886963443491195,55.876049740198546
GBPJPY,20151,2015,1,129,1.7432432432432432,1.0484438579670758,8.714285910059338,-0.9157198234991978,2.2173190293657634,57.01154831520082
GBPJPY,20152,2015,2,132,2.2758620689655173,1.0036381887331347,3.6362294550618053,-1.6316399199268496,-6.128809778924159,59.56190380937001
GBPJPY,20161,2016,1,129,2.263157894736842,0.7203892380407534,11.621677390207042,14.183239890145932,-19.661809425726744,126.71867275100998
GBPJPY,20162,2016,2,131,1.7567567567567568,1.1690116067078389,1.1714567601494668,3.9401400135994464,3.7713295448441846,100.8471421247366
GBPJPY,20171,2017,1,130,1.8055555555555556,0.953600201080047,5.50287540022952,-1.1931204293655746,1.050995172566214,68.76944306323405
GBPJPY,20172,2017,2,130,1.8840579710144927,1.229639725729963,-3.57686607747209,-1.2479326283729706,2.914781336575934,58.662641218102515
GBPJPY,20181,2018,1,130,1.9402985074626866,0.7786353269033123,-5.558594811610041,-1.4655673195062457,-3.0283954857779305,60.70126648134558
GBPJPY,20182,2018,2,131,2.0153846153846153,1.0111533410688525,1.5494792220901017,-2.8981205349045807,-3.3584639548939794,58.24367740159497
GBPJPY,20191,2019,1,129,2.3454545454545452,0.7973815645221959,1.710219713805799,1.5959532466540716,-1.6159382478004518,63.47352312003193
GBPJPY,20192,2019,2,132,2.0952380952380953,1.4242984844003712,7.56996483566638,6.607758705546343,3.845134143456336,66.18216149803659
GBPJPY,20201,2020,1,130,2.096774193548387,1.187679654717258,-8.682828800511027,-1.4273772094708717,-5.714823097300039,80.9801705690001
GBPJPY,20202,2020,2,132,2.0307692307692307,0.8702917254771402,-4.970054844253619,-0.8778961749219168,4.075105021392449,52.883654168251404
GBPJPY,20211,2021,1,128,2.1333333333333333,0.7302418209751163,2.596092483029034,4.480865771100669,6.628927196506864,43.195513462960946
GBPJPY,20212,2021,2,132,2.2758620689655173,1.164481859830119,-2.3212241667226854,-5.298987610061485,0.9182789491520237,48.55756226415021
GBPJPY,20221,2022,1,129,2.0476190476190474,1.0070507081874491,-4.732284527416143,-0.8464996586801257,4.63462000918424,69.888332423911
GBPJPY,20222,2022,2,131,2.0153846153846153,0.8326610143034869,-2.559514266325768,-10.439049208063505,-3.086794591351915,85.09986723950988
GBPJPY,20231,2023,1,130,1.9696969696969697,0.5926721683297514,3.169300996360303,6.6241764474761595,11.09379249891127,63.97305045729754
GBPJPY,20232,2023,2,130,2.03125,0.5527923095271631,3.2583158048532126,-2.864660078840111,-1.5674759590728737,57.68093243423179
GBPJPY,20241,2024,1,130,2.2033898305084745,0.6166705900201175,2.824368564360321,2.634841866883061,9.607183586130324,45.066258227254124
GBPJPY,20242,2024,2,132,1.9411764705882353,1.4122644995701121,-0.4826379359444739,-1.6127376335998382,-2.5406096145645427,72.35795304619803
GBPJPY,20251,2025,1,129,2.2241379310344827,0.6781709792530315,-3.3803817463719494,-6.969105919589299,0.3115649513328931,60.10275496348634
GBPJPY,20252,2025,2,132,1.6923076923076923,0.44719596227319514,-1.6176671534732516,0.018337078739709124,5.0479582434410135,44.32661638725346
GBPJPY,20261,2026,1,129,2.263157894736842,0.5984313709576584,-7.1419343723937,-0.7740638135099149,1.60990701133433,40.60473370945549
XAUUSD,20082,2008,2,132,2.1639344262295084,1.1075044310604076,25.661492729989696,-9.11748084242888,-3.8326793849185488,236.86897726969931
XAUUSD,20091,2009,1,129,1.8428571428571427,0.9733349212041824,-5.400160825436245,-11.97515632781487,4.1816862759009945,139.31018759160094
XAUUSD,20092,2009,2,132,2.0307692307692307,1.2096637245977406,6.009283483686644,10.329322833831032,12.558252902910608,101.34132171894133
XAUUSD,20101,2010,1,129,1.8695652173913044,0.6219491100614645,-4.218078113814479,3.349366865350329,9.622169163996608,102.55768587657207
XAUUSD,20102,2010,2,132,1.736842105263158,0.6552405742898293,6.073052894671667,3.8481147842449035,10.150796335656306,89.46897032074571
XAUUSD,20111,2011,1,129,2.1864406779661016,0.7591320733948821,0.9846226110486117,-1.017074509382015,4.373661706961145,82.1980254365132
XAUUSD,20112,2011,2,131,1.8194444444444444,1.1092256898764952,22.461319368613687,9.12844552808896,3.185590189850865,165.2734348813831
XAUUSD,20121,2012,1,130,2.1311475409836067,0.7199049740762038,-6.746176163770591,-6.080473287789472,1.5498130327674504,106.41275932911053
XAUUSD,20122,2012,2,131,1.8714285714285714,1.0081638592474929,6.392790529705358,5.296857119112987,3.6266312819093716,70.43710972916044
XAUUSD,20131,2013,1,128,1.7777777777777777,0.9457231725902463,3.378250854998077,17.812112375838314,-23.90707067308149,146.4181309354718
XAUUSD,20132,2013,2,131,1.8985507246376812,0.8566772900765302,-7.315180525778273,-10.417053602489087,-1.7450595456579807,120.63030368351752
XAUUSD,20141,2014,1,128,1.9104477611940298,1.1452660849860208,-4.014413426011046,-3.6247188937322914,7.469006958252535,79.43159862407627
XAUUSD,20142,2014,2,132,1.76,0.7542800591965078,-3.087185156943844,-2.450865149240735,-8.618407055200297,93.58407907103792
XAUUSD,20151,2015,1,128,1.9393939393939394,1.143092931384241,-4.987385683367743,-6.012440474712461,-0.7762489154125994,84.72688921887095
XAUUSD,20152,2015,2,131,1.955223880597015,1.3122439362397844,3.2218765012614305,2.4289047515400846,-7.603838905975664,82.09249281467201
XAUUSD,20161,2016,1,128,1.9104477611940298,0.8551858198257867,3.5439396072319367,-2.1791872886546946,17.174548726064884,106.6757525717079
XAUUSD,20162,2016,2,131,1.9264705882352942,1.0325171119912893,1.0679683255344443,3.8680191992137742,-10.603107539500392,78.91072441663583
XAUUSD,20171,2017,1,129,2.0806451612903225,1.3440144760984547,-3.4869066734080953,-5.978272238534516,5.8457028205645,62.90146035051136
XAUUSD,20172,2017,2,130,1.7105263157894737,1.0994720756752892,-2.206616486737802,-8.044942783216136,3.764336921074609,62.44031301825214
XAUUSD,20181,2018,1,129,1.9253731343283582,0.5990341393051487,-2.0568697119209873,1.4888065766988445,-3.03987975848166,60.04948870258723
XAUUSD,20182,2018,2,131,1.7702702702702702,0.6828849111748977,0.7207705112415588,3.3333181224350947,1.7863317907005838,60.36911741427312
XAUUSD,20191,2019,1,128,2.0317460317460316,1.2178917140457697,7.191310242854183,3.9807031618598545,7.395213717508819,60.61728638155388
XAUUSD,20192,2019,2,132,1.8857142857142857,0.6261690822462914,2.189992419036281,3.810954788758971,5.564718008440936,84.65493211941863
XAUUSD,20201,2020,1,129,1.9846153846153847,0.7277103841663155,-6.132087408525399,-4.159576136043232,12.520231182042007,124.78890368022257
XAUUSD,20202,2020,2,131,1.7702702702702702,0.7797128753021577,-0.08170597205075222,3.894097706032729,4.7700174486223,120.30010032055391
XAUUSD,20211,2021,1,127,1.9538461538461538,1.0481791965659653,12.001588653080344,2.804090075943569,-5.570855315940445,92.86334372032864
XAUUSD,20212,2021,2,131,2.0793650793650795,0.9461622815546806,-13.103326821637344,-6.101182279856071,2.585806469891567,71.63269053782172
XAUUSD,20221,2022,1,128,1.6623376623376624,0.801522238597652,2.997179520300463,1.7854141158432704,-0.9726301162183663,92.60874815615043
XAUUSD,20222,2022,2,131,1.8985507246376812,1.0104908881974344,5.576465638822243,-4.147490341593075,0.716490509533719,94.30059181788828
XAUUSD,20231,2023,1,129,1.9253731343283582,1.0537257830173605,8.833526412714628,1.4604603371697367,3.9803947034076623,90.26505245881184
XAUUSD,20232,2023,2,130,2.1666666666666665,1.5139250679854113,-4.204525721142237,-1.7608211406926293,5.5327272694579985,71.96253445528721
XAUUSD,20241,2024,1,129,1.8823529411764706,1.0079608702894676,-13.580419656437282,5.763697759360022,9.322348003025978,91.95138802958857
XAUUSD,20242,2024,2,132,2.0307692307692307,0.7960336402162016,3.0063298787486605,4.878831956934061,9.130967455408713,97.02162363682336
XAUUSD,20251,2025,1,128,1.8823529411764706,0.592143303554104,-0.41454456863515343,11.865738426856362,18.191028287703567,119.41462338768825
XAUUSD,20252,2025,2,132,2.2,0.8320626137840423,3.0546430162698615,8.08579522614765,20.099042434526687,121.9622895277675
XAUUSD,20261,2026,1,128,2.064516129032258,0.781339672073448,9.80469224487458,17.017524132832847,-5.881632550109406,216.6162926208293
XAGUSD,20081,2008,1,130,2.15,0.8724966930151055,-22.64259253307046,-7.42041861595717,12.414455922454964,226.7393843784499
XAGUSD,20082,2008,2,132,1.9130434782608696,0.7715938480716876,-14.795474228869947,20.754706914512493,-32.13039558948506,419.17801795391216
XAGUSD,20091,2009,1,129,1.7432432432432432,1.0012621528727887,-5.727932913862781,-0.8416642380206435,14.48560563940369,231.28205576796694
XAGUSD,20092,2009,2,132,2.1639344262295084,1.088563865871836,-3.0922763892344647,-0.34492317049087906,15.58774560405483,189.9273539055397
XAGUSD,20101,2010,1,129,1.8695652173913044,0.8982731088435703,-23.067327878804985,-12.540898288725485,7.941768844273359,187.43310161028947
XAGUSD,20102,2010,2,132,2.0,0.5119052073077103,35.30988706650874,36.83859278657153,38.499426100609334,180.2908586878806
XAGUSD,20111,2011,1,129,2.4339622641509435,1.5330206408466567,20.104971729418033,9.444207029004497,9.195500101407374,269.1974606222173
XAGUSD,20112,2011,2,131,1.6794871794871795,1.062954296887697,19.73677784904441,-8.413175526045428,-16.964108878673656,305.7905137928653
XAGUSD,20121,2012,1,130,2.0,0.8593482349847579,-2.6365290822972627,-7.032038575043241,-0.9462094687746401,177.75596338950297
XAGUSD,20122,2012,2,131,1.9696969696969697,1.4740273124085648,26.59498297622706,5.68761387045095,7.451961196432168,134.55551471476946
XAGUSD,20131,2013,1,128,1.7777777777777777,0.7151416669739459,26.053306527245248,27.116218078286252,-33.71525699633402,215.63951178809256
XAGUSD,20132,2013,2,131,1.8985507246376812,1.0152959180397563,-3.37480139399959,-1.9205271454051858,-0.9606053384543745,188.78486603064724
XAGUSD,20141,2014,1,128,2.098360655737705,1.4051592107916535,2.088158377527334,-7.089335978513179,6.131353758716874,116.39309287256748
XAGUSD,20142,2014,2,132,1.736842105263158,0.6163695334366356,9.877785889237785,5.492356890647786,-22.213486549202674,154.65030947575457
XAGUSD,20151,2015,1,128,1.8823529411764706,1.1072162324563104,-7.333156425268805,-15.630925399098533,0.15438252035754027,149.44889380182673
XAGUSD,20152,2015,2,131,2.0153846153846153,0.8397134759670905,-16.059654633753972,-4.125945924407543,-9.761808155436203,144.2353247982529
XAGUSD,20161,2016,1,128,2.098360655737705,1.0368802113020847,-0.8418075831796523,4.007931243263233,23.89959026864334,142.41642787349883
XAGUSD,20162,2016,2,131,2.1129032258064515,0.8843466473995852,5.876414155514534,4.3592746165784115,-12.7060020835341,161.4884914326955
XAGUSD,20171,2017,1,129,2.0806451612903225,1.8944306455019475,-9.418809418586545,-10.833526726921143,3.132087523189437,99.49402503540814
XAGUSD,20172,2017,2,130,1.8428571428571427,1.098577250530944,-9.139189272730015,-6.140563281247653,1.8425845191751058,105.66341938745977
XAGUSD,20181,2018,1,129,1.8695652173913044,0.47079636027554916,-20.01938643766916,-8.885842300520423,-4.101069453468502,100.64654859723379
XAGUSD,20182,2018,2,131,1.6794871794871795,0.5849810328156743,6.605726167466149,10.234401711158611,-2.969058976294199,101.346908244152
XAGUSD,20191,2019,1,128,1.9393939393939394,0.7172419077356349,0.7638941193600384,-1.8358810295070707,-0.9100662567637486,84.88318311301293
XAGUSD,20192,2019,2,132,1.8082191780821917,0.8720098444768022,14.811042996885833,6.772896591828656,11.630602884535625,143.31706405146284
XAGUSD,20201,2020,1,129,1.8695652173913044,1.4638052981335687,2.8327026230741774,-6.1328716085911665,1.6150903632112723,241.11045469228532
XAGUSD,20202,2020,2,131,1.7466666666666666,0.7258790842943499,16.123748908169738,29.71035233319129,28.360301314527874,338.93124999246044
XAGUSD,20211,2021,1,127,1.7397260273972603,0.6085176376735183,-7.103703740723862,-20.901846785859167,-0.8707293942317892,185.0921216793452
XAGUSD,20212,2021,2,131,1.8714285714285714,1.2291025670214992,-2.4736579213365277,-6.6529083851170245,-8.607503500973731,135.23338171984483
XAGUSD,20221,2022,1,128,2.098360655737705,1.103828990839667,6.667737973952812,10.760495517484193,-10.957472472120857,151.0902347163126
XAGUSD,20222,2022,2,131,2.046875,0.8100404141437205,-3.5333370082256352,-14.443742161036507,12.819754459558062,215.73252825561923
XAGUSD,20231,2023,1,129,1.8169014084507042,1.258724388899133,-1.6145446255828422,-11.78378718835987,-4.0114911589761295,157.5000224974093
XAGUSD,20232,2023,2,130,2.03125,1.3025207287465663,-27.85055823990317,-15.078993758126531,3.410102116414,155.0659120168676
XAGUSD,20241,2024,1,129,1.72,0.842907827989067,-3.972270011587699,9.40605548873927,15.72226618243132,200.83316997737154
XAGUSD,20242,2024,2,132,1.9411764705882353,1.0024524861796136,-7.992762321420276,-6.5667145223071275,-0.613805709277005,186.57296362943822
XAGUSD,20251,2025,1,128,1.855072463768116,0.7336049558993976,-7.395618234721514,-17.018980466138025,17.500673299830172,161.97434031196087
XAGUSD,20252,2025,2,132,1.9130434782608696,0.8249828403851821,37.5404481658519,54.42896906575859,51.728372212534744,227.40848207568422
XAGUSD,20261,2026,1,128,1.9393939393939394,0.6703736627614655,-57.91712295128109,14.07911515423421,-15.878236948716596,553.6959467814092
WTI,20121,2012,1,128,1.8028169014084507,0.8239396165471412,-3.5073708746111674,10.402623076622037,-11.805086189919127,157.2585559598763
WTI,20122,2012,2,131,1.7702702702702702,0.6056882807469756,7.697884395447818,-5.796164058297855,5.839635407122013,150.07240100586375
WTI,20131,2013,1,125,2.0327868852459017,0.8604738679207454,-6.1392514328588,-6.864842294899808,3.9260363085685266,120.24572331955426
WTI,20132,2013,2,131,2.046875,0.7601373272121459,9.803145548491244,10.922895016463041,1.679810272638652,116.17213458716336
WTI,20141,2014,1,124,1.8235294117647058,0.9960517626732357,-7.181634230362184,-5.550942167922565,5.375512146727448,88.59697183106472
WTI,20142,2014,2,131,1.8194444444444444,0.8380185219291292,39.76651821510529,44.15084796364771,-52.61475610179504,177.05361391009578
WTI,20151,2015,1,127,1.9242424242424243,0.6454122613216371,-13.488444146186701,-4.5153781968740745,8.684689395997855,263.95253167364734
WTI,20152,2015,2,131,1.9264705882352942,0.8286186243387754,7.668015643666769,8.173055530038525,-34.664275457996226,260.18010776652494
WTI,20161,2016,1,128,1.9692307692307693,0.7095750901904606,-17.39157778004547,10.32746002205641,19.98067841754162,334.8693941027153
WTI,20162,2016,2,130,2.1666666666666665,1.103049741650402,-0.14894861889055996,-17.60506857955262,8.095917086641562,224.27731440317535
WTI,20171,2017,1,128,2.0483870967741935,1.240860712540468,-36.39568924839939,-14.707103004579366,-11.882227242645989,155.80847082960784
WTI,20172,2017,2,130,1.9104477611940298,0.5965289239675385,3.9616617892073864,12.244552281380322,20.167137820496084,143.22523868307258
WTI,20181,2018,1,129,1.9692307692307693,0.9426325914217899,2.3619632867286233,3.65845066746284,16.47914166496533,158.81781935946668
WTI,20182,2018,2,131,1.8571428571428572,0.9285144890787492,24.88788437261797,11.745768273261023,-36.90446419979637,214.57963173325305
WTI,20191,2019,1,128,1.9393939393939394,1.2758779971011671,5.607722486063296,-9.720263597424761,18.407705287064296,177.86520710071463
WTI,20192,2019,2,132,2.2758620689655173,0.4724941747368663,-25.689929992620847,-16.115275843277956,4.070206529328835,206.59964644910102
WTI,20201,2020,1,129,2.1864406779661016,1.1447166324321003,77.16825552573059,40.730788893151654,-33.76286849315191,795.9594870185813
WTI,20202,2020,2,131,1.8194444444444444,0.8643215925298459,15.220027978230663,-6.633119900061219,15.361849050639686,210.2379282831647
WTI,20211,2021,1,127,1.984375,0.5535929967890075,22.588962625034817,23.22505199185371,32.88316997000686,207.76493204409778
WTI,20212,2021,2,131,2.183333333333333,0.7642994214256313,12.77551667969946,-15.023321213147872,1.95272972567142,229.4573356441653
WTI,20221,2022,1,128,1.8285714285714285,0.6778016210671658,32.44309847341915,7.046920919603989,26.770391676986662,326.47590289886176
WTI,20222,2022,2,131,2.0153846153846153,0.6197122353338664,-14.958649072913579,-10.535259307798366,-21.207754999271756,266.42638915564254
WTI,20231,2023,1,129,1.8823529411764706,0.9317012273518729,-20.421407107223022,-22.01140865753909,-10.337366776458818,227.70130079329863
WTI,20232,2023,2,130,2.0634920634920637,1.0031319085225867,17.280750826959434,5.653555606483829,0.9880164057107531,188.16520460726161
WTI,20241,2024,1,129,1.6973684210526316,0.6916476005541942,-4.346239828517561,-5.184375338840689,10.2928142860705,147.3945821620533
WTI,20242,2024,2,132,1.8591549295774648,0.4814789341731679,-1.700446067625918,-6.847964226803899,-9.50314692366124,194.6413176123517
WTI,20251,2025,1,128,1.7777777777777777,0.8243241434129761,7.116422900602426,-17.29732024763223,-7.938178707315035,243.12959168022928
WTI,20252,2025,2,132,2.0625,0.4972842326090568,-1.069546254772211,0.9283649799384045,-9.314048213721472,162.5794521789339
WTI,20261,2026,1,128,2.0,1.140399959301136,43.80615187580645,39.55020505261349,15.638648580358618,392.65154052968757
UKOIL,20111,2011,1,128,1.6,0.7156598711352944,10.877871217257706,6.909425282287295,13.49039146109679,201.47288348866675
UKOIL,20112,2011,2,111,1.6567164179104477,0.8039461631210524,-24.321855990347668,-22.443137872154434,-3.963230008852359,170.97355166149734
UKOIL,20121,2012,1,126,1.8805970149253732,0.9079102878516518,11.782956171612659,19.12329308101379,-7.2948691154888,144.49790555450778
UKOIL,20122,2012,2,111,2.1346153846153846,0.6340097706220623,-12.383648515570565,-8.65761851861785,11.642653700104248,153.62333897899885
UKOIL,20132,2013,2,130,1.7567567567567568,0.7155812728286318,-3.860048896125782,-6.065364331161342,6.473723544326171,108.23388659301582
UKOIL,20141,2014,1,127,1.7397260273972603,0.5976228381058661,0.5523936121938008,-5.350869781449765,1.026144770699476,81.68954252466102
UKOIL,20142,2014,2,131,1.8450704225352113,0.8952182307451053,47.28589310439914,44.20717468917226,-52.0588483786416,154.04333368405145
UKOIL,20151,2015,1,127,1.7162162162162162,0.7402904964335252,4.780763818272941,3.8091637231304385,8.294440638632233,263.0829015999189
UKOIL,20152,2015,2,131,2.1129032258064515,0.692655273882754,2.3646477671490995,21.384875554210186,-39.34821243627787,256.40146505420114
UKOIL,20161,2016,1,128,1.855072463768116,0.7354475797368895,-19.374160113621322,6.633790492780129,21.71151333350606,316.8308756600084
UKOIL,20162,2016,2,130,1.911764705882353,1.1218876685714494,6.604032868559419,-14.600465978134144,10.055211073280411,222.0885153772028
UKOIL,20171,2017,1,128,2.032258064516129,1.1173943979209722,-42.26581848873159,-16.846545722869642,-11.658405700069466,151.4132877461187
UKOIL,20172,2017,2,129,1.9104477611940298,0.4786811206925917,13.263264022993683,12.857094125564878,24.001235544291678,146.49856657710072
UKOIL,20181,2018,1,128,1.8823529411764706,0.9122542225950983,13.450513503167258,5.059641554529552,13.526055914918526,146.44696130560567
UKOIL,20182,2018,2,130,1.8571428571428572,0.9304030534188493,17.770519750159202,13.528510519082724,-29.75438450660789,212.3210858016938
UKOIL,20191,2019,1,127,1.8676470588235294,1.0402836822164097,2.472470211049685,-0.8403659209286647,14.155473999784755,171.082361187488
UKOIL,20192,2019,2,131,2.3214285714285716,0.54471390503429,-24.808509699653655,-18.250972302547023,1.8853660194786692,204.86856195453544
UKOIL,20201,2020,1,128,2.1166666666666667,1.4182523615845488,45.93373616677524,37.741133717120285,-35.949810324534766,609.0449148877075
UKOIL,20202,2020,2,131,1.8985507246376812,0.9227266690542666,20.700143798929425,-1.9825028899763788,16.488373024404705,194.74252152075584
UKOIL,20211,2021,1,127,2.0483870967741935,0.5436664695874128,10.975074324937992,17.88877349580495,28.856700408307944,203.18147224164787
UKOIL,20212,2021,2,132,2.0625,0.6877643661398914,5.986383392088119,-10.571875264068415,3.2410560641148187,216.20577387740883
UKOIL,20221,2022,1,128,1.7777777777777777,0.5923499280968793,17.636200984844475,23.714910166991338,26.446738037734352,327.12206331982486
UKOIL,20222,2022,2,130,2.0,0.5504173724395591,-23.380845956031465,-11.420541337738284,-18.425132925775035,265.79183744931544
UKOIL,20231,2023,1,128,1.8823529411764706,0.8640590128164429,-0.3373006857756655,-13.013084815592217,-10.51243683691997,214.82336010150837
UKOIL,20232,2023,2,129,2.1147540983606556,1.0480630385205194,3.864334188130414,0.8013852336971754,1.9624143910707812,173.69408131588847
UKOIL,20241,2024,1,128,1.8028169014084507,0.8030846820755309,-5.935635764589883,-6.079694495372995,7.546703395930872,129.98557645816544
UKOIL,20242,2024,2,131,1.955223880597015,0.48697829055454017,-14.267066758015538,-1.9776438532497356,-9.83554861436119,180.174408069595
UKOIL,20251,2025,1,127,1.7887323943661972,0.9846670670736409,-2.6044628813384967,-16.534068471542966,-8.991899519430044,220.62032834518502
UKOIL,20252,2025,2,131,1.9848484848484849,0.5141178465995957,-3.2548474239969356,2.091055934292233,-6.847576871832668,148.98379635479793
UKOIL,20261,2026,1,127,1.8955223880597014,1.24567758183578,40.740103173430974,33.0036786382679,14.69673624864219,352.8916675402582
US500,20121,2012,1,118,2.1454545454545455,0.3156049094752523,-2.4911885623259105,-4.899887158976869,16.107762931018435,154.4642324934689
US500,20122,2012,2,130,2.280701754385965,0.7072950296168525,-1.4345707218432302,1.1867638338009525,3.533452139839307,74.26893726702005
US500,20131,2013,1,126,1.96875,0.5266835824054996,1.84585312012833,4.940686826486106,9.299381665109522,74.87914608096146
US500,20132,2013,2,130,2.1311475409836067,1.170462183987081,0.05889412226688714,0.07344716716885802,10.931142218062568,60.48522490547411
US500,20141,2014,1,127,2.0483870967741935,0.7830048547426702,-3.37250561050956,-5.179867786139136,4.710146866489671,65.90608122044416
US500,20142,2014,2,131,1.8714285714285714,1.259383370743917,-1.413619839853683,-4.96894421139637,4.222549437776004,73.09585368017656
US500,20151,2015,1,128,1.6842105263157894,0.39342310218890025,-15.32741815089077,-3.5176877628924577,-0.4875881125793101,78.8816889809473
US500,20152,2015,2,131,1.9264705882352942,0.7767324827568932,-4.16052497234535,-4.663813666233282,-0.12559074768807965,114.49147295806554
US500,20161,2016,1,128,1.8285714285714285,0.6355360265085327,0.6955796031305312,-3.4866368881208447,1.5706162045424719,101.74656611825326
US500,20162,2016,2,130,1.6666666666666667,0.7738168413839268,0.13427558946303905,-0.668100794670927,4.999712532092707,56.13999453277871
US500,20171,2017,1,128,1.8028169014084507,0.6235170437968636,4.1082798888182905,4.203754276794353,6.120418307863943,42.685150824079024
US500,20172,2017,2,129,2.0806451612903225,0.6085641470234272,4.725036912701237,5.013745536908414,7.699214039275162,39.26377481075483
US500,20181,2018,1,128,1.9692307692307693,0.8346174852829762,-9.579603231210497,-8.213142135002338,1.2813389047768464,103.80914186446208
US500,20182,2018,2,131,2.2982456140350878,0.9920387956936927,5.062689005049899,6.807717141044372,-6.212202596577435,107.01626601534294
US500,20191,2019,1,128,1.9104477611940298,0.7468947286990375,7.4871102410384225,-3.4877662166708028,12.699112429253605,78.65545669933339
US500,20192,2019,2,132,1.9701492537313432,0.5786379248197319,5.2837441570234756,4.797421150007984,6.936228744401594,90.38574181762714
US500,20201,2020,1,129,1.6753246753246753,0.9588346864939473,11.999756695900794,5.836842164348247,-3.458941789747692,263.10401783666504
US500,20202,2020,2,131,2.0793650793650795,0.8479096814759021,0.22128648750529425,5.9914823020358146,14.823776791154508,104.62221902189812
US500,20211,2021,1,128,2.064516129032258,0.44189667907193575,-11.024812315421539,4.508122655349205,10.665364616200927,91.50209128827748
US500,20212,2021,2,131,1.9848484848484849,0.6652088854599176,-2.951066944873892,3.9004331482086463,7.8876131228338275,75.81116310574346
US500,20221,2022,1,128,2.0,0.9555964644427781,-0.9444787324037582,-2.9195404753965777,-18.060443089140897,150.44718873940786
US500,20222,2022,2,131,2.0793650793650795,0.8227597502111473,8.839175954792477,-10.392634172402625,1.1559925712724348,145.52758685202085
US500,20231,2023,1,130,1.8840579710144927,0.7038160653488867,1.3244065995181271,2.417690238172925,11.135815468437167,82.76618768449846
US500,20232,2023,2,130,2.03125,1.5357401766679006,7.313025703479707,2.4635588740446233,5.3970112073332,72.34773251764236
US500,20241,2024,1,129,2.015625,0.7583477371301784,7.512785531713148,7.025332130413395,10.666891455164798,65.84007897731685
US500,20242,2024,2,132,1.9701492537313432,0.9089894665927211,-2.4090627919190872,-3.6867637996975993,5.567180157299614,86.29501298481472
US500,20251,2025,1,128,1.7534246575342465,0.6528918564881335,12.822749018547007,2.3615928288732957,4.046537993830806,157.53028559710444
US500,20252,2025,2,132,2.0,0.4358428450279645,-4.386225992279168,2.6730471384587413,7.545517088807149,69.58609034239598
US500,20261,2026,1,128,1.9692307692307693,0.9462683858528098,-1.084019308855086,-0.6856828034490761,6.936128033062345,90.29884684850093
USTECH,20121,2012,1,113,1.9152542372881356,0.4365880835688277,10.983575118738706,0.06929978378929628,16.473349759852965,151.19090519339636
USTECH,20122,2012,2,125,2.272727272727273,0.8408915641824132,-0.8224923243267774,1.2830992720729302,1.3709033217765916,92.42003876946
USTECH,20131,2013,1,120,1.8461538461538463,0.545806017712037,-13.540993804475425,-4.5649760242625215,7.333994285047646,83.92444094766458
USTECH,20132,2013,2,127,2.015873015873016,0.7447409596388208,7.004982411900202,10.346472385035296,16.654293824173802,69.53636071888467
USTECH,20141,2014,1,126,1.96875,0.7083594756362567,-0.7403123325965135,0.4062801232177879,5.6388654603976525,89.38647849872409
USTECH,20142,2014,2,131,1.9848484848484849,1.2174569146749774,-0.9556223730248521,-3.2291630407240395,7.860955530350425,82.97126307728992
USTECH,20151,2015,1,127,2.0483870967741935,0.5181516709634874,-3.4575216360600938,-3.29720277060384,2.240605867054135,88.93690411270268
USTECH,20152,2015,2,131,2.183333333333333,0.868559023484715,-6.763933110295615,-11.000207293383294,4.010576249071276,130.3585507543363
USTECH,20161,2016,1,128,1.7297297297297298,0.7653764286405143,2.230157970772484,-3.7723038776852893,-3.7145617903402397,125.1513911278089
USTECH,20162,2016,2,130,1.8571428571428572,0.6453823318129305,-5.842020341312274,-5.4619223103484975,7.4210259393092715,70.78919893440897
USTECH,20171,2017,1,128,2.0,0.6511286475722002,13.401877967706502,12.11872156350387,11.633245579016855,61.84609925040152
USTECH,20172,2017,2,129,1.9846153846153847,0.6941160970810173,-3.454988645893638,3.558175174572994,9.673796044286497,66.42965358306617
USTECH,20181,2018,1,128,1.9692307692307693,0.8324123986917702,-3.2294528853664852,-3.6442080439936655,7.621251278561024,130.37971498886
USTECH,20182,2018,2,131,2.0793650793650795,0.7011236617085662,-2.4761952334113175,10.117131709656395,-8.146923645781484,148.94138077470222
USTECH,20191,2019,1,128,1.855072463768116,0.7629901698995541,3.054972836361098,-2.364729062649519,15.186967671619728,106.72255478593276
USTECH,20192,2019,2,132,1.9130434782608696,0.5596933610658048,7.078697739019032,4.914600045612979,9.649507881279717,109.93246259511946
USTECH,20201,2020,1,129,1.6753246753246753,0.7884752199147009,22.123926162991573,7.402955167385247,11.483010729346924,261.5860712119648
USTECH,20202,2020,2,131,2.0153846153846153,0.667992165418642,12.982509235013316,11.185436665797061,18.275837708115553,153.33353774335242
USTECH,20211,2021,1,128,1.855072463768116,0.6706273662913429,-0.47222329904740024,-6.1771470379120865,9.5960672757148,138.1630565624079
USTECH,20212,2021,2,131,2.2982456140350878,0.7463274491078082,-6.214363290566403,-1.758862741873585,8.778261666084907,96.70789437905042
USTECH,20221,2022,1,128,1.8285714285714285,0.8181311649365429,0.673815184977709,3.3461651256436564,-27.358743360304583,207.13363229853178
USTECH,20222,2022,2,131,2.0793650793650795,0.7656217575797966,-3.4871396863403845,-7.37027477763354,-3.7787421245746144,185.88354665466358
USTECH,20231,2023,1,130,2.0,0.7280256292802159,8.231863326507636,12.424335079505191,24.971661627772782,112.46631919457568
USTECH,20232,2023,2,130,2.03125,1.2535426816543294,-5.220975811389225,2.8440149405780097,8.003577477131065,100.97451402098247
USTECH,20241,2024,1,129,2.015625,0.6967327987074344,4.591292567732285,3.6375505020767576,12.282747836276021,95.68333675930582
USTECH,20242,2024,2,132,1.9411764705882353,0.9175670911232758,-3.4853113104478086,-4.964681798968684,4.916099268692195,125.4770092045257
USTECH,20251,2025,1,128,1.855072463768116,0.6943095867536115,11.990228666953968,3.0892205328444255,5.841054033809065,191.87018557104062
USTECH,20252,2025,2,132,2.0307692307692307,0.5171564215859862,-6.953336167144759,7.250519737337385,8.175319628488593,99.0931244354516
USTECH,20261,2026,1,128,2.098360655737705,0.8526577835513571,-11.483090079989758,1.2531381094902643,14.13645671695845,136.38889187217137
BTCUSD,20172,2017,2,152,2.303030303030303,1.0499102589608387,74.17797371536581,93.44764933197398,114.72995284920147,580.4148166780886
BTCUSD,20181,2018,1,154,1.925,1.0201768250312249,37.18757183742879,-33.70085875355183,-58.162419191277536,518.2034053112146
BTCUSD,20182,2018,2,158,2.0128205128205128,1.3627618955464071,-39.970029884083814,-4.945870564542324,-30.434361985376263,385.0295314740785
BTCUSD,20191,2019,1,155,1.9871794871794872,0.9502215751487307,57.688574576356274,70.9249066962731,70.05672883162178,401.37487667466087
BTCUSD,20192,2019,2,158,1.9506172839506173,0.706825547630599,-52.62935507686768,-14.825361475991398,-25.947830907718018,400.14100551461945
BTCUSD,20201,2020,1,156,1.6956521739130435,0.7613040334347337,24.282279633945702,-32.67036599544023,15.761984733074822,570.2154448328436
BTCUSD,20202,2020,2,178,1.8736842105263158,0.9478662200647793,54.619124114640094,48.73627083973411,65.17541269383047,289.20236910556457
BTCUSD,20211,2021,1,181,1.7075471698113207,0.901964172950226,17.92881459564019,16.007397129867982,10.470832060331341,494.26454711818286
BTCUSD,20212,2021,2,184,1.8775510204081634,0.9876662571197669,12.226268531452275,9.668667350740126,16.497049859077134,343.6004799000641
BTCUSD,20221,2022,1,181,1.9673913043478262,1.0999423626439482,-4.180550268274036,19.639730058730144,-47.9275092488027,374.80441054675913
BTCUSD,20222,2022,2,184,1.8585858585858586,0.6671023718658217,-14.377835617638322,-30.715488434947755,-10.1394218049716,298.0215340187087
BTCUSD,20231,2023,1,181,1.81,1.3695423567600244,4.717221928587547,-7.772183951887998,33.671868111072015,255.30209259496132
BTCUSD,20232,2023,2,184,1.8585858585858586,1.1069385640377583,31.10780041479058,22.672445499813964,18.131551645266658,199.05777253963993
BTCUSD,20241,2024,1,182,1.8383838383838385,0.8845395004190648,0.8352348788219645,10.80321906804352,21.424548668439552,286.14857060773426
BTCUSD,20242,2024,2,184,1.8969072164948453,1.0103523117623325,-0.28488190776808586,-2.635391272238755,22.913786415131135,269.4352427857062
BTCUSD,20251,2025,1,181,1.946236559139785,0.5765025997859686,-3.6239103588194594,4.962395464980622,6.321279500969116,245.918359691808
BTCUSD,20252,2025,2,184,1.9574468085106382,1.042386773577683,-4.867157719614757,-4.299154960410392,-10.448612860204987,189.64856998103951
BTCUSD,20261,2026,1,181,2.3205128205128207,0.958236914214571,10.038046585817998,8.29916664888679,-22.808772412838852,258.73749514293985
